eval_id,category,tag,judge,question,gold,hypothesis,error,seconds
q001,IE,ok,True,Can you remind me of the name of the romantic Italian restaurant in Rome you recommended for dinner?,Roscioli,"Based on the history chats, the user asked for a romantic dinner recommendation among Italian restaurants in Rome, and the assistant recommended **Roscioli**.",,
q002,IE,ok,True,What play did I attend at the local community theater?,The Glass Menagerie,"Based on the history chat, you mentioned attending a production of **The Glass Menagerie** at the local community theater.",,
q003,IE,ok,True,What book am I currently reading?,The Seven Husbands of Evelyn Hugo,"Based on the history chat from 2023-05-23, the user explicitly stated: ""I'm currently devouring 'The Seven Husbands of Evelyn Hugo' and it's hard to put down!"" This is a direct, current statement about what they are reading.

There is no later statement in the provided history that contradicts or updates this. The user mentions having already read ""The Last House Guest"" for their book club, but that is a past read, not the current one.

Therefore, the book the user is currently reading is **""The Seven Husbands of Evelyn Hugo""**.",,
q004,IE,ok,True,What is my ethnicity?,A mix of Irish and Italian,"Based on the provided history chats, the user's ethnicity is **mixed Irish and Italian**.

**Step 1: Extract Relevant Information**

- In Session 1 (2023-05-30), the user states: ""it's interesting to consider how my mixed ethnicity - Irish and Italian - has shaped my upbringing."" (Evidence ID: `ev_fact:fact_80b2316a-278c-441d-b92b-e47ca1967c3e`)
- In Session 2 (2023-05-23), the user states: ""I'm a 32-year-old Asian American male working as a Senior Data Analyst."" (Evidence ID: `ev_fact:fact_88bf313f-3cbf-40b5-af2a-8e043294f0bd`)

**Step 2: Reason Over the Information**

There is a conflict between the two statements. The user claims to be of ""mixed Irish and Italian"" ethnicity in a session dated 2023-05-30, and ""Asian American"" in a session dated 2023-05-23.

Per the protocol, when there is a conflict regarding the same user attribute, the **newest direct user statement** should be preferred. The statement about being of mixed Irish and Italian ethnicity (2023-05-30) is more recent than the statement about being Asian American (2023-05-23). Therefore, the most current and authoritative information indicates the user's ethnicity is mixed Irish and Italian.",,
q005,IE,ok,True,I'm checking our previous chat about the shift rotation sheet for GM social media agents. Can you remind me what was the rotation for Admon on a Sunday?,Admon was assigned to the 8 am - 4 pm (Day Shift) on Sundays.,"Based on the chat history from Session 1 on 2023-05-24, the shift rotation sheet for GM social media agents was created. According to the assistant's response in that session, on Sunday, Admon was assigned the **Day Shift from 8 am to 4 pm**.",,
q006,IE,ok,True,I was going through our previous chat. Can you remind me of the name of the last venue you recommended in the list of popular venues in Portland for indie music shows?,Revolution Hall,"Based on the history chats, the assistant recommended a list of popular Portland venues for indie music shows in Session 1 and Session 2. The list was:

1. Mississippi Studios
2. Doug Fir Lounge
3. Wonder Ballroom
4. Crystal Ballroom
5. Holocene
6. Aladdin Theater
7. The Old Church
8. The Liquor Store
9. Alberta Street Pub
10. Revolution Hall

The last venue in that list is **Revolution Hall**.",,
q007,IE,ok,True,How much is the painting of a sunset worth in terms of the amount I paid for it?,The painting is worth triple what I paid for it.,"Based on the provided history chats, I can extract the following relevant information:

**Step 1: Extract relevant information**

- In Session 1 (dated 2023-05-30), the user states they found a piece of art at a flea market (evidence: `fact_c562a4bd-eb29-4269-8908-9ad4c735dac3`).
- In the same session, the user states: ""I was thinking about my flea market find, and I realized that it's actually worth triple what I paid for it"" (evidence: `fact_840a588f-3f0b-4094-b371-fb668515a67d`).
- The question refers to ""the painting of a sunset."" The planner's supported claims note: ""The user's flea market find artwork, which is the painting of a sunset, is worth triple the amount paid for it."" This links the flea market find to the painting of a sunset.
- However, the user never states the original purchase price of the painting of a sunset in any of the provided sessions.

**Step 2: Reason over the information**

The user's flea market find (the painting of a sunset) is worth triple the amount paid for it. However, the original purchase price is never mentioned in any of the provided chat histories. The user only states that it is worth triple what they paid, but the base amount is unknown.

Since the original purchase price is not provided in the evidence, I cannot calculate the exact current value. The only thing I can confirm is that the painting is worth 3 times its original purchase price, but without knowing that original price, the specific dollar amount cannot be determined.

**Answer:**

The painting of a sunset is worth triple the amount you paid for it. However, since you never mentioned the original purchase price in our conversations, I cannot determine the exact dollar value. If you let me know what you originally paid for it, I can calculate the current worth for you.",,
q008,IE,ok,True,How much screen time have I been averaging on Instagram per day?,2 hours,"Based on the history chats, the user stated in Session 1 (dated 2023-05-27):

""I've been averaging around 2 hours of screen time on Instagram per day for the past two weeks, which is way too much.""

This is the most direct and recent user statement about their average Instagram screen time. There is no newer statement that contradicts or updates this figure.

**Answer:** You have been averaging about **2 hours** of Instagram screen time per day over the past two weeks.",,
q009,IE,ok,True,What type of rice is my favorite?,Japanese short-grain rice,"Based on the history chats provided, I can extract the following relevant information:

**Step 1: Extract relevant information**

- In Session 1 (2023-05-27), the user stated: ""I was thinking of making some Japanese-style dishes with my favorite Japanese short-grain rice."" This is an explicit, direct statement from the user identifying their favorite type of rice.
- The evidence metadata for this statement confirms: `label=user likes Japanese short-grain rice; source_type=explicit_text`.

**Step 2: Reason over the information**

- The user directly and explicitly stated their favorite rice is Japanese short-grain rice. This is a clear, unambiguous statement of preference made by the user themselves.
- No other sessions contain any contradictory or alternative information about the user's rice preference.
- The statement is not hypothetical, negated, or a future plan — it is a present-tense statement of fact about their preference.

**Answer:** Your favorite type of rice is Japanese short-grain rice.",,
q010,IE,ok,True,I was going through our previous conversation and I was wondering if you could remind me of the two companies you mentioned that prioritize employee safety and well-being like Triumvirate?,Patagonia and Southwest Airlines.,"Based on the history chat in Session 1 (dated 2023-05-26), when you asked for examples of other companies that prioritize employee safety and well-being like Triumvirate, the assistant mentioned two companies:

1. **Patagonia** – noted for its commitment to environmental conservation and employee well-being, offering flexible work arrangements, generous parental leave, and investments in employee education and wellness.
2. **Southwest Airlines** – which emphasizes employee well-being through top-tier training, generous benefits, and a positive work environment, and has been recognized as a great place to work.

These are the two companies you were asking about.",,
q011,IE,ok,True,Can you recommend some resources where I can learn more about video editing?,"The user would prefer responses that suggest resources specifically tailored to Adobe Premiere Pro, especially those that delve into its advanced settings. They might not prefer general video editing resources or resources related to other video editing software.","Based on the history, I know you enjoy using **Adobe Premiere Pro** for video editing and have been diving deep into its advanced features, particularly the **Lumetri Color Panel** for color grading. You've already explored the Color Match feature, the Creative panel, the Curves panel, and the Color Wheels.

Here are some resources I can recommend based on what you've been learning:

1.  **Adobe's Official Documentation and Tutorials**: Since you're already using Premiere Pro, Adobe's own help pages and tutorials are the most direct resource for advanced settings, including the Lumetri Color Panel. They cover everything from the Color Match feature to the Toe and Shoulder controls in the Curves panel.

2.  **YouTube Channels**: Channels like **Premiere Bro**, **Video Copilot**, and **Adobe Creative Cloud** were mentioned in our earlier chat as great resources for learning advanced Premiere Pro techniques. These channels often have in-depth tutorials on color grading and using the Lumetri Color Panel.

3.  **Online Courses**: Platforms like **Udemy**, **LinkedIn Learning**, and **Skillshare** offer structured courses on Premiere Pro. Since you're still getting the hang of color grading, a course focused specifically on the Lumetri Color Panel could be very helpful.

4.  **Community Forums**: **Reddit's r/premierepro** and **Adobe's Premiere Pro forum** are good places to ask specific questions and see how other editors solve problems, especially when you're working on nuanced color grades.

Since you've mentioned you prefer the Lumetri Color Panel over the Legacy tools for now, focusing on resources that specialize in Lumetri will help you build on what you already know.",,
q012,IE,ok,True,I'm trying to decide whether to buy a NAS device now or wait. What do you think?,"The user would prefer responses that take into account their current home network storage capacity issues and recent reliance on external hard drives, highlighting the potential benefits of a NAS device in addressing these specific needs. They might not prefer responses that ignore their current storage challenges or fail to consider their recent tech upgrades and priorities. Preferred responses would utilize the user's previous mentions of storage capacity issues and tech investments to inform their decision.","Based on the history chats, I can extract the following relevant information about you:

- **You are a beginner** considering a NAS device for your home network's storage capacity issues (Session 1).
- **You want to use the NAS as a central backup location** for all your devices, including your laptop and phone (Session 1).
- **You are concerned about data security** and want strong security features such as encryption and access control (Session 1).
- **You are currently backing up files to an external hard drive** but find a NAS would be more convenient and provide more storage (Session 1).
- The assistant previously provided you with recommendations for beginner-friendly NAS devices, including 2-bay and 4-bay options from brands like Synology, QNAP, and Western Digital, and explained the differences between bay configurations (Session 1).

Now, reasoning over this information:

You have expressed a clear need for a NAS device that is easy to use (as a beginner), provides central backup for multiple devices, and includes strong security features. The assistant has already given you specific models that meet these criteria (e.g., Synology DiskStation DS218j, QNAP TS-231P, Western Digital My Cloud EX2 Ultra for 2-bay; Synology DiskStation DS418j, QNAP TS-453D for 4-bay with more advanced features). There is no evidence in the history that suggests you should wait — no mention of upcoming price drops, new models, or any reason to delay. Your need is current and practical, and the recommended devices are available now.

Therefore, my recommendation is: **You should buy a NAS device now.** Based on your stated needs — central backup for laptop and phone, strong security, and beginner-friendliness — a 2-bay model like the Synology DiskStation DS218j or QNAP TS-231P would be a good starting point. If you anticipate needing more storage or want better data redundancy (e.g., RAID 5), a 4-bay model like the Synology DiskStation DS418j would be worth the higher investment. There is no reason to wait based on the information available.",,
q013,IE,ok,True,I'm going back to our previous conversation about the children's book on dinosaurs. Can you remind me what color was the scaly body of the Plesiosaur in the image?,The Plesiosaur had a blue scaly body.,"Based on the history chats, I can extract the following relevant information:

**Session 4 and Session 15** (both from 2023-05-23) contain the children's book about dinosaurs written by the assistant. In the book, the description of the Plesiosaur image states:

> ""::Plesiosaur Image:: == A Plesiosaur is shown swimming in the ocean, with its long neck and flippers in motion. The Plesiosaur has a **blue scaly body**, and its eyes are fixed on something in the distance.""

**Answer:** The scaly body of the Plesiosaur in the image was **blue**.",,
q014,IE,ok,True,"I'm going back to our previous conversation about traditional Indian embroidery and tailoring techniques. Can you remind me of the name of that online store based in India that sells traditional Indian fabrics, threads, and embellishments?",Nostalgia,"Based on the history chats, the online store based in India that sells traditional Indian fabrics, threads, and embellishments is **Nostalgia**.",,
q015,IE,ok,True,I’m a bit anxious about getting around Tokyo. Do you have any helpful tips?,"The user would prefer responses that utilize their existing resources, such as their Suica card and TripIt app, to provide personalized tips for navigating Tokyo's public transportation. They might not prefer general tips or recommendations that do not take into account their prior preparations.","Based on the history chats, I can help you with tips for getting around Tokyo. Here's what I know about your situation and some helpful advice:

**Relevant Information:**
- You are staying at the Park Hyatt Tokyo in Shinjuku, Tokyo.
- You have a Suica card for transportation.
- You plan to take the train from Narita Airport to Shinjuku Station.
- You want to visit Tokyo Tower.
- You are heading to Tokyo soon.

**Tips for Getting Around Tokyo:**

1. **Use Your Suica Card:** Your Suica card is a prepaid IC card that works on most public transportation in Tokyo, including trains, subways, and buses. You can tap in and out at stations, and the fare is automatically deducted. This is the most convenient way to pay for transit.

2. **From Narita Airport to Shinjuku:** You have several train options:
   - **JR Narita Express (N'EX):** Direct train to Shinjuku, about 60-70 minutes, costing approximately ¥3,200-3,500.
   - **Keisei Skyliner + JR Yamanote Line:** Transfer at Ueno Station, about 50-60 minutes, costing approximately ¥2,500-3,000.
   - **Keisei Limited Express + JR Yamanote Line:** More budget-friendly, about 70-80 minutes, costing approximately ¥2,000-2,500.

3. **Getting Around Shinjuku:** Since you're staying at the Park Hyatt Tokyo, many attractions and shopping areas are within walking distance or a short train ride. Popular spots like Shinjuku Isetan, Lumine, and Odakyu are just a 5-minute walk away.

4. **Visiting Tokyo Tower:** You can use your Suica card to take the train there. The tower is best visited early in the morning or later in the evening to avoid crowds. Consider buying tickets online in advance.

5. **General Tips:**
   - Use transit apps like Google Maps to plan routes and check schedules.
   - Wear comfortable shoes, as you'll likely do a lot of walking.
   - Keep your Suica card accessible and be mindful of it in crowded areas.
   - Check train schedules in advance, especially for longer trips.

You're well-prepared with your Suica card and staying in a central location, so getting around should be quite manageable. Enjoy your trip!",,
q016,IE,ok,True,What time do I stop checking work emails and messages?,7 pm,"Based on the relevant chat history, the user stops checking work emails and messages by **7 pm (19:00)** to separate work and personal life.",,
q017,IE,MISS,False,Can you recommend some recent publications or conferences that I might find interesting?,"The user would prefer suggestions related to recent research papers, articles, or conferences that focus on artificial intelligence in healthcare, particularly those that involve deep learning for medical image analysis. They would not be interested in general AI topics or those unrelated to healthcare.","Based on the history chats, I can see that you are interested in publishing papers in peer-reviewed AI conferences such as NeurIPS, CVPR, ICML, ICLR, and ICCV. You also developed an autonomous agent named Rover for a recent project, and your research interests focus on multi-agent and multi-modal reinforcement learning, particularly for applications in environmental sustainability.

Given your specific interests, here are some recommendations for recent publications and conferences you might find interesting:

**Conferences to target:**
- **NeurIPS** (Neural Information Processing Systems) — a top venue for reinforcement learning, multi-agent systems, and multimodal learning
- **ICML** (International Conference on Machine Learning) — strong in RL theory and applications
- **ICLR** (International Conference on Learning Representations) — emphasizes deep learning and representation learning, relevant to multimodal approaches
- **CVPR** and **ICCV** — relevant if your autonomous agents involve computer vision components (e.g., drones monitoring ecosystems)

**Recent publication areas to look into:**
- Papers on **multi-agent reinforcement learning (MARL)** for coordination of autonomous systems — directly relevant to your Rover project and your interest in creating autonomous agents for environmental monitoring
- Papers on **multimodal RL** that combine vision, language, and sensor data — useful for agents that need to interpret diverse environmental signals
- Papers on **RL for sustainability** — e.g., using reinforcement learning for resource optimization, pollution monitoring, or ecosystem management, which aligns with your stated goal of using AI to address environmental challenges

Since you mentioned following the research of Dr. Stefano V Aldrich at the University of Edinburgh, I would also recommend checking recent publications from his group and related labs working on robotics and autonomous systems, as those would be most aligned with your PhD aspirations.

For the most current and relevant papers, I'd suggest searching these conferences' proceedings from the last 1–2 years (2022–2023) using keywords like ""multi-agent reinforcement learning,"" ""multimodal reinforcement learning,"" ""autonomous agents,"" and ""environmental monitoring.""",,
q018,IE,ok,True,Where did I redeem a $5 coupon on coffee creamer?,Target,"Based on the history chat from Session 1 on 2023-05-29, you mentioned:

""I actually redeemed a $5 coupon on coffee creamer last Sunday, which was a nice surprise since I didn't know I had it in my email inbox.""

The assistant's response in that same session referenced Target multiple times, including the Cartwheel app and Target sending exclusive coupons to email subscribers. The planner's supported claims also confirm the redemption occurred at Target.

**Answer:** You redeemed the $5 coupon on coffee creamer at **Target**.",,
q019,IE,ok,True,"I was going through our previous conversation about making a classic French omelette, and I wanted to confirm - how many eggs did you say we need for the recipe?",2-3 eggs,"Based on our previous conversation about making a classic French omelette, the recipe calls for **2-3 eggs**.",,
q020,IE,ok,True,How many largemouth bass did I catch on my fishing trip to Lake Michigan?,12,"Based on the history chats, the user stated in Session 1:

> ""Also, I caught 12 largemouth bass on my last trip there...""

This is a direct, explicit statement from the user about their fishing trip to Lake Michigan.

**Answer: 12 largemouth bass**",,
q021,TR,ok,True,How long did I use my new binoculars before I saw the American goldfinches returning to the area?,Two weeks,"Based on the history chats, I can extract the following relevant information:

1. **When you got your new binoculars**: In Session 1, you stated, ""I remember that I got them exactly three weeks ago."" Since the current date is 2023-05-20, three weeks before that would be **2023-04-29**.

2. **When you saw the American goldfinches returning**: In Session 2, you mentioned, ""I did manage to sneak in some birding time a week ago when I took a walk around my neighborhood after dinner. I saw a few common birds like robins and sparrows, but nothing too exciting. Except, I did notice that the American goldfinches seem to be returning to the area."" Since the session date is 2023-05-20, one week before that would be **2023-05-13**.

Now, to calculate how long you used your new binoculars before seeing the American goldfinches:

- Date you got new binoculars: 2023-04-29
- Date you saw the American goldfinches: 2023-05-13

The difference between these two dates is **14 days**, which is exactly **2 weeks**.

**Answer**: You used your new binoculars for **2 weeks** before you saw the American goldfinches returning to the area.",,
q022,TR,ok,True,"Which event happened first, my attendance at a cultural festival or the start of my Spanish classes?",Spanish classes,"Based on the provided history:

1.  **Relevant Information Extraction:**
    *   From Session 1 (dated 2023-05-27): The user states, ""I attended a cultural festival in my hometown yesterday..."" The metadata confirms this event occurred on **2023-05-26**.
    *   From Session 2 (dated 2023-05-27): The user states, ""I've been taking Spanish classes for the past three months..."" The metadata confirms this statement was made on 2023-05-27. Therefore, the start date of the Spanish classes is approximately three months prior, which is around **2023-02-27**.

2.  **Reasoning and Comparison:**
    *   The cultural festival occurred on 2023-05-26.
    *   The Spanish classes started around 2023-02-27.
    *   Comparing the two dates, 2023-02-27 is earlier than 2023-05-26.

**Final Answer:** The start of your Spanish classes happened first.",,
q023,TR,ok,True,"Which project did I start first, the Ferrari model or the Japanese Zero fighter plane model?",Japanese Zero fighter plane model,"Based on the provided history, I can determine which project was started first.

**Step 1: Extract relevant information**

- **Japanese Zero fighter plane:** In Session 1 (dated 2023-05-29), the user states they started building the 1/48 scale Japanese Zero fighter plane ""about a month ago."" The evidence metadata for this statement specifies the date as **2023-04-29**.
- **Ferrari 288 GTO model:** In Session 2 (dated 2023-05-29), the user states they started the Ferrari 288 GTO model ""about three weeks ago on a Sunday afternoon."" The evidence metadata for this statement specifies the date as **2023-05-08** (three weeks before 2023-05-29).

**Step 2: Compare the start dates**

- Japanese Zero fighter plane: Started on or around **2023-04-29**.
- Ferrari 288 GTO model: Started on or around **2023-05-08**.

**Step 3: Determine which came first**

Since April 29, 2023, is earlier than May 8, 2023, the **Japanese Zero fighter plane model** was started first.

**Answer:** You started the **Japanese Zero fighter plane model** first, on or around April 29, 2023.",,
q024,TR,MISS,False,What was the airline that I flied with on Valentine's day?,American Airlines,"Based on the history chats, on Valentine's Day (2023-02-14), you booked two flights:

1. **JetBlue** flight B6 1018 from Boston (BOS) to Fort Lauderdale (FLL), departing at 7:00 AM and arriving at 10:35 AM.
2. **Delta** return flight DL 1242 (FLL to ATL) + DL 2166 (ATL to BOS), departing at 5:30 PM and arriving at 9:35 PM.

Therefore, the airlines you flew with on Valentine's Day were **JetBlue** (for the outbound leg) and **Delta** (for the return leg).",,
q025,TR,ok,True,How many days passed between my visit to the Museum of Modern Art (MoMA) and the 'Ancient Civilizations' exhibit at the Metropolitan Museum of Art?,7 days. 8 days (including the last day) is also acceptable.,"The user visited the Museum of Modern Art (MoMA) on **2023-01-08** (Session 1, Session 4) and attended the 'Ancient Civilizations' exhibit at the Metropolitan Museum of Art on **2023-01-15** (Session 2).

The number of days between January 8 and January 15 is **7 days**.",,
q026,TR,ok,True,"Who graduated first, second and third among Emma, Rachel and Alex?","Emma graduated first, followed by Rachel and then Alex.","Based on the provided history chats, here is the step-by-step reasoning to determine the graduation order:

**1. Extract relevant information:**
- **Emma**: ""Emma graduated high school yesterday"" with a date of **2022-05-27** (Session 1).
- **Rachel**: ""I just got back from my friend Rachel's master's degree graduation ceremony yesterday"" with a date of **2022-06-21** (Session 3).
- **Alex**: ""Alex graduated with a degree in engineering from college about two weeks ago"" in a session dated **2022-07-15**, meaning Alex graduated around **2022-07-01** (Session 2).

**2. Order the dates chronologically:**
- First: Emma (2022-05-27)
- Second: Rachel (2022-06-21)
- Third: Alex (approximately 2022-07-01)

**Answer:** Emma graduated first, Rachel graduated second, and Alex graduated third.",,
q027,TR,ok,True,How many days passed between the day I cancelled my FarmFresh subscription and the day I did my online grocery shopping from Instacart?,54 days. 55 days (including the last day) is also acceptable.,"Based on the provided history chats, here is the step-by-step reasoning:

1.  **Extract the date of the FarmFresh subscription cancellation:**
    *   In Session 1 (dated 2023-01-05), the user states: ""I'm glad I cancelled my monthly grocery delivery subscription from FarmFresh... and saved $100 per month.""
    *   Therefore, the cancellation date is **2023-01-05**.

2.  **Extract the date of the Instacart online grocery order:**
    *   In Session 2 (dated 2023-02-28), the user states: ""I just did an online grocery order from Instacart and had it delivered to my doorstep, and spent around $60 today.""
    *   Therefore, the Instacart order date is **2023-02-28**.

3.  **Calculate the number of days between the two dates:**
    *   The derived evidence in Session 3 explicitly confirms this calculation: ""Verified date calculation: 2023-02-28 - 2023-01-05 = 54 days (≈ 1.77 months, ≈ 0.15 years); 2023-02-28 is after 2023-01-05.""

**Final Answer:**
54 days passed between the day you cancelled your FarmFresh subscription (2023-01-05) and the day you placed your Instacart grocery order (2023-02-28).",,
q028,TR,ok,True,What is the order of airlines I flew with from earliest to latest before today?,"JetBlue, Delta, United, American Airlines","Based on the provided history chats, I can extract the following flights the user actually took (not planned or booked for the future):

1.  **JetBlue**: Red-eye flight from San Francisco to Boston on **2022-11-17** (Session 5).
2.  **Delta**: Round-trip flight from Boston to Atlanta on **2023-01-15** (Session 2).
3.  **United Airlines**: Flight from Boston to Chicago on **2023-01-28** (Session 4).
4.  **American Airlines**: Flight from New York to Los Angeles on **2023-02-10** (Session 1).
5.  **American Airlines**: Flight from LAX to JFK on **2023-02-14** (Session 3).

Note: The JetBlue flight from BOS to FLL and the Delta return flight from FLL to BOS were booked on 2023-02-14 but are future travel plans, not flights already taken.

**Order from earliest to latest:**
1. JetBlue
2. Delta
3. United Airlines
4. American Airlines
5. American Airlines",,
q029,TR,ok,True,How many days had passed between the 'Walk for Hunger' event and the 'Coastal Cleanup' event?,14 days. 8 days (including the last day) is also acceptable.,"**Step 1: Extract relevant information**

- The user participated in the ""Walk for Hunger"" 5K walk on **February 21st, 2023** (evidence: ev_fact:fact_0ecefe18-644c-4643-ae71-4cfd4a1a8ab8).
- The user volunteered at the ""Coastal Cleanup"" event on **March 7th, 2023** (evidence: ev_fact:fact_c9281719-a992-4ee2-90a6-f56530bc1162).

**Step 2: Calculate the number of days between the two dates**

- From February 21st to March 7th:
  - February has 28 days in 2023 (not a leap year).
  - Days remaining in February after the 21st: 28 - 21 = 7 days (Feb 22 through Feb 28).
  - Days in March up to the 7th: 7 days (Mar 1 through Mar 7).
  - Total: 7 + 7 = **14 days**.

**Answer:** 14 days had passed between the ""Walk for Hunger"" event (February 21st) and the ""Coastal Cleanup"" event (March 7th).",,
q030,TR,ok,True,How many days ago did I participate in the 5K charity run?,7 days ago. 8 days (including the last day) is also acceptable.,"The user completed a 5K charity run on **2023-03-19**. The current date is **2023-03-26**. The difference between these two dates is **7 days**. Therefore, the user participated in the 5K charity run **7 days ago**.",,
q031,TR,ok,True,"Which event did I participate in first, the volleyball league or the charity 5K run to raise money for a local children's hospital?",volleyball league,"Based on the history chats, I can determine the order of these two events:

**Relevant Information:**

1. **Volleyball league:** The user stated they joined a recreational volleyball league with friends from work ""about 2 months"" before 2023-03-24 (the date mentioned in the evidence metadata). This means they started playing volleyball around **2023-01-24**.

2. **Charity 5K run:** The user stated they completed a charity 5K run for a local children's hospital ""about a month ago"" from the session date of 2023-05-24. This means the run took place around **2023-04-24**.

**Reasoning:**

- The volleyball league participation began around January 24, 2023.
- The charity 5K run was completed around April 24, 2023.

Since January comes before April, the user participated in the **volleyball league first**, and the charity 5K run came later.

**Answer:** You participated in the volleyball league first, starting around late January 2023, and then completed the charity 5K run about a month before May 24, 2023 (around late April 2023).",,
q032,TR,ok,True,"Which task did I complete first, fixing the fence or trimming the goats' hooves?",Fixing the fence,"Based on the provided history chats, I can determine the order of these two tasks.

**Step 1: Extract relevant information**

- **Fence fixing:** In Session 1, the user states, ""I just fixed that broken fence on the east side of my property three weeks ago."" The session date is 2023-05-25, so three weeks prior would be approximately **2023-05-04**.
- **Hoof trimming:** In Session 2, the user states, ""I've been doing a great job of keeping up with the goat's hoove trimming, I did it two weeks ago."" The session date is also 2023-05-25, so two weeks prior would be approximately **2023-05-11**.

**Step 2: Reason over the information**

Comparing the two dates:
- Fence fixing: ~2023-05-04
- Hoof trimming: ~2023-05-11

Since May 4th is earlier than May 11th, the fence was fixed first.

**Answer:** You fixed the fence first, approximately three weeks ago (around May 4th), and trimmed the goats' hooves two weeks ago (around May 11th).",,
q033,TR,ok,True,How many weeks passed between the time I sold homemade baked goods at the Farmers' Market for the last time and the time I participated in the Spring Fling Market?,3 weeks,"Based on the provided history chats, I can extract the following relevant information:

**Step 1: Extract relevant information**

- **Farmers' Market sale**: The user sold homemade baked goods (muffins, scones, cookies) at the Farmers' Market on **2023-02-26** (Session 1, evidence_id=ev_fact:fact_5c179c02-f694-403c-82e5-40047720f013).
- **Spring Fling Market participation**: The user participated in the Spring Fling Market at the downtown park on **2023-03-20**, selling handmade jewelry and candles (Session 2, evidence_id=ev_fact:fact_890f4b13-5080-43a8-8266-e8cb05eff056).

**Step 2: Calculate the time difference**

- Start date: 2023-02-26
- End date: 2023-03-20

To find the number of weeks between these two dates:

- From 2023-02-26 to 2023-03-20 is 22 days.
- 22 days ÷ 7 days/week = 3.14 weeks.

Since the question asks ""how many weeks passed,"" and the standard interpretation for a count of full weeks is to use the floor of the division (3 weeks), but the more natural interpretation for ""weeks passed between"" is often the rounded or exact number of weeks. Given the dates are exactly 22 days apart, this is not an exact multiple of 7.

However, the question asks for a count of weeks. The most reasonable answer is **3 weeks** (floor of 22/7), as 3 full weeks have passed, with a remainder of 1 day.

**Final Answer:**
3 weeks passed between the time the user sold homemade baked goods at the Farmers' Market (2023-02-26) and the time they participated in the Spring Fling Market (2023-03-20).",,
q034,TR,ok,True,What is the order of the six museums I visited from earliest to latest?,"Science Museum, Museum of Contemporary Art, Metropolitan Museum of Art, Museum of History, Modern Art Museum, Natural History Museum","Based on the provided history chats, here is the step-by-step reasoning to determine the order of the six museums visited:

**Step 1: Extract all relevant information (museum visits with dates)**

- **Science Museum** ('Space Exploration' exhibition): Visited on **2023-01-15** (Session 1, evidence_id=ev_fact:fact_5ca41529-de8e-4ad1-9e80-4ba3bb60c69f).
- **Museum of Contemporary Art** (lecture series on feminist art): Attended on **2023-01-15** (Session 1, evidence_id=ev_fact:fact_d1756854-b637-4da3-a520-4272cc36593b). *Note: This is the same date as the Science Museum visit.*
- **Metropolitan Museum of Art** ('Ancient Egyptian Artifacts' exhibition): Visited on **2023-02-10** (Session 2, evidence_id=ev_fact:fact_4a12570c-4548-45ac-b277-e7de56144775).
- **Contemporary Art Museum** ('Women in Art' exhibition): Attended on **2023-02-15** (Session 3, evidence_id=ev_fact:fact_95c91832-0b45-4111-bf77-7e69c1cc4886).
- **Modern Art Museum** ('The Evolution of Abstract Expressionism' guided tour): Attended on **2023-02-20** (Session 4, evidence_id=ev_fact:fact_32220b55-b1fd-4204-a455-37a2fe82e4d1).
- **Natural History Museum** ('Dinosaur Fossils' exhibition): Visited on **2023-03-04** (Session 5, evidence_id=ev_fact:fact_d5242bfe-200a-4340-90bd-03fa9f22b416).

**Step 2: Sort the visits chronologically (earliest to latest)**

1. 2023-01-15: Science Museum
2. 2023-01-15: Museum of Contemporary Art
3. 2023-02-10: Metropolitan Museum of Art
4. 2023-02-15: Contemporary Art Museum
5. 2023-02-20: Modern Art Museum
6. 2023-03-04: Natural History Museum

**Step 3: Final Answer**

The order of the six museums visited from earliest to latest is:

1. **Science Museum** (2023-01-15)
2. **Museum of Contemporary Art** (2023-01-15)
3. **Metropolitan Museum of Art** (2023-02-10)
4. **Contemporary Art Museum** (2023-02-15)
5. **Modern Art Museum** (2023-02-20)
6. **Natural History Museum** (2023-03-04)",,
q035,TR,ok,True,Which streaming service did I start using most recently?,Disney+,"Based on the provided history chats, I need to determine which streaming service the user started using most recently.

**Step 1: Extract relevant information**

- **Apple TV+**: The user stated in Session 1 (2023-05-26) that they have ""been using Apple TV+ for a few months now."" This means they started using it roughly around February or March 2023.
- **Netflix, Hulu, and Amazon Prime**: In Session 2 (2023-05-26), the user said they have ""been using Netflix, Hulu, and Amazon Prime for the past 6 months."" This means they started using these services around November 2022.
- **Disney+**: In Session 3 (2023-05-26), the user mentioned they ""started a free trial of Disney+ last month."" Since the current date is 2023-05-26, ""last month"" refers to April 2023.

**Step 2: Compare the start dates**

- Netflix, Hulu, Amazon Prime: ~November 2022
- Apple TV+: ~February/March 2023
- Disney+: ~April 2023

**Step 3: Determine the most recent**

The most recent start date is Disney+, which the user began using in April 2023.

**Answer:** Disney+",,
q036,TR,ok,True,How long had I been taking guitar lessons when I bought the new guitar amp?,Four weeks,"Based on the provided history chats, I can extract the following relevant information:

- **Evidence 1**: On 2023/05/25, the user stated they have been taking weekly guitar lessons with instructor Alex for six weeks as of that date.
- **Evidence 2**: On 2023/05/25, the user stated they bought a new guitar amp two weeks ago (as of that date).

Now, let's reason step by step:

1. As of 2023/05/25, the user has been taking guitar lessons for **6 weeks**.
2. As of 2023/05/25, the user bought the new amp **2 weeks ago**.
3. Therefore, the amp was purchased on approximately **2023/05/11** (2 weeks before 2023/05/25).
4. At that time (2023/05/11), the user had been taking guitar lessons for **6 weeks - 2 weeks = 4 weeks**.

**Answer**: You had been taking guitar lessons for **4 weeks** when you bought the new guitar amp.",,
q037,TR,ok,True,How many weeks ago did I start using the cashback app 'Ibotta'?,3 weeks ago,"Based on the provided history, the user stated they ""just downloaded Ibotta"" during a session that took place on **2023-04-16**.

The current date is **2023/05/06**.

To calculate the number of weeks:
- From April 16, 2023, to May 6, 2023, is 20 days.
- 20 days / 7 days per week = 2.86 weeks.

Therefore, the user started using Ibotta approximately **3 weeks ago**.",,
q038,TR,ok,True,What was the date on which I attended the first BBQ event in June?,June 3rd,"Based on the history chats, the user attended a backyard BBQ party at a colleague's house on **June 3, 2023**. This is the first BBQ event mentioned in June.",,
q039,TR,MISS,False,I mentioned visiting a museum two months ago. Did I visit with a friend or not?,"No, you did not visit with a friend.","Based on the provided history chats, I need to determine if the user visited a museum with a friend two months ago from the current date of 2023/03/11.

**Step 1: Extract relevant information**

The question asks about a museum visit ""two months ago"" from 2023/03/11. Two months before this date would be around 2023-01-11.

Looking through the history chats for museum visits around that time:

- **Session 3 (2023-01-11):** The user mentions attending a lecture at the History Museum about ancient civilizations ""this month"" (January 2023). The evidence metadata states: ""User attended a lecture at the History Museum about ancient civilizations this month; date=2023-01-01"". This falls within the two-month window (2022-12-27 to 2023-01-24). However, there is no mention of a friend accompanying the user to this lecture.

- **Session 1 (2022-12-16):** The user mentions attending the ""Art in Bloom"" exhibition about three weeks prior (around 2022-11-25) and a lecture on Impressionism at the university's art museum. These are outside the two-month window.

- **Session 2 (2023-02-18):** The user mentions attending a guided tour at the Natural History Museum with their dad on 2023-02-17. This is outside the two-month window (it's about 1 month ago, not 2).

- **Session 4 (2022-10-22):** The user mentions a behind-the-scenes tour of the Science Museum with a friend who is a chemistry professor. This is outside the two-month window.

**Step 2: Reason over the information**

The only museum visit that falls within the two-month window (2022-12-27 to 2023-01-24) is the lecture at the History Museum about ancient civilizations, which occurred around 2023-01-01. However, the evidence for this event does not mention whether the user attended with a friend or alone.

The visit to the Science Museum with a friend (chemistry professor) occurred in October 2022, which is more than two months before the current date. The visit to the Natural History Museum with the user's dad occurred on 2023-02-17, which is less than two months before the current date.

**Conclusion:**

Based on the available evidence, the museum visit that occurred two months ago (the History Museum lecture) does not have any information about whether the user was accompanied by a friend. The only museum visit mentioned with a friend was the Science Museum tour, but that was approximately 4-5 months before the current date, not two months.

Therefore, the information is missing regarding whether the user visited a museum with a friend two months ago. The evidence does not confirm or deny the presence of a friend at that specific visit.",,
q040,TR,ok,True,How many days passed between the day I replaced my spark plugs and the day I participated in the Turbocharged Tuesdays auto racking event?,29 days. 30 days (including the last day) is also acceptable.,"Based on the provided history chats:

1.  **Relevant Information Extraction:**
    *   The user replaced their spark plugs with new NGK spark plugs on **2023-02-14** (Session 1, first user message).
    *   The user participated in the Turbocharged Tuesdays auto racing event at Speed Demon Racing Track on **2023-03-15** (Session 2, first user message).

2.  **Reasoning:**
    *   Calculate the number of days between 2023-02-14 and 2023-03-15.
    *   February 2023 has 28 days. From Feb 14 to Feb 28 is 14 days.
    *   From March 1 to March 15 is 15 days.
    *   Total days = 14 + 15 = 29 days.

**Final Answer:**
29 days passed between the day you replaced your spark plugs and the day you participated in the Turbocharged Tuesdays auto racing event.",,
q041,MR,ok,True,How much faster did I finish the 5K run compared to my previous year's time?,10 minutes,"Based on the provided history chats, I can extract the following relevant information:

1.  **Previous year's 5K time:** In Session 1, the user stated, ""I've done a 5K run last year, but it took me 45 minutes to complete."" (Evidence: `fact_60b4ecf8-67c4-432c-85c7-dd848ff4d5d2`)
2.  **Recent 5K time:** In Session 2, the user stated, ""I just got back into running and recently finished a 5K in 35 minutes."" (Evidence: `fact_32413dc5-5613-45b9-914c-bd3d532fb3c1`)

**Reasoning:**
To find out how much faster the user finished the recent 5K compared to the previous year, I subtract the recent time from the previous year's time:
45 minutes (previous year) - 35 minutes (recent) = 10 minutes.

**Answer:**
You finished the 5K run **10 minutes** faster than your previous year's time.",,
q042,MR,ok,True,How many dinner parties have I attended in the past month?,three,"Based on the provided history, I can identify the following dinner parties you attended in the past month (April 30 – May 30, 2023):

1. **Italian feast at Sarah's place** – attended on **2023-05-15** (Session 2).
2. **Low-key potluck at Alex's place** – attended on **2023-05-20** (Session 3).
3. **BBQ potluck at Mike's place** – attended on **2023-05-21** (Session 3).

**Note:** The birthday party for David (2023-05-08) is excluded because the question specifically asks about ""dinner parties,"" and the planner explicitly excludes birthday parties from the count.

**Answer: 3**",,
q043,MR,ok,True,How old was I when Alex was born?,11,"Based on the provided history chats, I can extract the following relevant information:

1.  **User's age:** In Session 4 (dated 2023-05-24), the user states, ""I just turned 32 last month"" (referring to April 2023). This means the user was born in April 1991.
2.  **Alex's age:** In Session 1 (dated 2023-05-21), the user mentions that Alex is 21 years old.

**Reasoning:**
- The user was born in April 1991.
- Alex is 21 years old as of May 2023. This means Alex was born in approximately 2001 or 2002.
- To find the user's age when Alex was born, we subtract Alex's birth year from the user's birth year: 2001 - 1991 = 10, or 2002 - 1991 = 11.

Therefore, the user was approximately **10 or 11 years old** when Alex was born.",,
q044,MR,ok,True,How much money did I raise for charity in total?,"$3,750","Based on the provided history chats, I can extract the following charity fundraising amounts:

1. **$1,000** – Raised for the local children's hospital at a charity bake sale (Session 1, mentioned twice).
2. **$2,000** – Raised for a local animal shelter on January 20th (Session 2, mentioned twice).
3. **$500** – Raised for the American Cancer Society in February 2023 (Session 3).
4. **$250** – Raised for a local food bank at the ""Run for Hunger"" charity event on March 12th (Session 4).

Additionally, there is a mention in Session 6 of organizing a music benefit concert that raised **over $5,000** for a local music education program. However, this is described as ""over $5,000"" without an exact figure, so I will not include it in the exact total.

Now, summing the exact amounts:

- $1,000 (children's hospital)
- $2,000 (animal shelter)
- $500 (American Cancer Society)
- $250 (food bank)

**Total = $1,000 + $2,000 + $500 + $250 = $3,750**

**Answer: You raised a total of $3,750 for charity.**",,
q045,MR,ok,True,How many days did I spend on camping trips in the United States this year?,8 days.,"Based on the provided history chats, I can identify the following camping trips taken by the user in the United States this year (2023):

1.  **Big Sur, California:** A 3-day solo camping trip in early April 2023. (Session 1)
2.  **Yellowstone National Park:** A 5-day camping trip completed in March 2023. (Session 2)

The user also mentioned a 7-day family road trip in Utah in February 2023, but explicitly stated they did **not** camp during that trip. Therefore, those days should not be counted.

**Calculation:**
3 days (Big Sur) + 5 days (Yellowstone) = 8 days

**Answer:** You spent **8 days** on camping trips in the United States this year.",,
q046,MR,ok,True,How much discount will I get on my next purchase at FreshMart?,$5,"Based on the provided chat history, here is the step-by-step reasoning to answer the question:

**1. Extract relevant information:**
- In Session 1 (2023-05-27), the user states: ""I have some points there and every 100 points translate to a $1 discount on my next purchase.""
- In Session 1, the user also states: ""500 points gets me a $5 discount on my next purchase.""
- In Session 2 (2023-05-24), the user states: ""I just reached 500 points, the minimum points required for a discount at FreshMart.""

**2. Reason over the information:**
- The user has explicitly stated they have 500 points at FreshMart.
- The user has explicitly stated the conversion rate: every 100 points = $1 discount.
- 500 points ÷ 100 points per dollar = $5 discount.
- This is consistent with the user's own statement that ""500 points gets me a $5 discount.""

**3. Final answer:**
You will get a **$5 discount** on your next purchase at FreshMart.",,
q047,MR,ok,True,What is the total amount of money I earned from selling my products at the markets?,$495,"Based on the provided history chats, I can extract the following relevant information about money earned from selling products at markets:

1. **Homemade and Handmade Market (May 29, 2023)**: User sold 15 jars of homemade jam, earning **$225**.
2. **Farmers' market (May 15, 2023)**: User sold 12 bunches of fresh organic herbs, earning **$120**.
3. **Summer Solstice Market (June 1, 2023)**: User sold 20 potted herb plants at $7.50 each, earning **$150** (20 × $7.50 = $150).

Now, summing these amounts:
- $225 + $120 + $150 = **$495**

**Answer:** The total amount of money earned from selling products at the markets is **$495**.",,
q048,MR,ok,True,How many rare items do I have in total?,99,"Based on the provided history chats, I can extract the following information about the user's rare item collections:

1.  **Rare figurines:** 12 (Session 1, explicit statement)
2.  **Rare coins:** 25 (Session 2, user correction)
3.  **Rare records:** 57 (Session 1 and Session 3, explicit statements)
4.  **Rare books:** 5 (Session 4, explicit statement)

Adding these together: 12 + 25 + 57 + 5 = 99.

The user also mentions a ""grandmother's antique vase"" and a ""1967 Sgt. Pepper's Lonely Hearts Club Band album,"" but no quantities are provided for these items, and the album appears to have been sold. Therefore, they cannot be included in the total count.

**Final Answer:** 99",,
q049,MR,ok,True,What is the difference in price between my luxury boots and the similar pair found at the budget store?,$750,"**Step 1: Extract relevant information**

From the history chats, I can extract the following relevant facts:

1. **Price of luxury boots**: The user purchased luxury black ankle boots with a heel for **$800**. This is confirmed in Session 1 with two pieces of evidence:
   - ""I recently splurged on a pair of boots for $800"" (fact_325eef3a-da01-4524-b5d9-7f782ae37285)
   - ""They're a pair of black ankle boots with a heel from a luxury brand... I know I paid $800 for them"" (fact_043844c1-6653-4e22-983b-ab0f67715d76)

2. **Price of similar boots at a budget store**: The planner's supported claims state that ""Similar boots can be found at a budget store for $50"" (evidence: ev_fact:fact_855f64fb-e7f8-4c21-b44e-f1542030db9e). This is consistent with the user's stated budget range of $50-$100 in Session 1, and the assistant's suggestions included options in that range (e.g., Amazon's Ollio Ankle Boot at $40-$50, H&M's Ankle Boot at $40-$50).

**Step 2: Calculate the difference**

- Luxury boots: $800
- Budget store similar boots: $50
- Difference: $800 - $50 = **$750**

**Answer:**

The difference in price between your luxury boots ($800) and the similar pair found at the budget store ($50) is **$750**.",,
q050,MR,ok,True,"For my daily commute, how much more expensive was the taxi ride compared to the train fare?",$6,"The taxi ride cost $12, and the daily train fare is $6.  

The taxi ride was **$6 more expensive** than the train fare ($12 − $6 = $6).",,
q051,MR,ok,True,How many movie festivals that I attended?,I attended four movie festivals.,"Based on the history chats, I can identify the following movie festivals you attended:

1. **AFI Fest** in LA – You attended a screening of ""Joker"" with a Q&A session with Todd Phillips and Joaquin Phoenix.
2. **Austin Film Festival** – You participated in the 48-hour film challenge.
3. **Portland Film Festival** – You volunteered and assisted with a masterclass led by Rachel Morrison.
4. **Seattle International Film Festival** – You attended a screening of ""The Weight of Water"" and discussed it with the director at a Q&A session.

**Answer: 4 movie festivals.**",,
q052,MR,ok,True,"How many total pieces of writing have I completed since I started writing again three weeks ago, including short stories, poems, and pieces for the writing challenge?",23,"Based on the provided history, I can extract the following relevant information:

1.  **Poems:** On 2023-05-21, you stated you had written **17 poems** in the past two weeks.
2.  **Short Stories:** On 2023-05-28, you stated you had written **five short stories** so far.
3.  **Writing Challenge Pieces:** On 2023-05-30, you mentioned writing a piece titled ""The Smell of Old Books"" for the ""forgotten memories"" prompt. This is **1 piece** for the writing challenge.

**Reasoning:**
The question asks for the total number of pieces completed since you started writing again three weeks ago (around 2023-05-09). All the mentioned pieces fall within this timeframe (poems from the past two weeks, short stories as of 05-28, and the challenge piece from 05-22). Adding these together: 17 (poems) + 5 (short stories) + 1 (writing challenge piece) = 23.

**Answer:**
You have completed **23** total pieces of writing since you started writing again three weeks ago.",,
q053,MR,MISS,False,How many points do I need to earn to redeem a free skincare product at Sephora?,100,"200

(protocol_v1.3 gated_slot_hard_bind: answer fixed to question slot = 200)",,
q054,MR,ok,True,How much did I spend on car wash and parking ticket?,$65,"Based on the history chats, I can extract the following relevant information:

**Car wash:**
- Car wash on February 3rd cost $15 (stated in Session 1, multiple times)

**Parking ticket:**
- Parking ticket on January 5th near work cost $50 (stated in Session 2)

**Calculation:**
- Car wash: $15
- Parking ticket: $50
- Total: $15 + $50 = **$65**

You spent **$65** total on the car wash and parking ticket.",,
q055,MR,MISS,False,"Did I receive a higher percentage discount on my first order from HelloFresh, compared to my first UberEats order?",Yes.,"Based on the provided history, I can extract the following relevant information:

1.  **HelloFresh Discount:** In Session 1 (2023-05-23), you stated: ""I recently tried HelloFresh and got a 40% discount on my first order."" This confirms you received a **40% discount** on your first HelloFresh order.

2.  **UberEats Discount:** In Session 2 (2023-05-28), you stated: ""last week I got 20% off my UberEats order."" This confirms you received a **20% discount** on an UberEats order. However, the evidence does not specify whether this was your *first* UberEats order; it only mentions it was an order from last week.

**Reasoning:**
- Your HelloFresh discount was explicitly for your **first order** (40%).
- Your UberEats discount was for an order last week (20%), but it is not stated to be your first order.

Since the question asks for a comparison of discounts on your **first orders**, and the evidence only confirms the discount on your first HelloFresh order (40%) but does not confirm the discount on your first UberEats order, I cannot definitively compare the two.

**Answer:**
Based on the available information, I can confirm you received a 40% discount on your first HelloFresh order. However, the 20% discount you mentioned for UberEats was not specified as being on your first order, so I cannot confirm whether it was your first-order discount. Therefore, I cannot definitively answer whether your HelloFresh first-order discount was higher than your UberEats first-order discount, as the UberEats first-order discount is not confirmed in the provided history.",,
q056,MR,ok,True,What is the total amount I spent on luxury items in the past few months?,"$2,500","Based on the provided history chats, I can identify three specific luxury item purchases made by the user:

1.  **Luxury evening gown for a wedding:** $800 (mentioned on 2023-05-24)
2.  **Leather boots from a high-end Italian designer:** $500 (mentioned on 2023-05-28)
3.  **Gucci handbag:** $1,200 (mentioned on 2023-05-25)

**Step-by-step calculation:**

- $800 (evening gown) + $500 (leather boots) + $1,200 (Gucci handbag) = **$2,500**

The total amount spent on luxury items in the past few months is **$2,500**.",,
q057,MR,ok,True,What is the total number of episodes I've listened to from 'How I Built This' and 'My Favorite Murder'?,27,"Based on the history chats, I can extract the following relevant information:

1. **How I Built This**: The user stated, ""I've finished around 15 episodes so far"" (Session 1, 2023-05-29). This is an explicit statement about the number of episodes listened to.

2. **My Favorite Murder**: The user stated, ""I just finished episode 12 of the 'My Favorite Murder' podcast"" (Session 2, 2023-05-26). This indicates the user has finished 12 episodes.

Now, adding these together:
- How I Built This: 15 episodes
- My Favorite Murder: 12 episodes

Total = 15 + 12 = 27 episodes

**Answer: 27 episodes**",,
q058,MR,ok,True,How much more money did I raise than my initial goal in the charity cycling event?,$50,"Based on the provided history chats, I can extract the following relevant information:

1. **Amount raised**: In Session 1 (2023-05-28), you stated: ""I recently participated in a charity cycling event and raised $250 in donations."" This is confirmed by the assistant's response: ""Congratulations on your charity cycling event and raising $250 in donations!""

2. **Initial goal**: In Session 2 (2023-05-20), you stated: ""I recently participated in a charity cycling event where I initially aimed to raise $200 in donations for the local children's hospital.""

**Calculation**:
- Amount raised: $250
- Initial goal: $200
- Difference: $250 - $200 = **$50**

**Answer**: You raised **$50 more** than your initial goal of $200 in the charity cycling event.",,
q059,MR,ok,True,What is the total number of views on my most popular videos on YouTube and TikTok?,"1,998","Based on the provided history chats, I can extract the following relevant information:

1.  **YouTube Video Views:** In Session 1, the user states, ""I've noticed that my tutorial on social media analytics on YouTube has been doing well, with 542 views."" Additionally, in the same session, the user refers to this video as ""my most popular video.""
2.  **TikTok Video Views:** In Session 2, the user states, ""my video of Luna chasing a laser pointer has been doing really well - it has 1,456 views."" The assistant also refers to this as the user's ""popular TikTok video.""

**Reasoning:**
The question asks for the total number of views on the user's most popular videos on YouTube and TikTok. The evidence identifies the most popular YouTube video as the social media analytics tutorial with 542 views, and the most popular TikTok video as the one of Luna chasing a laser pointer with 1,456 views. Adding these together gives a total of 542 + 1,456 = 1,998 views.

**Answer:**
The total number of views on your most popular videos is 1,998 (542 views on YouTube + 1,456 views on TikTok).",,
q060,MR,ok,True,How many fun runs did I miss in March due to work commitments?,2,"Based on the provided history chats, I can identify the following relevant information:

**Step 1: Extract relevant information**

- From Session 1: The user states, ""I was able to attend most of the weekly 5K fun runs at the local park, except for the run on March 5th when I had to miss due to work commitments."" This confirms the user missed the March 5th fun run due to work.
- From Session 2: The user states, ""I've been pretty busy with work lately and missed a few events, including a 5K fun run on March 26th."" This confirms the user missed the March 26th fun run, though it does not explicitly state the reason was work commitments. However, the context of being ""busy with work"" strongly implies it.

**Step 2: Reason over the information**

The question asks: ""How many fun runs did I miss in March due to work commitments?""

- The user explicitly missed the March 5th run due to work commitments.
- The user missed the March 26th run while being ""pretty busy with work lately,"" which implies work was the reason.

There are no other mentions of missed fun runs in March in the provided evidence.

**Step 3: Determine the count**

The user missed two fun runs in March, both attributable to work-related reasons.

**Answer:** 2",,
q061,KU,ok,True,Where am I planning to stay for my birthday trip to Hawaii?,Oahu,"Based on the history chats, I can extract the following relevant information:

1. In Session 1 (2023-05-25), the user initially asked about snorkeling spots in Hawaii, then corrected: ""I'm actually planning to stay on Oahu, so the Hanauma Bay Nature Preserve and Shark's Cove sound perfect for me."" (evidence_id=ev_fact:fact_33bbc022-90c7-4b4a-96f4-32bcf05c3907)

2. The user also mentioned in Session 1: ""I'm also planning to do some hiking on the island"" and later asked for a beach recommendation on Oahu, confirming the trip is to Oahu.

3. The user's birthday trip is planned for October, as stated in Session 1: ""I'm planning a birthday trip to Hawaii in October.""

The user is planning to stay on **Oahu** for their birthday trip to Hawaii.",,
q062,KU,ok,True,Do I have a spare screwdriver for opening up my laptop?,Yes,"Based on the chat history, here is the step-by-step reasoning:

**Step 1: Extract relevant information**

- On 2023-08-11, the user said they misplaced the small screwdriver used for laptop RAM upgrade and planned to pick one up.
- On 2023-08-15, the user said: ""I actually have a spare screwdriver that I picked up when I organized my computer desk a while back, so I'm all set there.""

**Step 2: Reason over the information**

- The user's statement on 2023-08-15 is the most recent and direct statement about having a screwdriver.
- The user explicitly confirms they have a spare screwdriver suitable for laptop maintenance, which was obtained during desk organization.
- This spare screwdriver is distinct from the one they misplaced earlier, and the user indicates they are ""all set"" for opening the laptop.

**Answer:** Yes, you have a spare screwdriver for opening up your laptop. You mentioned on August 15 that you picked one up when you organized your computer desk, so you're all set for tasks like cleaning the fans or upgrading the RAM.",,
q063,KU,ok,True,Did I finish reading 'The Nightingale' by Kristin Hannah?,Yes,"Based on the history chats, I can extract the following relevant information:

1. **Session 1 (2023-03-30)**: The user explicitly stated they ""just finished reading 'The Seven Husbands of Evelyn Hugo'"" and also ""recently finished 'The Nightingale' by Kristin Hannah."" They described it as ""amazing"" and discussed their love for the sisterly bond between Vianne and Isabelle, calling it ""a truly unforgettable read.""

2. **Session 2 (2023-01-21)**: The user mentioned they had ""put down 'The Nightingale' temporarily because it was getting too emotional"" and asked if they could finish it in time for a book club discussion.

**Reasoning:**
- In January 2023, the user had temporarily paused reading *The Nightingale*.
- By March 30, 2023, the user explicitly stated they had ""finished reading"" the book and expressed strong positive feelings about it, including detailed reflections on its themes and characters.
- The current date is April 12, 2023, which is after the March 30 statement.

Since the user's most recent direct statement (March 30, 2023) confirms they finished the book, and there is no later evidence contradicting this, the answer is:

**Yes, you finished reading 'The Nightingale' by Kristin Hannah.**",,
q064,KU,ok,True,What brand of BBQ sauce am I currently obsessed with?,Kansas City Masterpiece,"Based on the history chats, the user stated on 2023-06-30 that they are ""currently obsessed with Kansas City Masterpiece BBQ sauce on my ribs"" and also mentioned that their ""favourite is Kansas City Masterpiece BBQ sauce.""

**Answer:** Kansas City Masterpiece BBQ sauce.",,
q065,KU,ok,True,What is my current highest score in Ticket to Ride?,132 points,"Based on the history chats, your current highest score in Ticket to Ride is **132 points**.

**Step-by-step reasoning:**

1. **Relevant information extracted:**
   - On 2023-05-23, you mentioned your highest score was **124 points**.
   - On 2023-05-25, you stated: ""I just got my highest score in Ticket to Ride - 132 points!""

2. **Reasoning:**
   - The 132-point score was stated as your ""highest score"" on a later date (2023-05-25) than the 124-point score (2023-05-23).
   - Since 132 is greater than 124 and was described as your new highest score, it supersedes the previous record.
   - The current date is 2023-06-10, and there is no evidence of any newer score after 132 points.

Therefore, your current highest score in Ticket to Ride is **132 points**.",,
q066,KU,ok,True,How many of Emma's recipes have I tried out?,3,"Based on the history chats, the user has tried out **3** of Emma's recipes.

**Step-by-step reasoning:**

1.  **Relevant information extraction:** In Session 1 (dated 2023-05-30), the user explicitly states: ""I've tried out 3 of Emma's recipes so far, and they're all amazing!"" This is a direct, explicit statement from the user.
2.  **Cross-referencing:** In Session 4 (dated 2023-05-29), the user mentions having tried ""two"" of Emma's recipes. However, the statement in Session 1 is more recent (2023-05-30) and provides a newer, updated count.
3.  **Conflict resolution:** Since the user's statement in Session 1 is the most recent direct statement on this topic, it takes precedence over the older statement in Session 4.
4.  **Conclusion:** The user has tried out 3 of Emma's recipes.",,
q067,KU,ok,True,What time do I wake up on Saturday mornings?,7:30 am,"Based on the provided history, the most recent and relevant information about your Saturday wake-up time comes from a conversation on 2023-05-27, where you stated you like to wake up at **7:30 am** on Saturdays.

While an earlier conversation from 2023-05-23 mentioned you had been waking up around 8:30 am, and you also mentioned waking up at 7:30 am on the previous Saturday and 9:30 am on the Saturday before that, the statement from 2023-05-27 is your most recent direct expression of your preferred Saturday wake-up time.

Therefore, you wake up at **7:30 am** on Saturday mornings.",,
q068,KU,ok,True,How long have my parents been staying with me in the US?,nine months,"Based on the history chats, your parents have been staying with you for **nine months** as of the most recent session on 2023-10-20.",,
q069,KU,ok,True,What time do I usually go to the gym?,6:00 pm,"Based on the history chats, I need to determine what time you usually go to the gym.

**Step 1: Extract relevant information**

There are two pieces of evidence about your gym time:

1.  **Evidence from Session 1 (2023-05-30):** You stated, ""I need to make sure I'm done with the meeting before I head to the gym, which is usually at 6:00 pm."" This is a direct statement from you on May 30, 2023.

2.  **Evidence from Session 4 (2023-02-11):** You stated, ""I'm leaning towards Todoist since I already use it for task management, but I want to make sure it can fit into my daily routine. Can you suggest the best way to set reminders for my gym sessions, which I usually go to at 7:00 pm on Mondays, Wednesdays, and Fridays?"" This is a direct statement from you on February 11, 2023.

**Step 2: Reason over the information**

The question asks for your ""usual"" gym time. There are two different times mentioned: 6:00 pm and 7:00 pm.

According to the protocol, ""For the same user attribute, prefer the newest direct user statement unless it is explicitly hypothetical, negated, or only a future plan.""

The statement from May 30, 2023 (6:00 pm) is more recent than the statement from February 11, 2023 (7:00 pm). Neither statement is hypothetical, negated, or a future plan; they are both descriptions of your usual routine. Therefore, the newest statement should be preferred.

**Answer:** You usually go to the gym at **6:00 pm**.",,
q070,KU,ok,True,How many issues of National Geographic have I finished reading?,Five,"Based on the history chats, here is the step-by-step reasoning:

**Step 1: Extract relevant information**
- In Session 1 (2023-04-20), the user stated: ""I just finished my third issue, and I'm currently on my fourth"" of National Geographic. This means 3 issues were finished as of that date.
- In Session 2 (2023-07-15), the user stated: ""I've finished five issues so far"" and ""I just finished my fifth issue"" of National Geographic. This is a newer statement (July 15) than the April statement.

**Step 2: Reason over the information**
- The question asks how many issues of National Geographic the user has finished reading.
- The most recent direct user statement about the count is from July 15, 2023, where the user explicitly says they have finished five issues.
- This newer statement supersedes the earlier April statement of three finished issues.

**Answer:** 5 issues.",,
q071,KU,ok,True,Where did I get my guitar serviced?,The music shop on Main St.,"Based on the history chats, I can extract the following relevant information:

1. **Session 1 (2023-05-29)**: The user stated, ""I remember the music shop on Main St where I got my guitar serviced"" — this confirms the user got their guitar serviced at a music shop on Main St.

2. **Session 2 (2023-05-20)**: The user mentioned, ""I actually remember my friend mentioning a music shop on Main St called 'Rhythm Central' that has a good reputation for guitar servicing. I think I'll give them a call and ask about their services and prices."" This indicates the music shop on Main St is named ""Rhythm Central.""

**Reasoning:**
- The user explicitly stated they got their guitar serviced at the music shop on Main St.
- The user identified that shop as ""Rhythm Central"" in a later session.
- There is no evidence of any other music shop on Main St where the user got their guitar serviced, and no conflicting information.

**Answer:** You got your guitar serviced at **Rhythm Central**, the music shop on Main St.",,
q072,KU,ok,True,How many times have I met up with Alex from Germany?,We've met up twice.,"Based on the history chats, you have met up with Alex from Germany **twice** already.

**Step-by-step reasoning:**

1. In Session 1 (dated 2023-09-30), you explicitly stated: ""we've met up twice already"" and later repeated, ""we've met up twice before.""
2. In Session 2 (dated 2023-08-11), you mentioned meeting Alex at a music festival and planning a future meetup, but that was the initial meeting, not an additional meetup.
3. There is no evidence in any session of a third or further meetup having occurred.

Therefore, the total number of times you have met up with Alex from Germany is **2**.",,
q073,KU,ok,True,Where did Rachel move to after her recent relocation?,the suburbs,"Based on the history chats, Rachel's location changed over time:

1. **First**, Rachel moved to a new apartment in **Chicago** (stated on 2023-05-24).
2. **Later**, Rachel moved back to **the suburbs** again (stated on 2023-05-27).

Since the question asks about her **recent relocation** (the most recent move), the answer is that Rachel moved to **the suburbs**.",,
q074,KU,ok,True,How many largemouth bass did I catch with Alex on the earlier fishing trip to Lake Michigan before the 7/22 trip?,7,"Based on the provided history chats, I can extract the following relevant information:

1.  **Session 1 (2023-08-11):** The user stated, ""I caught 7 largemouth bass on my trip to Lake Michigan with Alex on 7/10 - that was a great day!"" (evidence_id: ev_fact:fact_42b8ea82-4954-46c3-9917-67142f4e3052).
2.  **Session 2 (2023-11-30):** The user mentioned, ""we caught 9 largemouth bass that day"" referring to a trip with Alex on 7/22 at Waukegan harbor (evidence_id: ev_fact:fact_1e59f842-5dc1-40e2-85a0-90192802b1b6).

The question asks for the number of largemouth bass caught on the *earlier* trip before the 7/22 trip. The 7/10 trip is the earlier one, and the user explicitly stated they caught **7** largemouth bass on that trip.

**Answer:** 7",,
q075,KU,ok,True,How many sessions of the bereavement support group did I attend?,five,"Based on the history chats, there are two conflicting statements about the number of bereavement support group sessions attended:

1. **Session 1 (2023-10-30)**: ""I remember attending **five sessions** and finding it really helpful in processing my emotions."" (evidence_id=ev_fact:fact_794c002d-25d8-4739-a587-4df0e84db007)

2. **Session 2 (2023-05-11)**: ""I did attend **three sessions** of the bereavement support group, and it really helped me process my emotions."" (evidence_id=ev_fact:fact_d1a92535-da87-42f9-8079-447bf80a226d)

The statement about attending **five sessions** was made on 2023-10-30, which is more recent than the statement about attending **three sessions** made on 2023-05-11.

Per the instruction to ""prefer the newest direct user statement unless it is explicitly hypothetical, negated, or only a future plan,"" the newer statement (five sessions) should be preferred.

**Answer: You attended 5 sessions of the bereavement support group.**",,
q076,KU,ok,True,Where do I initially keep my old sneakers?,under my bed,"Based on the history chats, the user initially kept their old sneakers under the bed for storage. This is stated in Session 1, where the user mentions, ""I've been keeping them under my bed for storage, and they're starting to smell.""",,
q077,KU,ok,True,How often do I attend yoga classes to help with my anxiety?,Three times a week.,"Based on the provided history chats, you attend yoga classes **three times a week**.

**Step 1: Extract relevant information**

- In Session 1 (dated 2023-11-30), you stated: ""I've also got a meeting on Wednesday from 2-3pm. Oh, and I've noticed that I'm more focused on days when I attend yoga classes, which is **three times a week** - it really helps me clear my head.""
- In Session 2 (dated 2023-08-11), you mentioned: ""I've been doing yoga **twice a week**, which has really been helping me relax and focus.""

**Step 2: Reason over the information**

The two statements show a change in frequency over time. The earlier statement (August) says twice a week, while the more recent statement (November) says three times a week. Since the question asks about your current attendance and the most recent evidence (November 30, 2023) is the latest direct statement, the current frequency is **three times a week**.",,
q078,KU,ok,True,How many projects have I completed since starting painting classes?,5,"Based on the history chats, the user has completed **5** painting projects since starting painting classes.

**Step-by-step reasoning:**

1. **Relevant information extraction:**
   - In Session 1 (dated 2023-08-16), the user stated: ""I've completed 4 projects since starting painting classes"" (evidence: `fact_c2d1934f-1a87-4f26-8309-4aa191043ec9`).
   - In Session 2 (dated 2023-10-09), the user stated: ""I just finished my 5th project since starting painting classes"" (evidence: `fact_604ca2b0-6b8f-41ac-8982-da9cb9b425c2`).

2. **Reasoning:**
   - The question asks for the current number of completed projects.
   - The most recent direct user statement (Session 2, dated 2023-10-09) explicitly states the user finished their **5th** project.
   - This is a newer statement than the earlier one (August 2023) that mentioned 4 projects.
   - The current date is 2023-11-08, which is after the October 9 statement, and there is no evidence of any additional projects completed after that date.

3. **Conclusion:**
   - The user has completed **5** painting projects since starting painting classes.",,
q079,KU,ok,True,How many autographed baseballs have I added to my collection in the first three months of collection?,15,"Based on the provided history, I can extract the following relevant information:

1.  **On 2023-07-11**, the user stated: ""I just got a signed baseball of his last week and it's a great addition to my collection - that's 15 autographed baseballs since I started collecting three months ago!"" This tells us that the user started collecting three months before this date (around 2023-04-11) and had 15 baseballs as of that date.

2.  **On 2023-12-30**, the user stated: ""I've added 20 autographed baseballs to my collection in the past few months, which is crazy!""

The question asks how many autographed baseballs were added in the **first three months** of collection. The first three months of collection would be from approximately 2023-04-11 to 2023-07-11.

The statement from 2023-07-11 explicitly says that the user had **15 autographed baseballs** in their collection at that time, which marks the end of the first three months of collecting. The statement from 2023-12-30 refers to additions made in the months *after* that initial period.

Therefore, the number of autographed baseballs added in the first three months of collection is **15**.",,
q080,KU,ok,True,What day of the week do I take a cocktail-making class?,Friday,"Based on the history chats, there is conflicting information about the day of the week for the user's cocktail-making class.

**Relevant information extracted:**

1. **Session 1 (2023-06-30):** The user states, ""I have a cocktail-making class on Fridays"" (evidence_id=ev_fact:fact_9196c3be-0a8c-4760-b9f4-ba48388fe945) and later repeats, ""I have a cocktail-making class on Friday"" (evidence_id=ev_fact:fact_897ca341-222d-4bee-9aed-173aa692e4c1).

2. **Session 2 (2023-06-16):** The user states, ""I have a cocktail-making class on Thursday"" (evidence_id=ev_fact:fact_cdfeaf32-6fd1-4762-b0fb-4a73974ff787).

**Reasoning:**

- The two statements are contradictory: one says Friday, the other says Thursday.
- The Friday statement is from a more recent session (2023-06-30) compared to the Thursday statement (2023-06-16).
- Per the protocol, ""For the same user attribute, prefer the newest direct user statement unless it is explicitly hypothetical, negated, or only a future plan."" The Friday statement is the newest and is not hypothetical or negated.
- Therefore, the most reliable and current information indicates the class is on **Friday**.

**Answer:** You take your cocktail-making class on **Fridays**.",,
q081,ABS,MISS,False,How much will I save by taking the bus from the airport to my hotel instead of a taxi?,The information provided is not enough. You did not mention how much will the bus take.,"Based on the provided history, I can extract the following relevant information:

**Taxi cost:**
- The user was told that taking a taxi from the airport to their hotel would cost around **$60** (Session 2, user statement).

**Bus cost:**
- The assistant stated that the Airport Limousine Bus from Narita Airport to Shinjuku costs **¥3,200 (around $29 USD)** one way (Session 1, assistant message).
- In a separate session, the assistant estimated the Airport Limousine Bus fare at around **$10-$20** (Session 2, assistant message).

**Conflict resolution:**
The two bus fare estimates differ. The specific route mentioned in Session 1 (Narita Airport to Shinjuku) is ¥3,200, which is approximately **$29**. The $10-$20 estimate in Session 2 was a general range for various routes and destinations, not specific to Shinjuku. Therefore, the more accurate figure for this specific trip is **$29**.

**Calculation:**
- Taxi cost: $60
- Bus cost: $29
- Savings = $60 - $29 = **$31**

**Answer:** You will save approximately **$31** by taking the bus from the airport to your hotel instead of a taxi.",,
q082,ABS,ok,True,How long was I in Korea for?,"You did not mention this information. You mentioned staying in Japan, but not in Korea.","Based on the history chats provided, there is no information about the user being in Korea. The user has discussed planning trips to Seoul, South Korea, but there is no evidence that they have actually traveled there or spent any time in Korea.

**Answer:** The information is missing. Based on the chat history, you have discussed planning a trip to Seoul, South Korea, but there is no evidence that you have actually been to Korea or spent any time there.",,
q083,ABS,ok,True,What did my dad gave me as a birthday gift?,"You did not mention this information. You mentioned receiving a birthday gift from your sister, but not your dad.","Based on the provided history chats, there is no information about a birthday gift from the user's dad. The chats mention birthday gifts from the user's sister (a stand mixer) and a gift the user bought for their sister (a silver necklace), but nothing about a gift from their dad.

**Answer:** The information is missing from the provided history.",,
q084,ABS,ok,True,How many times did I bake egg tarts in the past two weeks?,The information provided is not enough. You did not mention baking egg tarts.,"Based on the provided history chats, there is no evidence that the user baked egg tarts in the past two weeks (between 2023/05/16 and 2023/05/30).

The user mentions baking various items during this period, including:
- A chocolate cake (baked for sister's birthday party, mentioned on 2023-05-20)
- Cookies (baked last Thursday, which would be 2023-05-18, mentioned on 2023-05-28)
- A whole wheat baguette (made last Saturday, which would be 2023-05-13, mentioned on 2023-05-20)

However, there is no mention of baking egg tarts at any point in the provided history.

**Answer: 0**",,
q085,ABS,ok,True,How many plants did I initially plant for tomatoes and chili peppers?,The information provided is not enough. You mentioned planting 5 plants for tomatoes but you did not mention chili peppers.,"Based on the history chats, I can extract the following relevant information:

**Tomato plants:**
- In Session 1 (2023-05-22), the user stated: ""I planted 5 tomato plants initially, and they've been producing like crazy."" (evidence: fact_398db7de-e0a8-4d3d-974e-b5d9aa5b9883)

**Chili pepper plants:**
- I searched through all the provided history chats and found no mention of the user planting chili peppers. There is no evidence of chili pepper plants in any of the sessions.

**Answer:**
The user initially planted **5 tomato plants**. There is no information available about chili pepper plants — the user never mentioned planting any chili peppers in the provided chat history.",,
q086,ABS,ok,True,How much time do I dedicate to practicing violin every day?,"You did not mention this information. You mentioned practing guitar everyday, but not violin.","Based on the provided history chats, there is no information about the user practicing the violin. The only related information found is in Session 1, where the user states they practice **guitar** for 30 minutes daily.

Therefore, the information about daily violin practice is missing from the evidence.",,
q087,ABS,ok,True,"Who became a parent first, Tom or Alex?","The information provided is not enough. You mentioned Alex becoming a parent in January, but you didn't mention anything about Tom.","Based on the provided history chats, I can extract the following relevant information:

**Step 1: Extract relevant information**

- **Alex:** The user states, ""my cousin Alex just adopted a baby girl from China in January"" (Session 1, Session 10). This is further confirmed in Session 18: ""my cousin Alex, who adopted a baby girl from China in January, had a wonderful experience with her agency."" The date is specified as January 2023 (fact_6566b099-7f05-494c-a4be-e3d6ba6ff4d3).
- **Tom:** There is no mention of anyone named ""Tom"" in any of the provided history chats. The user discusses their own adoption plans, their cousin Alex, their father, and other unrelated topics, but no individual named Tom appears.

**Step 2: Reason over the information**

The question asks who became a parent first, Tom or Alex. Based on the evidence, Alex became a parent in January 2023 by adopting a baby girl. However, there is absolutely no information about a person named ""Tom"" in any of the sessions. There is no evidence regarding Tom's parental status, whether he has children, or any timeline related to him.

Since there is no information about Tom, it is impossible to compare the two individuals or determine who became a parent first.

**Answer:** Based on the available information, Alex became a parent in January 2023 by adopting a baby girl from China. However, there is no information about a person named ""Tom"" in the provided history chats, so it is impossible to determine who became a parent first. The information about Tom is missing.",,
q088,ABS,ok,True,When did I book the Airbnb in Sacramento?,The information provided is not enough. You only mentioned booking Airbnb in San Francisco.,"Based on the provided history chats, there is no information about booking an Airbnb in Sacramento. The user discusses trips to San Francisco, Japan, and other topics, but there is no mention of Sacramento or booking an Airbnb there.

**Answer:** The information is missing from the provided chat history.",,
q089,ABS,ok,True,How many autographed football have I added to my collection in the first three months of collection?,The information provided is not enough. You mentioned collecting autographed baseball but not football.,"Based on the provided history chats, I can extract the following relevant information:

**Step 1: Extract relevant information**

- The user's collection consists of **autographed baseballs**, not footballs. This is confirmed in multiple sessions (Session 1 and Session 2).
- In Session 2 (dated 2023-05-20), the user states: ""I just got a signed baseball of his last week and it's a great addition to my collection - **that's 15 autographed baseballs since I started collecting three months ago**!"" This directly states that the user added **15 autographed baseballs** in the first three months of collecting.
- In Session 1 (dated 2023-05-22), the user states: ""I've added **20 autographed baseballs** to my collection in the past few months."" This is a broader statement covering a longer period, not specifically the first three months.

**Step 2: Reason over the information**

- The question asks about ""autographed football"" added in the first three months. However, all evidence indicates the user collects **baseballs**, not footballs. There is no mention of any autographed footballs in the collection.
- The planner's supported claims also confirm: ""The user's collection is of autographed baseballs, not footballs.""
- The specific figure for the first three months is **15 autographed baseballs** (from Session 2). The figure of 20 from Session 1 covers a longer, unspecified period and is not limited to the first three months.

**Answer:**

The user has not added any autographed footballs to their collection. The collection consists of autographed **baseballs**. In the first three months of collecting, the user added **15 autographed baseballs** to their collection.",,
q090,ABS,ok,True,How many days did I spend in total traveling in Hawaii and in Seattle?,The information provided is not enough. You mentioned traveling for 10 days in Hawaii but did not mention abything about the trip to Seattle.,"Based on the provided history chats, I can extract the following relevant information:

**Step 1: Extract relevant information**

- **Hawaii trip:** In Session 1 (2023-05-23), the user states: ""I just got back from an amazing island-hopping trip to Hawaii with my family."" The evidence metadata confirms: ""User completed a 10-day family island-hopping trip to Hawaii"" with quantity=10 duration. So the user spent **10 days** in Hawaii.

- **Seattle trip:** Searching through all the provided sessions, there is **no mention** of any trip to Seattle. The sessions mention trips to Hawaii, New York City, a planned trip to Europe (Paris and Rome), a business trip to Los Angeles, and a planned trip to Japan. There is no evidence of a Seattle trip anywhere in the history.

**Step 2: Reason over the information**

The question asks for the total days spent traveling in Hawaii and in Seattle.

- Hawaii: 10 days (confirmed by explicit evidence)
- Seattle: 0 days (no evidence of any Seattle trip exists in the provided history)

Therefore, the total is 10 + 0 = 10 days.

**Answer:** You spent **10 days** traveling in Hawaii (your 10-day family island-hopping trip). There is no record in our conversation history of any trip to Seattle, so the total time spent traveling in both Hawaii and Seattle is **10 days**.",,
q091,ABS,ok,True,What is the name of my hamster?,You did not mention this information. You mentioned your cat Luna but not your hamster.,"Based on the provided history chats, there is no information about the user having a hamster. The user discusses their cat, Luna, in several sessions, but there is no mention of a hamster or any other pet.

Therefore, the information is missing from the provided evidence.

**Answer:** The provided chat history does not contain any information about a hamster. The user's pet mentioned in the history is a cat named Luna.",,
q092,ABS,ok,True,How many engineers do I lead when I just started my new role as Software Engineer Manager?,The information provided is not enough. You mentioned starting the role as Senior Software Engineer but not Software Engineer Manager.,"Based on the provided history chats, I can extract the following relevant information:

**Step 1: Extract relevant information**

- The user's role is consistently referred to as **""Senior Software Engineer""** throughout all sessions (Session 1, Session 2, and the planner's supported claims).
- There is **no evidence** in any of the history chats that mentions the user holding the role of **""Software Engineer Manager""**.
- The planner's supported claims explicitly state: *""No evidence in the memory store mentions a 'Software Engineer Manager' role; all role references are to 'Senior Software Engineer'.""*
- Regarding team size, there is conflicting information:
    - In Session 1 (2023-05-25), the user states: *""I lead a team of 4 engineers in my new role as Senior Software Engineer.""*
    - In Session 2 (2023-05-27), the user states: *""I now lead a team of five engineers.""*

**Step 2: Reason over the information**

The question asks: ""How many engineers do I lead when I just started my new role as Software Engineer Manager?""

The question specifically asks about the **""Software Engineer Manager""** role. However, all evidence in the provided history chats refers to the user's role as **""Senior Software Engineer""**. There is no mention of a ""Software Engineer Manager"" role anywhere in the evidence.

Since the question asks about a role that is not mentioned in any of the evidence, and the planner's resolved conflicts also confirm that no evidence mentions this role, the information required to answer the question is missing.

**Answer:**

The information is missing. The history chats do not contain any evidence about the user holding the role of ""Software Engineer Manager."" All references to the user's role are to ""Senior Software Engineer,"" and there is no information about how many engineers they led when starting a ""Software Engineer Manager"" role.",,
q093,ABS,ok,True,How many pages do I have left to read in 'Sapiens'?,The information provided is not enough. You did not mention how many paged do you have left to read in 'Sapiens'.,"Based on the history chats provided, I cannot determine how many pages you have left to read in 'Sapiens'.

**Relevant information extracted:**
- You mentioned reading ""Sapiens"" at a pace of 10-20 pages per week (Session 1, dated 2023-10-20).
- You noted that ""Sapiens"" is slow going (Session 4, dated 2023-05-22).
- However, nowhere in the chat history is the total page count of ""Sapiens"" mentioned, nor is there any statement about how many pages you have already read or how many pages remain.

**Reasoning:**
The question asks for the number of pages left to read in ""Sapiens."" To answer this, I would need to know the total page count of the book and how many pages you have already read. The evidence only provides your reading pace (10-20 pages per week) and your observation that it is slow going, but it does not include the book's total length or your current progress in pages.

Therefore, the information needed to answer this question is missing from the provided chat history.",,
q094,ABS,ok,True,How long have I been living in my current apartment in Shinjuku?,The information provided is not enough. You mentioned living in Harajuku but not Shinjuku.,"Based on the provided history chats, I cannot answer the question about how long you have been living in your current apartment in Shinjuku.

Here is the step-by-step reasoning:

1.  **Extract relevant information:** The question asks about your current apartment in **Shinjuku**. 
    - Session 1 (2023-10-15) states you ""moved to new apartment in March 2023"" but does not specify the location.
    - Session 2 (2023-10-15) states you have ""been living in Harajuku for 3 months.""
    - Session 3 (2023-04-11) states you live in a ""studio apartment in Harajuku"" and have been there for 1 month.

2.  **Reason over the information:** All specific location information in the provided chats refers to **Harajuku**, not Shinjuku. There is no mention of you living in Shinjuku in any of the sessions.

3.  **Conclusion:** Since there is no evidence in the history chats about you living in an apartment in Shinjuku, the information is missing.",,
q095,ABS,ok,True,What is the total cost of my recently purchased headphones and the iPad?,"The information provided is not enough. You mentioned purchasing a headphone, but you did not mention the iPad.","Based on the provided history, I can extract the following relevant information:

1.  **Headphones:** The user stated they recently got a new pair of Sony WH-1000XM4 headphones that cost **$378** (Session 1).
2.  **iPad:** There is **no mention** of the user purchasing an iPad in any of the provided chat sessions. The user discusses laptops, headphones, a phone case, a smartwatch, and other items, but never an iPad.

**Reasoning:**
The question asks for the total cost of the headphones and the iPad. While the cost of the headphones is clearly stated as $378, there is no evidence of an iPad purchase, its cost, or even the user owning one. Therefore, the total cost cannot be calculated.

**Answer:**
The total cost cannot be determined because the user's recently purchased Sony WH-1000XM4 headphones cost $378, but there is no information in the chat history about the user purchasing or owning an iPad.",,
q096,ABS,ok,True,"Which project did I start first, the Ferrari model or the Porsche 991 Turbo S model?",The information provided is not enough. You did not mention starting the Porsche 991 Turbo S model.,"Based on the history chats, I can extract the following relevant information:

- In Session 1, the user stated: ""I'm working on a model of a 1980s-era Ferrari 288 GTO, started it about three weeks ago on a Sunday afternoon"" (evidence_id=ev_fact:fact_703e442c-3900-40a4-9654-fb7abe7e091b).
- In Session 1, the user also stated: ""I started building this model about three weeks ago, on a Sunday afternoon. It was a rainy day, and I spent around 5 hours working on it"" (evidence_id=ev_fact:fact_8ca3ec4e-074f-4cb8-82d1-0dbaa30ba8f1).
- The current date is 2023/05/23. Three weeks before that would be approximately 2023/05/02, which was a Tuesday. However, the user said ""Sunday afternoon,"" so the start date would be the Sunday about three weeks prior, which is 2023/04/30.

There is no mention anywhere in the history chats of a ""Porsche 991 Turbo S model."" The user only mentions the Ferrari 288 GTO model and a 1/48 scale Japanese Zero fighter plane.

Therefore, based on the available evidence, the user started the Ferrari 288 GTO model first (on approximately 2023/04/30), and there is no information about a Porsche 991 Turbo S model project at all.

**Answer:** The user started the Ferrari 288 GTO model first (around 2023/04/30). There is no information in the history about a Porsche 991 Turbo S model project.",,
q097,ABS,ok,True,How many different museums or galleries did I visit in December?,0. You did not mention visitng any museum in December,"Based on the provided history chats, I need to determine how many different museums or galleries you visited in **December**.

**Step 1: Extract relevant information**

I will go through each session to find any mention of museum or gallery visits and their dates.

- **Session 1 (2023-03-03):** You mention taking your niece to the **Natural History Museum** on **2/8** (February 8th). You also mention visiting the Natural History Museum again in a later message, but no new date is given.
- **Session 2 (2023-03-03):** You mention visiting **The Art Cube** on **2/15** (February 15th).
- **Session 3 (2023-03-03):** You mention attending a guided workshop at the **Modern Art Museum** in **January**. You also mention meeting curator Rachel Lee at the opening night of ""The Art Cube"" and buying a print there, but no new dates are provided for these events.
- **Session 5 (2023-03-03):** You mention choosing the ""Toyota Museum Tour"" route, but this is a driving route recommendation, not a visit you made.
- **Session 6 (2023-03-03):** You mention *thinking about* attending an upcoming art exhibition at the local museum. This is a future plan, not a past visit.

**Step 2: Filter by the time window (December)**

The question asks about visits in **December**. Let's check the dates of the visits found:

- Natural History Museum: **February 8th** (not December)
- The Art Cube: **February 15th** (not December)
- Modern Art Museum: **January** (not December)

None of the visits mentioned in the history chats occurred in December.

**Step 3: Reason and answer**

Since there is no evidence of any museum or gallery visits in December, the answer is 0.

**Final Answer:**
0",,
q098,ABS,ok,True,What did I bake for my uncle's birthday party?,You did not mention this information. You mentioned baking for your niece's birthday party but not your uncle's,"Based on the history chats provided, there is no information about you baking anything for your uncle's birthday party.

The only baking-related information found in the history is:
- You made a **lemon blueberry cake** for your **niece's** birthday party (Session 1, 2023-05-23).
- You have been experimenting with lemon-based desserts, honey, and different flours.

There is no mention of your uncle, his birthday party, or any baked item for him.

**Answer:** Information is missing. The history does not contain any record of what you baked for your uncle's birthday party.",,
q099,ABS,ok,True,How many days did it take for my iPad case to arrive after I bought it?,The information provided is not enough. You did not mention buying an iPad case.,"Based on the provided history chats, there is no information about the user buying an iPad case. The chats mention a backpack, gardening tools, chicken breasts, a laptop backpack, a wireless mouse, cat food, bike lights, a car service, a guitar, and various other items, but nothing about an iPad case.

Therefore, the information is missing.

**Answer:** The information is missing from the provided chat history.",,
q100,ABS,ok,True,"Which task did I complete first, fixing the fence or purchasing three cows from Peter?",The information provided is not enough. You mentioned fixing the fence but did not mention purchasing cows from Peter.,"Based on the provided history chats, I can extract the following relevant information:

1. **Fixing the fence**: In Session 1, the user stated, ""I just fixed that broken fence on the east side of my property three weeks ago."" Since the current date is 2023/05/21, three weeks before that would be approximately **2023-04-30**.

2. **Purchasing three cows from Peter**: There is **no evidence** in any of the provided sessions about purchasing three cows from Peter. The user mentioned considering buying a new cow (Brown Swiss or Jersey) but did not confirm any purchase, and there is no mention of ""Peter"" or a purchase of three cows anywhere in the history.

**Reasoning**:  
- The fence fixing has a clear date (approximately 2023-04-30).  
- The cow purchase is only discussed as a future consideration (""I've been thinking of getting a new cow,"" ""if I can finalize the purchase of a new cow soon"") — it is not stated as completed, and there is no mention of three cows or a seller named Peter.

**Answer**:  
The fence was fixed first (approximately 2023-04-30). There is no evidence that the user purchased three cows from Peter, so that task cannot be confirmed as completed at all. Therefore, the fence fixing was completed first, and the cow purchase information is missing.",,
q101,IE,ok,True,What degree did I graduate with?,Business Administration,"Based on the history chats, the user stated in Session 1: ""I graduated with a degree in Business Administration."" The assistant also acknowledged this fact. Therefore, the user graduated with a degree in Business Administration.",,
q102,IE,ok,True,How long is my daily commute to work?,45 minutes each way,"Based on the history chats, I can extract the following relevant information:

- In Session 1 (2023-05-22), the user explicitly stated: ""I've been listening to audiobooks during my daily commute, which takes 45 minutes each way."" This is direct evidence that the user's daily commute is 45 minutes each way.

- In Session 2 (2023-05-27), the user asked for help calculating commute time, but no new duration was provided; the assistant asked follow-up questions, and the user did not supply a different duration.

The question asks: ""How long is my daily commute to work?"" Since the user's commute is stated as 45 minutes each way, the daily commute to work (one direction) is 45 minutes. If ""daily commute"" means the round trip, it would be 90 minutes total, but the user's statement specifies ""each way,"" so the one-way commute to work is 45 minutes.

**Answer:** Your daily commute to work is 45 minutes each way.",,
q103,IE,ok,True,What is the name of the playlist I created on Spotify?,Summer Vibes,"Based on the history chats, the user mentioned creating a Spotify playlist called ""Summer Vibes"" with chill tracks for relaxing or working out.

**Answer:** The name of the playlist is **Summer Vibes**.",,
q104,IE,ok,True,What was my last name before I changed it?,Johnson,"Based on the history chat from Session 1 on 2023-05-28, the user explicitly stated: ""my old name was Johnson, but now it's Winters.""

Therefore, the user's last name before the change was **Johnson**.",,
q105,IE,ok,True,Where do I take yoga classes?,Serenity Yoga,"Based on the history chats, I can extract the following relevant information:

- In Session 1, the user said: ""I've actually been using Down Dog for my home practice and I really like it. It's been super helpful for me, especially on days when I can't make it to Serenity Yoga."" This indicates the user attends yoga classes at Serenity Yoga studio.
- The user also mentioned they like vinyasa flow classes and practice them at home using the Down Dog app.

**Answer:** You take yoga classes at **Serenity Yoga studio**. You also supplement your studio practice with home yoga sessions using the Down Dog app, where you primarily do vinyasa flow classes.",,
q106,IE,ok,True,What color did I repaint my bedroom walls?,a lighter shade of gray,"Based on the history chats, the user repainted their bedroom walls a lighter shade of gray.",,
q107,IE,ok,True,When did I volunteer at the local animal shelter's fundraising dinner?,February 14th,"Based on the history chats, the user volunteered at the ""Love is in the Air"" fundraising dinner on Valentine's Day, which is February 14, 2023.",,
q108,IE,ok,True,Where did I buy my new tennis racket from?,the sports store downtown,"Based on the history chats, the user stated: ""I'm really happy with my new tennis racket, which I got from a sports store downtown.""

Therefore, the user bought their new tennis racket from a sports store downtown.",,
q109,IE,ok,True,What was my previous occupation?,Marketing specialist at a small startup,"Based on the history chats, your previous occupation was a **marketing specialist at a small startup**.

In Session 1, you stated: ""I've used Trello in my previous role as a marketing specialist at a small startup."" Additionally, in the same session, you mentioned that in that previous role, you were responsible for managing a team of interns.",,
q110,IE,ok,True,How much did I spend on a designer handbag?,$800,"Based on the history chats, the user explicitly stated: ""I remember buying a designer handbag for a pretty penny - $800, to be exact.""

**Answer: $800**",,
q111,IE,ok,True,How many playlists do I have on Spotify?,20,"Based on the history chats, the user explicitly stated in Session 1 (dated 2023-05-20):

> ""I have 20 playlists on Spotify already""

This is a direct, explicit statement from the user about their current number of Spotify playlists. There is no newer statement in the provided history that contradicts or updates this number.

**Answer: You have 20 playlists on Spotify.**",,
q112,IE,ok,True,Where did I attend for my study abroad program?,University of Melbourne in Australia,"Based on the history chats, the user mentioned attending the University of Melbourne for their study abroad program.

**Answer:** You attended the University of Melbourne for your study abroad program.",,
q113,IE,ok,True,What was the discount I got on my first purchase from the new clothing brand?,10%,"Based on the provided chat history, the discount you received on your first purchase from the new clothing brand was **10%**.

**Step-by-step reasoning:**

1.  **Extract relevant information:** In Session 1 (dated 2023-05-23), you mentioned: ""I remember getting a 10% discount on my first purchase from that new clothing brand last month.""
2.  **Confirm the details:** The evidence metadata for this statement confirms the label: ""user got a 10% discount on first purchase from a new clothing brand last month"" with a quantity of ""10 percent.""
3.  **Answer the question:** The question asks for the specific discount amount, which is directly stated as 10%.",,
q114,IE,ok,True,How long did it take me to assemble the IKEA bookshelf?,4 hours,"Based on the history chat, the user stated: ""I just assembled an IKEA bookshelf recently and it took me 4 hours.""

Therefore, it took **4 hours** to assemble the IKEA bookshelf.",,
q115,IE,ok,True,What did I buy for my sister's birthday gift?,a yellow dress,"Based on the history chats, the relevant information is found in Session 1, where the user stated:

""For my sister's birthday, I got her a yellow dress and a pair of earrings to match.""

Therefore, the answer is: You bought your sister a yellow dress and a pair of matching earrings for her birthday.",,
q116,IE,MISS,False,What speed is my new internet plan?,500 Mbps,"Based on the history chats, the user's internet plan speed has changed over time.

**Step 1: Extract relevant information**

- In Session 2 (2023-05-24), the user stated: ""I upgraded to 500 Mbps about three weeks ago, and it's made a huge difference."" This indicates that as of late April/early May 2023, the user's internet plan was 500 Mbps.
- In Session 1 (2023-05-30), the user stated: ""My internet speed is 1 Gbps."" This is the most recent statement about their internet speed.

**Step 2: Reason over the information**

The question asks about the ""new"" internet plan. The user's most recent statement (from Session 1, dated 2023-05-30) says their internet speed is 1 Gbps. This is the newest direct user statement about their current internet plan. The earlier mention of 500 Mbps was from a previous session and appears to be an older plan that has since been upgraded.

**Answer:** Your new internet plan speed is **1 Gbps**.",,
q117,IE,ok,True,How many shirts did I pack for my 5-day trip to Costa Rica?,7,"Based on the history chats, the user explicitly stated in Session 1:

> ""Like, on my last trip to Costa Rica, I brought 7 shirts and 5 pairs of shorts, but I only ended up wearing 3 of the shirts and 2 of the shorts.""

The user packed **7 shirts** for the Costa Rica trip. Note that the question mentions a ""5-day trip,"" but the evidence does not specify the trip duration — it only states the number of shirts packed, which is 7.

**Answer: 7 shirts**",,
q118,IE,ok,True,What was my previous stance on spirituality?,A staunch atheist,"Based on the history chats, your previous stance on spirituality was that you were a **staunch atheist**. 

This is directly stated in Session 1, where you mentioned, ""I used to be a staunch atheist, but I've been exploring other possibilities."" Since then, you have shifted towards exploring spirituality, synchronicity, and Buddhism.",,
q119,IE,ok,True,What brand are my favorite running shoes?,Nike,"Based on the history chats, the user explicitly stated in Session 1: ""Nike has been my favourite brand so far for running shoes."" This is a direct statement from the user identifying Nike as their favorite brand for running shoes.

Therefore, the answer is: **Nike**.",,
q120,IE,ok,True,What certification did I complete last month?,Data Science,"Based on the history chats, the certification you completed last month (April 2023) is in **Data Science**.

**Step-by-step reasoning:**

1. **Relevant information extraction:**  
   - In Session 1 (dated 2023-05-28), you stated: *""I need to add my latest certification in Data Science, which I completed last month, to my profile.""*  
   - The evidence metadata for that statement confirms: *""label=user completed Data Science certification last month; date=2023-04-28""*.

2. **Temporal resolution:**  
   - The current date is 2023/05/30. ""Last month"" from this date refers to April 2023.  
   - The evidence date (2023-04-28) falls within April 2023, matching the resolved window.

3. **Conclusion:**  
   - The certification completed last month was the **Data Science certification**.",,
q121,IE,ok,True,How many bikes do I own?,three,"The user owns **3 bikes**: a road bike (a Trek Emonda), a mountain bike, and a commuter bike.",,
q122,IE,ok,True,What breed is my dog?,Golden Retriever,"Based on the history chats, the user explicitly stated that Max is a Golden Retriever in the message: ""I'm thinking of getting Max a new collar with a nice name tag. Do you have any recommendations for a good collar brand or type that would suit a Golden Retriever like Max?"" This was also confirmed by the assistant's response.

**Answer:** Your dog Max is a Golden Retriever.",,
q123,IE,ok,True,How many amateur comedians did I watch perform at the open mic night?,10,"Based on the evidence provided in the history chats, the user explicitly stated:

""I recently went to an open mic night and saw 10 amateur comedians perform.""

This is directly supported by the evidence metadata: `ev_fact:fact_73a66c33-4386-47d7-8be2-7ff83669b161` which states ""user attended an open mic night and saw 10 amateur comedians perform.""

**Answer: 10**",,
q124,IE,ok,True,What is the name of my cat?,Luna,"Based on the history chats, the user's cat is named **Luna**.

This is directly stated in Session 1: ""By the way, my cat's name is Luna, and she's been such a sweetie throughout all the changes we've been making to her environment."" It is also confirmed in Session 2, where the user mentions ""working on a portrait of my cat, Luna.""",,
q125,IE,ok,True,How old was I when my grandma gave me the silver necklace?,18,"Based on the history chats, the user stated that their grandma gave them a silver necklace on their 18th birthday. Therefore, the user was **18 years old** when their grandma gave them the silver necklace.",,
q126,IE,ok,True,What is my preferred gin-to-vermouth ratio for a classic gin martini?,3:1,"Based on the chat history, you mentioned that you have settled on a **3:1 gin-to-vermouth ratio** with a dash of citrus bitters for your classic gin martini.",,
q127,IE,ok,True,How much RAM did I upgrade my laptop to?,16GB,The user upgraded their laptop's RAM to **16GB**.,,
q128,IE,ok,True,Where did I attend my cousin's wedding?,The Grand Ballroom,"Based on the history chats, the user attended their cousin's wedding at the **Grand Ballroom** last weekend (2023-05-20).",,
q129,IE,ok,True,Where did I complete my Bachelor's degree in Computer Science?,"University of California, Los Angeles (UCLA)","Based on the history chats, you completed your Bachelor's degree in Computer Science at **UCLA**.",,
q130,IE,ok,True,How long did it take to move to the new apartment?,5 hours,"Based on the history chat, the user stated: ""I didn't think about asking the baristas for recommendations. That's a great idea! By the way, it took me and my friends around 5 hours to move everything into the new apartment, but it was worth it to be closer to work and save on commute time.""

Therefore, it took about **5 hours** to move to the new apartment.",,
q131,IE,ok,True,What type of cocktail recipe did I try last weekend?,lavender gin fizz,"Based on the history chats, the user tried a **lavender gin fizz** recipe last weekend.

**Step-by-step reasoning:**

1.  **Relevant information extraction:** In Session 1 (dated 2023-05-22), the user stated: ""I tried a lavender gin fizz recipe last weekend, but it didn't quite turn out as expected - I didn't have simple syrup, so I had to improvise with honey and water.""
2.  **Temporal grounding:** The current date is 2023/05/30 (Tuesday). ""Last weekend"" relative to this date resolves to the weekend of 2023-05-27 to 2023-05-28. However, the user's statement about trying the lavender gin fizz was made on 2023-05-22, referring to the weekend prior to that date (2023-05-20 to 2023-05-21). The user's statement is the direct source of the fact that they tried this recipe ""last weekend"" from their perspective at that time.
3.  **Conclusion:** The type of cocktail recipe the user tried last weekend (as stated in the evidence) is a **lavender gin fizz**.",,
q132,IE,ok,True,Who did I have a conversation with about destiny?,Sarah,"Based on the history chats, the user had a conversation about destiny with their friend **Sarah**.

The relevant evidence is from Session 1 (dated 2023-05-22), where the user explicitly mentions: ""I was just talking to my friend Sarah recently and she was saying how everything happens for a reason, which got me thinking about my own beliefs on destiny."" This is further confirmed in the same session when the user says, ""I've been thinking about my conversation with Sarah, and I wanted to explore the concept of destiny a bit more.""

**Answer:** The user had a conversation about destiny with **Sarah**, and this conversation is referenced in the session dated **2023-05-22**.",,
q133,IE,ok,True,Where did I buy my new bookshelf from?,IKEA,"Based on the history chats, the user mentioned buying a new bookshelf from IKEA in Session 1.

**Answer:** You bought your new bookshelf from IKEA.",,
q134,IE,ok,True,How many copies of my favorite artist's debut album were released worldwide?,500,"Based on the provided history chats, I can extract the following relevant information:

**Step 1: Extract relevant information**

- In Session 1 (and repeated in Sessions 20 and 21), the user states: ""I was thinking of displaying my signed poster from my favorite artist's debut album, which is a limited edition of only 500 copies worldwide, alongside the clock.""
- This statement is made directly by the user and is not hypothetical, negated, or a future plan. It is a factual statement about the item they own.
- The assistant also acknowledges this fact in Session 21: ""Since the poster is a limited edition of only 500 copies worldwide, it's definitely a special item that deserves to be showcased.""

**Step 2: Reason over the information**

The user explicitly states that the signed poster from their favorite artist's debut album is a limited edition of only **500 copies** worldwide. This is a direct, unambiguous statement of quantity. There is no conflicting information in any of the sessions that contradicts this number.

**Answer:** 500 copies.",,
q135,IE,ok,True,How long have I been collecting vintage cameras?,three months,"Based on the history chat from 2023-05-21, you stated that you have been collecting vintage cameras for **three months** as of that date. Since the current date is 2023-05-30, that means you have been collecting vintage cameras for approximately **three months and one week** (or just over three months).",,
q136,IE,ok,True,Where did I go on a week-long trip with my family?,Hawaii,"Based on the history chats, the user went to **Hawaii** with their family for a week last month.",,
q137,IE,ok,True,What did I bake for my niece's birthday party?,a lemon blueberry cake,"Based on the history chats, the user mentioned in Session 1 that they recently made a **lemon blueberry cake** for their niece's birthday party, and it was a huge hit. This is the relevant information that directly answers the question.

**Answer:** You baked a lemon blueberry cake for your niece's birthday party.",,
q138,IE,ok,True,What is the name of the music streaming service have I been using lately?,Spotify,"Based on the history chats, the user mentioned using Spotify in Session 1: ""I've been listening to their songs a lot on Spotify lately.""

**Answer:** Spotify",,
q139,IE,ok,True,How long did I wait for the decision on my asylum application?,over a year,"Based on the history chats, the user stated in Session 1 (dated 2023-05-28) that their asylum application was approved after over a year of waiting. The user said: ""it's crazy how long it took for my asylum application to get approved. Over a year of uncertainty was really tough.""

Therefore, the user waited **over a year** for the decision on their asylum application.",,
q140,IE,ok,True,What type of action figure did I buy from a thrift store?,a blue Snaggletooth,"Based on the chat history, the action figure you bought from a thrift store was a **rare blue Snaggletooth action figure**. 

In Session 1 (dated 2023-05-29), you mentioned: *""just got a rare blue Snaggletooth action figure from a thrift store a few weeks ago.""*",,
q141,IE,ok,True,How long was I in Japan for?,two weeks,"Based on the history chats, the user stated in Session 1: ""I spent two weeks traveling solo around the country"" (referring to Japan). This is also confirmed in the planner_supported_claims.

**Answer:** You were in Japan for two weeks.",,
q142,IE,ok,True,Where did I attend the Imagine Dragons concert?,Xfinity Center,"Based on the history chat from Session 1, the user stated: ""I just remembered I went to an amazing Imagine Dragons concert recently, it was at the Xfinity Center on June 15th.""

Therefore, the user attended the Imagine Dragons concert at the **Xfinity Center**.",,
q143,IE,ok,True,What type of bulb did I replace in my bedside lamp?,Philips LED bulb,"Based on the history chats, the user has a **Philips LED bulb** in their bedside lamp. This is stated directly in Session 1 (evidence: fact_e2dd26a4-4217-4062-ace1-4d8cb6818505 and fact_f69722a5-141f-4cd5-bacb-674382bd9f54).

The question asks what type of bulb the user **replaced** in their bedside lamp. The history does not contain any information about a previous bulb that was replaced — it only mentions the current Philips LED bulb. Therefore, the information about what was replaced is missing.

**Answer:** The history only indicates the user currently has a **Philips LED bulb** in their bedside lamp. There is no information about what type of bulb was previously in the lamp or what was replaced.",,
q144,IE,ok,True,What size is my new Samsung TV?,55-inch,"Based on the history chats, the user stated in Session 1: ""I actually just set up my new Samsung 55-inch 4K smart TV on Saturday.""

The size of the new Samsung TV is **55 inches**.",,
q145,IE,ok,True,How many skeins of worsted weight yarn did I find in my stash?,17,"The user found **17 skeins** of worsted weight yarn in their stash.

**Step-by-step reasoning:**

1.  **Relevant information extraction:** In Session 1, the user explicitly stated: ""I have a stash of 17 skeins that I found recently"" when asking about using their worsted weight yarn for amigurumi toys.
2.  **Verification:** This statement is a direct, explicit user statement about the quantity of yarn found. The evidence metadata confirms this with `quantity=17 count`.
3.  **Conclusion:** The number of skeins found is 17.",,
q146,IE,ok,True,How many hours did I spend watching documentaries on Netflix last month?,10,"Based on the history chats, the user explicitly stated on two occasions (both on 2023-05-25) that they spent **10 hours** last month watching documentaries on Netflix.

The relevant evidence:
- ""I think I spent 10 hours last month watching documentaries.""
- ""I realized that I spent around 10 hours last month watching documentaries.""

The current date is 2023/05/30, so ""last month"" refers to April 2023, which matches the user's statements.

**Answer: 10 hours**",,
q147,IE,ok,True,What time do I usually get home from work on weeknights?,6:30 pm,"Based on the history chats, the user stated in Session 1 on 2023-05-23: ""I usually get home from work around 6:30 pm on weekdays.""

Therefore, the user usually gets home from work around **6:30 pm** on weeknights.",,
q148,IE,ok,True,How much time do I dedicate to practicing guitar every day?,30 minutes,"Based on the history chats, the user stated in Session 1 (dated 2023-05-21):

""I've been practicing guitar for 30 minutes daily, and it's been helping me progress nicely.""

The assistant also acknowledged this: ""30 minutes a day can definitely help you see progress.""

**Answer:** You dedicate **30 minutes** to practicing guitar every day.",,
q149,IE,ok,True,Where does my sister Emily live?,Denver,"Based on the history chats, I can extract the following relevant information:

- In Session 1 (2023-05-20), the user said: ""I'm thinking of visiting my sister Emily in Denver soon, and I was wondering if you knew any kid-friendly attractions there?""

This directly states that the user's sister Emily lives in **Denver**.

**Answer:** Your sister Emily lives in Denver.",,
q150,IE,ok,True,How long did Alex marinate the BBQ ribs in special sauce?,24 hours,"Based on the history chat, in Session 1, the user stated: ""I remember Alex telling me he marinated them in a special sauce for 24 hours before grilling them to perfection.""

Therefore, Alex marinated the BBQ ribs in special sauce for **24 hours** before grilling.",,
q151,IE,ok,True,Who gave me a new stand mixer as a birthday gift?,my sister,"Based on the history chat in Session 1, the user stated: ""I actually got my new stand mixer as a birthday gift from my sister last month.""

**Answer:** Your sister gave you the new stand mixer as a birthday gift.",,
q152,IE,ok,True,What brand of shampoo do I currently use?,Trader Joe's,"Based on the history chats, the user mentioned in Session 1 (dated 2023-05-22) that they have been using a lavender scented shampoo from Trader Joe's. This is the most recent and direct statement about their shampoo usage.

**Answer:** The user currently uses a lavender scented shampoo from Trader Joe's.",,
q153,IE,ok,True,What health issue did I initially think was just a cold?,bronchitis,"Based on the history chats, the relevant information is:

- In Session 1 (2023-05-30), the user said: ""I actually recently had a bad case of bronchitis that I initially thought was just a cold, but it turned out to be a lot more serious.""

So, the health issue the user initially thought was just a cold was **bronchitis**.",,
q154,IE,ok,True,Where did I meet Sophia?,a coffee shop in the city,"Based on the history chats, the user met Sophia at a coffee shop in the city.",,
q155,IE,ok,True,What game did I finally beat last weekend?,Dark Souls 3 DLC,"Based on the history chats, the user stated in Session 1 (dated 2023-05-26):

""I finally beat that last boss in the Dark Souls 3 DLC last weekend.""

The ""last weekend"" relative to the session date of 2023-05-26 refers to the weekend of 2023-05-20/21. The user explicitly said they beat the last boss in the **Dark Souls 3 DLC**.

**Answer:** You finally beat the last boss in the **Dark Souls 3 DLC** last weekend.",,
q156,ABS,ok,True,How long have I been collecting vintage films?,You did not mention this information. You mentioned collecting vintage cameras but not vintage films.,"Based on the history chats provided, I need to extract all relevant information about the user's collection of vintage films.

**Step 1: Extract relevant information**

- The user has been collecting vintage cameras for three months (as of 2023-05-28). [Session 1, fact_c09059c3]
- The user has 17 vintage cameras in their collection. [Session 1, fact_9c1c7b0b]
- The user is a film buff and attended the Toronto International Film Festival, stood in line for 6 hours for a 'Dune' screening. [Session 2, fact_6c7f8e95]
- The user attended a panel discussion at SXSW. [Session 2, fact_47e60969]
- The user is interested in attending Hot Docs festival. [Session 2, fact_530988f7]
- The user has a vinyl record collection, including a rare 1978 pressing of Fleetwood Mac's Rumours. [Session 1]
- The user has a large Funko POP! figure collection. [Session 1]

**Step 2: Reason over the information**

The question asks: ""How long have I been collecting vintage films?""

Looking through all the evidence:
- There is no mention of the user collecting ""vintage films"" anywhere in the history.
- The user collects vintage **cameras** (for three months), vinyl records, and Funko POP! figures.
- The user is a film buff and attends film festivals, but there is no statement about collecting vintage films.
- No evidence states when the user started collecting vintage films, or even that they collect vintage films at all.

The planner's supported claims also confirm this: ""The user is a film buff and has film-related interests, but no evidence states when they started collecting vintage films.""

**Answer:**

The information about how long you have been collecting vintage films is missing from the provided history. The chats mention your vintage camera collection (which you've had for three months as of May 28, 2023), your interest in film festivals, and other collections (vinyl records, Funko POP! figures), but there is no evidence indicating that you collect vintage films or when you might have started doing so.",,
q157,MR,ok,True,How many items of clothing do I need to pick up or return from a store?,3,"Based on the history chats, here are the items of clothing you need to pick up or return from a store:

1.  **Pick up:** A new pair of boots from Zara (exchanged on February 5th).
2.  **Return:** The old pair of boots to Zara (the ones that were too small).
3.  **Pick up:** Dry cleaning for your navy blue blazer.

Therefore, you have **3** clothing-related items to pick up or return.",,
q158,MR,ok,True,How many projects have I led or am currently leading?,2,"Based on the provided history chats, here is the step-by-step reasoning:

**Step 1: Extract relevant information about projects the user has led or is currently leading.**

- **Session 1 (2023-05-25):** The user states, ""Our company is currently migrating our applications to the cloud, and I'm responsible for leading the migration effort."" This indicates the user is currently leading a cloud migration project.
- **Session 3 (2023-05-28):** The user mentions, ""I've been pretty busy lately, especially since I was promoted to a senior software engineer position three months ago and have been leading a team of five engineers."" This indicates the user is leading a team, but not necessarily a specific project. However, the user also says, ""I'm planning to launch a new product feature in June and I need to create a project timeline."" This is a future plan, not a currently led project.
- **Session 4 (2023-05-21):** The user mentions, ""I've had some experience with data analysis from my Marketing Research class project, where I led the data analysis team."" This indicates the user led a data analysis team for a past class project.
- **Session 5 (2023-05-29):** The user mentions, ""I've been working on a solo project for my Data Mining class."" This is a solo project, not a project the user is leading a team on.
- **Session 2 (2023-05-21):** The user mentions, ""I am planning a project in Nigeria that connects 100 rural villages to running water."" This is a future plan, not a currently led project.

**Step 2: Filter out projects that are only planned or hypothetical.**
- The Nigeria project is ""planning"" – not currently led.
- The new product feature launch is ""planning to launch"" – not currently led.
- The Data Mining class project is a ""solo project"" – not a project the user is leading a team on.

**Step 3: Count the distinct projects the user has led or is currently leading.**
1. **Cloud migration effort** – currently leading (Session 1).
2. **Marketing Research class project** – led the data analysis team (Session 4).

**Step 4: Final count.**
The user has led or is currently leading **2** distinct projects.

**Answer: 2**",,
q159,MR,ok,True,How many model kits have I worked on or bought?,"I have worked on or bought five model kits. The scales of the models are: Revell F-15 Eagle (scale not mentioned), Tamiya 1/48 scale Spitfire Mk.V, 1/16 scale German Tiger I tank, 1/72 scale B-29 bomber, and 1/24 scale '69 Camaro.","Based on the history chats, here are the model kits the user has worked on or bought:

1. **Revell F-15 Eagle kit** — bought and finished (purchased late April 2023)
2. **1/72 scale B-29 bomber kit** — bought and currently working on
3. **1/24 scale '69 Camaro kit** — bought and currently working on (engine wiring and fuel lines)
4. **Tamiya 1/48 scale Spitfire Mk.V kit** — finished
5. **1/16 scale German Tiger I tank** — currently working on a diorama featuring this tank

**Total: 5 model kits** (worked on or bought).",,
q160,MR,ok,True,How many weeks did it take me to watch all the Marvel Cinematic Universe movies and the main Star Wars films?,3.5 weeks,"Based on the history chats, I can extract the following relevant information:

1. **Marvel Cinematic Universe movies**: The user stated, ""I watched all the MCU movies, all 22 of them. I did it in about two weeks"" (Session 2). Also in Session 1, the user mentioned, ""I watched all 22 Marvel Cinematic Universe movies in two weeks.""

2. **Main Star Wars films**: The user stated, ""I just finished a Star Wars marathon, watched all the main films in a week and a half"" (Session 2).

The question asks how many weeks it took to watch **both** the MCU movies and the main Star Wars films.

- MCU movies: **2 weeks**
- Main Star Wars films: **1.5 weeks** (a week and a half)

Since these were separate marathons done at different times (not simultaneously), the total time would be the sum:

2 weeks + 1.5 weeks = **3.5 weeks**

**Answer: It took you 3.5 weeks total to watch all the Marvel Cinematic Universe movies and the main Star Wars films.**",,
q161,MR,ok,True,How many plants did I acquire in the last month?,3,"**Step 1: Extract relevant information**

From the history chats, I need to find all instances where the user acquired plants within the last month (relative to the current date of 2023/05/30, so the window is approximately 2023/04/30 to 2023/05/30).

Relevant evidence:

1. **Session 1 (2023-05-25):** User states: ""I'm also wondering if I should repot my snake plant, which I got from my sister last month."" — The evidence metadata confirms: `fact_e1b304c7-0369-43af-bf65-4ace50ca331c` with `date=2023-04-25`, label ""user got snake plant from sister last month"". This acquisition date (2023-04-25) falls within the last month window (2023-04-30 to 2023-05-30). So the user acquired **1 snake plant** in this window.

2. **Session 2 (2023-05-20):** User states: ""I'm trying to figure out the best way to care for my peace lily, which I got from the nursery two weeks ago along with a succulent."" — The evidence metadata confirms: `fact_d945bcaf-cf94-437b-8b74-f1f6f226149c` with `date=2023-05-20`, label ""user owns a peace lily and a succulent, both acquired from a nursery two weeks ago"". Two weeks before 2023-05-20 is approximately 2023-05-06, which falls within the last month window. So the user acquired **1 peace lily** and **1 succulent** in this window.

**Step 2: Reason over the information**

- Snake plant: acquired 2023-04-25 → within window (1 plant)
- Peace lily: acquired ~2023-05-06 → within window (1 plant)
- Succulent: acquired ~2023-05-06 → within window (1 plant)

Total plants acquired in the last month: 1 + 1 + 1 = **3**

**Answer:** 3 plants.",,
q162,MR,ok,True,How much total money have I spent on bike-related expenses since the start of the year?,$185,"Based on the provided history, here is the step-by-step reasoning to answer the question:

**Step 1: Extract all relevant information about bike-related expenses.**

- **Bike lights:** The user stated they purchased new bike lights for **$40**. This was installed during a tune-up on April 20th. (Sessions 1, 2, 4)
- **Helmet:** The user stated they bought a Bell Zephyr helmet for **$120** at the local bike shop downtown. (Session 3)
- **Chain replacement:** The user mentioned they replaced the chain during the April 20th tune-up, which cost **$25**. (Session 2)

**Step 2: Reason over the information.**
The question asks for the total money spent on bike-related expenses since the start of the year. All three expenses (bike lights, helmet, and chain) are bike-related and were purchased or incurred in 2023 (April 20th for the lights and chain, and April 10th for the helmet).

**Step 3: Calculate the total.**
- Bike lights: $40
- Helmet: $120
- Chain: $25
- **Total: $40 + $120 + $25 = $185**

**Final Answer:**
You have spent a total of **$185** on bike-related expenses since the start of the year. This includes $40 for new bike lights, $120 for your Bell Zephyr helmet, and $25 for the chain replacement.",,
q163,MR,ok,True,How many hours in total did I spend driving to my three road trip destinations combined?,15 hours for getting to the three destinations (or 30 hours for the round trip),"Based on the provided history chats, I can extract the following relevant information about your driving times to three road trip destinations:

1.  **Outer Banks, NC**: You stated, ""my recent trip to Outer Banks in North Carolina - it only took me four hours to drive there from my place."" (4 hours)
2.  **Mountains in Tennessee**: You stated, ""I drove for five hours to get there and it was totally worth it."" (5 hours)
3.  **Washington D.C.**: You stated, ""I drove for six hours to Washington D.C. recently."" (6 hours)

**Calculation:**
4 hours + 5 hours + 6 hours = 15 hours

**Answer:**
You spent a total of **15 hours** driving to your three road trip destinations combined.",,
q164,MR,ok,True,How many different doctors did I visit?,"I visited three different doctors: a primary care physician, an ENT specialist, and a dermatologist.","Based on the provided history chats, I can identify the following doctors that the user visited:

1. **Dr. Patel** - ENT specialist who diagnosed the user with chronic sinusitis (Session 1, Session 5).
2. **Dr. Lee** - Dermatologist who performed a biopsy on a suspicious mole on the user's back (Session 2, Session 5).
3. **Dr. Smith** - Primary care physician who diagnosed and treated the user's UTI with antibiotics (Session 3).

Additionally, the user mentions plans to schedule follow-up appointments with Dr. Patel and their primary care physician (Dr. Smith), but these are future plans, not visits that have already occurred.

**Answer: The user visited 3 different doctors.**",,
q165,MR,ok,True,What time did I go to bed on the day before I had a doctor's appointment?,2 AM,"Based on the provided history chats, I can extract the following relevant information:

1.  **Doctor's appointment date:** The user had a doctor's appointment at 10 AM last Thursday, which was on **2023-05-18** (from Session 1).
2.  **Bedtime on the day before the appointment:** The user stated, ""I didn't get to bed until 2 AM last Wednesday, which made Thursday morning a struggle"" (from Session 10 and Session 14). The day before Thursday, 2023-05-18, was Wednesday, 2023-05-17.

**Reasoning:**
The user's doctor's appointment was on Thursday, May 18th. The user explicitly mentions going to bed at 2 AM on the Wednesday night before that Thursday. Therefore, the time the user went to bed on the day before the doctor's appointment was 2:00 AM.

**Answer:** You went to bed at **2:00 AM** on Wednesday, May 17th, the day before your doctor's appointment on Thursday, May 18th.",,
q166,MR,MISS,False,How many different types of citrus fruits have I used in my cocktail recipes?,3,"Based on the provided history chats, I need to identify the different types of citrus fruits the user has used in their cocktail recipes.

**Step 1: Extract relevant information**

- **Orange**: The user made homemade orange bitters using orange peels and vodka (Session 1). They also planned to serve Sangria with slices of orange (Session 2).
- **Lemon**: The user planned to serve Sangria with slices of lemon (Session 2). Lemon juice was also mentioned in several cocktail recipes discussed.
- **Lime**: The user learned to make a classic Daiquiri using fresh lime juice (Session 3). They also discussed the Cucumber Lime Refresher and other lime-based cocktails.
- **Grapefruit**: The assistant suggested grapefruit soda as an unusual mixer and grapefruit juice in a Sangria Spritz (Sessions 4 and 2).
- **Yuzu**: The assistant suggested yuzu soda as an unusual mixer for cocktails (Session 4).

**Step 2: Count the distinct citrus fruits**

The distinct citrus fruits mentioned in the context of the user's cocktail recipes are:
1. Orange
2. Lemon
3. Lime
4. Grapefruit
5. Yuzu

**Final Answer:**
5",,
q167,MR,ok,True,How many days did I take social media breaks in total?,17 days,"Based on the history chats, I can extract the following relevant information about your social media breaks:

1. **Mid-January 2023**: You took a **week-long break** from social media. A week is **7 days**.
2. **Mid-February 2023**: You took a **10-day break** from social media.

To find the total number of days, I add these together:

7 days + 10 days = **17 days**

**Answer: You took social media breaks totaling 17 days.**",,
q168,MR,MISS,False,"How many tanks do I currently have, including the one I set up for my friend's kid?",3,"Based on the provided history chats, here is the step-by-step reasoning:

1.  **Extract relevant information about tanks:**
    *   **Session 1 (2023-05-21):** The user states, ""I've also been taking care of a small 1-gallon tank that I set up for a friend's kid, which has a few guppies and some plants."" This confirms the user currently has a 1-gallon tank.
    *   **Session 2 (2023-05-23):** The user mentions, ""I've since set up a new 20-gallon community tank."" This confirms the user currently has a 20-gallon tank. The user also mentions a previous 5-gallon tank, but states they have ""upgraded"" to the 20-gallon, implying the 5-gallon is no longer in use. The user also says they are ""thinking about setting up a separate quarantine tank,"" which is a future plan, not a current tank.
    *   **Session 3 (2023-05-27):** The user confirms, ""I've finally set up my 20-gallon freshwater community tank, which I've named 'Amazonia'."" This confirms the 20-gallon tank is currently in use.

2.  **Reason over the information:**
    *   The user currently has a 1-gallon tank (for a friend's kid).
    *   The user currently has a 20-gallon tank (Amazonia).
    *   The 5-gallon tank is no longer in use (upgraded).
    *   The quarantine tank is only a plan, not yet set up.
    *   Therefore, the total number of tanks the user currently has is 1 (gallon) + 1 (20-gallon) = 2 tanks.

**Final Answer:**
2",,
q169,MR,ok,True,How many hours have I spent playing games in total?,140 hours,"**Step 1: Extract relevant information**

From the history chats, I can identify the following statements about time spent playing games:

1. **Assassin's Creed Odyssey**: ""I spent around 70 hours playing Assassin's Creed Odyssey"" (Session 1, 2023-05-20)
2. **The Last of Us Part II (hard difficulty)**: ""I spent around 30 hours playing The Last of Us Part II on hard difficulty"" (Session 2, 2023-05-25)
3. **Celeste**: ""which took me 10 hours to complete"" (Session 3, 2023-05-27)
4. **Hyper Light Drifter**: ""which took me 5 hours to finish"" (Session 4, 2023-05-23)
5. **The Last of Us Part II (normal difficulty)**: ""I just finished it on normal difficulty and it took me 25 hours to complete"" (Session 5, 2023-05-29)

**Step 2: Reason over the information**

The question asks for the total hours spent playing games. I need to sum up all the distinct game playtimes mentioned.

- Assassin's Creed Odyssey: 70 hours
- The Last of Us Part II (hard difficulty): 30 hours
- Celeste: 10 hours
- Hyper Light Drifter: 5 hours
- The Last of Us Part II (normal difficulty): 25 hours

Note: The Last of Us Part II was played on two different difficulties (normal and hard), and both are separate playthroughs, so both should be counted.

Total = 70 + 30 + 10 + 5 + 25 = 140 hours

**Answer: 140 hours**",,
q170,MR,ok,True,How many weddings have I attended in this year?,"I attended three weddings. The couples were Rachel and Mike, Emily and Sarah, and Jen and Tom.","Based on the provided history chats, I can identify the following weddings the user attended this year (2023):

1.  **Emily's wedding (college roommate)**: The user attended this wedding in the city, which had a rooftop garden ceremony. The session date is 2023-10-15, and the user mentions ""I just got back from my college roommate's wedding in the city,"" indicating it was recent. The planner has confirmed this as attended on 2023-10-15.
2.  **Jen's wedding (friend)**: The user attended this wedding ""last weekend"" (around 2023-10-07), which was at a rustic barn in the countryside.
3.  **Rachel's wedding (cousin)**: The user attended this wedding at a vineyard in August 2023, where she was a bridesmaid.

The user also mentions their **sister's wedding**, but the protocol explicitly excludes this from the count (`exclude=[""sister's wedding""]`). The user was the maid of honor at that wedding, but it is not to be counted per the instructions.

Therefore, the total number of weddings attended this year (excluding the sister's wedding) is **3**.

**Answer: 3**",,
q171,MR,MISS,False,How many babies were born to friends and family members in the last few months?,5,"Based on the provided history chats, here is the step-by-step reasoning:

**Step 1: Extract relevant information about babies born to friends and family members in the last few months (relative to 2023-05-13).**

- **David's baby boy Jasper**: ""David had a baby boy named Jasper a few weeks ago"" (Session 1). Also, ""David and his wife just had their third child, a baby boy named Jasper, a few weeks ago"" (Session 2). This is within the last few months.
- **Mike and Emma's daughter Charlotte**: ""Mike and Emma's daughter Charlotte, who was born around March"" (Session 1). Also, ""Mike and Emma welcomed their first baby, a girl named Charlotte, a few weeks after Rachel's baby shower"" (Session 2). March 2023 is within the last few months.
- **Cousin Rachel's son Max**: ""My cousin Rachel just had a baby boy named Max in March"" (Session 3). March 2023 is within the last few months.
- **Aunt's twins Ava and Lily**: ""My aunt's twins, Ava and Lily, who were born in April"" (Session 1). Also, ""Ava and Lily were born in April 2023"" (Session 4). April 2023 is within the last few months.
- **Sarah's adopted daughter Aaliyah**: ""My friend Sarah's adopted daughter Aaliyah"" (Session 1) and ""my colleague Sarah, she recently adopted a child from Ethiopia, a girl named Aaliyah"" (Session 2). The word ""recently"" indicates this is within the last few months.

**Step 2: Count the distinct babies.**

1. Jasper (David's son)
2. Charlotte (Mike and Emma's daughter)
3. Max (Rachel's son)
4. Ava (Aunt's twin)
5. Lily (Aunt's twin)
6. Aaliyah (Sarah's adopted daughter)

**Step 3: Determine the total count.**

There are 6 distinct babies born or adopted in the last few months.

**Final Answer:** 6",,
q172,MR,MISS,False,"How many pieces of furniture did I buy, assemble, sell, or fix in the past few months?",4,"Based on the provided history, here is the step-by-step reasoning to answer the question:

**1. Extract all relevant information about furniture actions (buy, assemble, sell, fix):**

- **Assembled:** ""I finally assembled that IKEA bookshelf for my home office about two months ago"" (Session 1, dated 2023-05-29). This is one piece of furniture.
- **Fixed:** ""I finally got around to fixing the wobbly leg on my kitchen table last weekend"" (Session 2, dated 2023-05-26). This is one piece of furniture.
- **Bought:** ""I just got a new coffee table from West Elm about three weeks ago"" and ""it was delivered last Thursday"" (Session 3, dated 2023-05-26). This is one piece of furniture.

**2. Check for any other furniture-related actions in the remaining sessions:**
- Session 8 mentions buying ""scratch guards from IKEA"" to protect furniture, but scratch guards are not furniture items themselves.
- Session 12 mentions buying a dog bed, which is a pet accessory, not a piece of furniture in the context of the question.
- Session 29 mentions ordering a mattress from Casper, but this is a mattress, not typically counted as a piece of furniture in this context, and the question asks about ""pieces of furniture"" which usually refers to items like tables, chairs, bookshelves, etc. The mattress is not explicitly listed in the planner's supported claims.
- No other sessions mention buying, selling, assembling, or fixing furniture.

**3. Count the distinct furniture items:**
- IKEA bookshelf (assembled) = 1
- Kitchen table (fixed) = 1
- West Elm coffee table (bought) = 1

**Total = 3**

**Answer:** 3",,
q173,MR,MISS,False,How many times did I bake something in the past two weeks?,4,"Based on the provided history chats, here is the step-by-step reasoning to answer the question:

**1. Extract relevant information about baking events in the past two weeks (from 2023-05-16 to 2023-05-30):**

- **Session 1 (2023-05-24):** The user states, ""I've had good results with the convection setting on my oven, like when I used it to bake a batch of cookies last Thursday."" Last Thursday before 2023-05-24 was **2023-05-18**. This is a confirmed baking event (cookies).
- **Session 2 (2023-05-28):** The user states, ""I just used my oven's convection setting for the first time last Thursday to bake a batch of cookies, and it turned out amazing!"" This refers to the same event on **2023-05-18** (cookies). This is a duplicate of the first event.
- **Session 3 (2023-05-30):** The user states, ""I just baked a chocolate cake for my sister's birthday party last weekend."" The weekend before 2023-05-30 was **2023-05-27** or **2023-05-28**. This is a confirmed baking event (chocolate cake).
- **Session 12 (2023-05-21):** The user states, ""I recently baked a chocolate cake for my sister's birthday party using a new recipe I found online."" This refers to the same event as above, which occurred on **2023-05-27** (chocolate cake). This is a duplicate.
- **Session 11 (2023-05-20):** The user states, ""I made the apple pie in my cast iron skillet and it turned out amazing!"" This is a confirmed baking event (apple pie) on **2023-05-20**.
- **Session 10 (2023-05-23):** The assistant is writing a blog post about ""Blue Cheese Chocolate Chip Cookies"" for the user. The user is writing a blog post about this recipe, but there is no explicit statement that the user actually baked these cookies. The session is about writing the blog post, not baking. Therefore, this is not a confirmed baking event.
- **Session 7 (2023-05-30):** The user mentions meal prepping quinoa and roasted vegetables, but this is not baking. The user also mentions making a smoothie, which is not baking.
- **Session 22 (2023-05-25):** The user is asking about cleaning supplies, no baking mentioned.
- **Session 23 (2023-05-20):** The user is planning a dinner party, no baking mentioned.
- **Session 24 (2023-05-22):** The user is planning a trip to Maui, no baking mentioned.
- **Session 26-37 (2023-05-28):** The user is asking for tips on baking chicken wings and making bread, but these are future plans, not events that have already occurred.

**2. Compile the list of distinct baking events within the past two weeks (2023-05-16 to 2023-05-30):**

1. Baked cookies on **2023-05-18** (using convection setting).
2. Baked an apple pie on **2023-05-20** (in a cast iron skillet).
3. Baked a chocolate cake on **2023-05-27** (for sister's birthday party).

**3. Count the distinct baking events:**

There are **3** distinct baking events.

**Final Answer:** 3",,
q174,MR,ok,True,How many different museums or galleries did I visit in the month of February?,2,"Based on the provided history chats, I can identify the following museum or gallery visits in February:

1. **Natural History Museum** – The user stated, ""I took my niece to the Natural History Museum on 2/8"" (Session 1, first user message). This is a confirmed visit on February 8, 2023.

2. **The Art Cube** – The user stated, ""I recently saw when I visited The Art Cube on 2/15"" (Session 2, first user message) and later confirmed, ""I met the curator, Rachel Lee, at the opening night of The Art Cube on 15th February"" (Session 2, second user message). This is a confirmed visit on February 15, 2023.

No other museum or gallery visits with a specific date in February are mentioned in the provided sessions. The National Waterfront Museum is discussed, but only as a future plan (""I definitely want to check out some of these places the next time I'm in Swansea""), not as a past visit. The Modern Art Museum is mentioned as a January visit, not February.

Therefore, the user visited **2** different museums or galleries in February.

**Answer: 2**",,
q175,MR,ok,True,How many different cuisines have I learned to cook or tried out in the past few months?,4,"Based on the provided history chats, here is the step-by-step reasoning to answer the question:

**Step 1: Extract relevant information**
The question asks about different cuisines the user has learned to cook or tried out in the past few months (relative to the current date of 2023/05/30). I need to identify distinct cuisines from the evidence.

- **Korean**: Session 1 (2023-05-29) - User tried a Korean bibimbap recipe and found it amazing. Also discussed making kimchi and kimchi fried rice.
- **Ethiopian**: Session 2 (2023-05-24) - User tried a new Ethiopian restaurant and loved it. Also discussed making injera bread from scratch.
- **Indian**: Session 3 (2023-05-26) - User learned to make perfect chicken tikka masala in a class on Indian cuisine and is planning to make naan bread and saag paneer.
- **Vegan**: Session 4 (2023-05-30) - User attended a class on vegan cuisine and learned to make vegan lasagna with cashew-based ricotta. (Note: Vegan is a dietary style, not a specific cuisine, but it is a distinct culinary category the user learned to cook.)

**Step 2: Reason over the information**
The user explicitly mentions learning to cook or trying out dishes from these distinct culinary traditions:
1. Korean (bibimbap, kimchi)
2. Ethiopian (restaurant, injera)
3. Indian (chicken tikka masala, naan, saag paneer)
4. Vegan (lasagna with cashew ricotta)

These are four distinct culinary categories. The question asks for ""different cuisines,"" and while vegan is technically a diet rather than a cuisine, it represents a distinct cooking style the user learned. The other three are clearly national/regional cuisines.

**Step 3: Final count**
Counting the distinct cuisines: Korean, Ethiopian, Indian, and Vegan = **4**.

**Final Answer:** 4",,
q176,MR,MISS,False,How many properties did I view before making an offer on the townhouse in the Brookside neighborhood?,"I viewed four properties before making an offer on the townhouse in the Brookside neighborhood. The reasons I didn't make an offer on them were: the kitchen of the bungalow needed serious renovation, the property in Cedar Creek was out of my budget, the noise from the highway was a deal-breaker for the 1-bedroom condo, and my offer on the 2-bedroom condo was rejected due to a higher bid.","Based on the history chats, I need to identify how many properties the user viewed before making an offer on the townhouse in the Brookside neighborhood.

**Step 1: Extract relevant information**

From the evidence, I can identify the following property viewings:

1. **3-bedroom townhouse in Brookside** - viewed on **February 22, 2023** (Session 1: ""I forgot to mention that I saw the 3-bedroom townhouse in the Brookside neighborhood on February 22nd. I put in an offer on February 25th..."")

2. **3-bedroom bungalow in Oakwood** - viewed on **January 22, 2023** (Session 2: ""I recently saw a beautiful 3-bedroom bungalow in the Oakwood neighborhood on January 22nd that I really liked..."")

3. **2-bedroom condo** - viewed on **February 15, 2023** (Session 3: ""I actually fell in love with a 2-bedroom condo on February 15th..."")

The offer on the townhouse was made on **February 25, 2023**.

**Step 2: Determine which viewings occurred before the offer**

All three viewings occurred before February 25, 2023:
- January 22, 2023 (bungalow in Oakwood)
- February 15, 2023 (2-bedroom condo)
- February 22, 2023 (townhouse in Brookside)

**Step 3: Count the properties viewed**

The user viewed **3 properties** before making the offer on the townhouse in Brookside.

**Answer: 3**",,
q177,MR,ok,True,How many different types of food delivery services have I used recently?,3,"Based on the provided history chats, I can identify the food delivery services the user has mentioned using recently.

**Step 1: Extract relevant information**

- **Session 1 (2023-05-22):** The user states, ""I had Domino's Pizza three times last week!"" This indicates the use of **Domino's Pizza**.
- **Session 2 (2023-05-30):** The user mentions, ""I've been really busy lately and have been relying on food delivery services, like this new one I found called Fresh Fusion - they have some great pre-made meals."" This indicates the use of **Fresh Fusion**.
- **Session 3 (2023-05-27):** The user states, ""my weekends have been all about Uber Eats lately, it's been a lifesaver."" This indicates the use of **Uber Eats**.

**Step 2: Reason over the information**

The question asks for the number of *different types* of food delivery services used. The three services mentioned are distinct entities: Domino's Pizza, Fresh Fusion, and Uber Eats.

**Step 3: Final Answer**

The user has used **3** different types of food delivery services recently.",,
q178,MR,ok,True,How many hours of jogging and yoga did I do last week?,0.5 hours,"Based on the provided history, I can extract the following relevant information about your exercise activities:

1. **Jogging**: On Saturday, 2023-05-20, you went for a 30-minute jog around the neighborhood. This is 0.5 hours of jogging.

2. **Yoga**: You mentioned that you *used to* practice yoga three times a week, each time for 2 hours. However, you also stated that you've been ""slacking off for this month"" and are ""trying to get back into it."" There is no evidence in the chat history that you actually completed any yoga sessions last week (the week of 2023-05-23 to 2023-05-29). Your statements about yoga are about past habits and future intentions, not actual completed sessions during that week.

**Total hours of jogging and yoga last week:**
- Jogging: 0.5 hours
- Yoga: 0 hours (no completed sessions recorded)

**Answer: 0.5 hours** (30 minutes of jogging, and no yoga sessions were completed last week).",,
q179,MR,ok,True,Which social media platform did I gain the most followers on over the past month?,TikTok,"Based on the provided history chats, here is the step-by-step reasoning to answer the question:

**Step 1: Extract relevant information about follower gains on each platform over the past month (as of 2023/05/30).**

- **TikTok:** From Session 1 (dated 2023-05-29), the user stated they ""gained around 200 followers on TikTok over the past three weeks."" This is approximately 200 followers gained within the past month.
- **Twitter:** From Session 2 (dated 2023-05-29), the user stated their ""Twitter follower count has jumped from 420 to 540 over the past month."" This is a gain of 120 followers (540 - 420 = 120).
- **Facebook:** From Session 3 (dated 2023-05-30), the user stated their ""Facebook follower count has remained steady at around 800."" This indicates a gain of 0 followers over the past month.
- **Instagram:** No specific follower count or gain data was provided for Instagram in the history chats.

**Step 2: Compare the follower gains across platforms.**

- TikTok: ~200 followers gained
- Twitter: 120 followers gained
- Facebook: 0 followers gained
- Instagram: No data available

**Step 3: Determine the platform with the highest gain.**

Comparing the known gains, TikTok (approximately 200 followers) is higher than Twitter (120 followers) and Facebook (0 followers).

**Answer:** You gained the most followers on **TikTok**, with approximately 200 new followers over the past month.",,
q180,MR,MISS,False,Which grocery store did I spend the most money at in the past month?,Thrive Market,"Based on the provided history chats, here is the step-by-step reasoning to answer the question:

**1. Extract all relevant information:**
The question asks which grocery store the user spent the most money at in the past month. The current date is 2023/05/30, so the ""past month"" window is approximately 2023/04/30 to 2023/05/30.

From the history chats, I can extract the following grocery store spending events:
- **Walmart**: User spent $120 on 2023/05/20 (Session 1).
- **Thrive Market**: User spent $150 on 2023/04/26 (Session 2). This date falls outside the ""past month"" window (before 2023/04/30).
- **Trader Joe's**: User and sister spent $80 total on 2023/05/29 (Session 3). This is a combined total for two people, not just the user.
- **Publix**: User spent $60 on 2023/05/22 (Session 4).

**2. Filter events within the past month (2023/04/30 - 2023/05/30):**
- Walmart: $120 (2023/05/20) - **In window**
- Thrive Market: $150 (2023/04/26) - **Out of window** (excluded)
- Trader Joe's: $80 total (2023/05/29) - **In window**, but this was split between the user and their sister.
- Publix: $60 (2023/05/22) - **In window**

**3. Determine the user's individual spending:**
- For Trader Joe's, the evidence states ""spent around $80 between the two of them"" (user and sister). Since the question asks about the user's spending, the user's portion is not explicitly stated. However, even if the user spent the entire $80 themselves, it would still be less than the $120 spent at Walmart.
- Walmart: $120
- Publix: $60

**4. Compare and conclude:**
Comparing the in-window spending amounts, the user spent $120 at Walmart, which is more than the $60 at Publix and more than the $80 total at Trader Joe's (even if the user paid for all of it).

**Answer:** The user spent the most money at **Walmart** in the past month, with a total of **$120** on 2023/05/20.",,
q181,MR,ok,True,How much more did I spend on accommodations per night in Hawaii compared to Tokyo?,$270,"**Step 1: Extract relevant information**

From the history chats, I need to find the accommodation costs for both Hawaii and Tokyo.

- **Tokyo:** In Session 1, the user stated: ""I stayed in a hostel in Tokyo that cost around $30 per night when I went solo last January."" This is a direct user statement about their actual accommodation cost in Tokyo: **$30 per night**.

- **Hawaii (Maui):** In Session 2, the user stated: ""I've already booked a luxurious resort in Maui that costs over $300 per night."" This is a direct user statement about their booked accommodation cost in Maui: **over $300 per night**. The user repeated this in a second message: ""I'm staying at a luxurious resort in Maui that costs over $300 per night.""

**Step 2: Reason over the information**

The question asks: ""How much more did I spend on accommodations per night in Hawaii compared to Tokyo?""

- Hawaii (Maui) cost: over $300 per night. The user said ""over $300,"" so the minimum is $300, but it could be more. The most conservative interpretation is $300.
- Tokyo cost: $30 per night.

Difference = Hawaii cost − Tokyo cost = $300 − $30 = **$270** (using the minimum ""over $300"" value).

If we interpret ""over $300"" as strictly more than $300, the difference would be more than $270. However, the most reasonable and supported calculation using the stated figures is $300 − $30 = $270.

**Answer:** You spent approximately **$270 more per night** on accommodations in Hawaii compared to Tokyo (based on the minimum stated cost of $300 per night for the Maui resort versus $30 per night for the Tokyo hostel).",,
q182,MR,MISS,False,How many different art-related events did I attend in the past month?,4,"Based on the provided history chats, I can identify the following art-related events the user attended within the past month (from February 8, 2023, to March 8, 2023):

1.  **""Women in Art"" exhibition** – Attended on February 10, 2023 (Session 1).
2.  **Children's Museum ""Art Afternoon"" event** – Volunteered on February 17, 2023 (Session 3).
3.  **Lecture at the Art Gallery on 'The Evolution of Street Art'** – Attended on March 3, 2023 (Session 2).

These are the only three distinct art-related events with confirmed dates within the past month. Other mentions of art-related activities (e.g., planning to visit studios, interest in the Met) are future plans or interests, not attended events.

**Answer: 3**",,
q183,MR,ok,True,"What is the average age of me, my parents, and my grandparents?",59.6,"The average age of you, your parents, and your grandparents is **59.5 years**.

**Step-by-step reasoning:**

1. **Extract the relevant ages from the evidence:**
   - Your age: **32** (stated in Session 1 and Session 5)
   - Your mother's age: **55** (stated in Session 2)
   - Your father's age: **58** (stated in Session 2)
   - Your grandma's age: **75** (stated in Session 3)
   - Your grandpa's age: **78** (stated in Session 3)

2. **Sum all the ages:**
   - 32 + 55 + 58 + 75 + 78 = **298**

3. **Count the number of people:**
   - You, your mother, your father, your grandma, and your grandpa = **5 people**

4. **Calculate the average:**
   - 298 ÷ 5 = **59.6**

*(Note: The exact average is 59.6, but if rounding to one decimal place, it is 59.6. If rounding to the nearest whole number, it would be 60.)*",,
q184,MR,ok,True,How many doctor's appointments did I go to in March?,2,"Based on the provided history chats, I can identify the following doctor's appointments the user attended in March 2023:

1. **March 3, 2023**: Appointment with primary care physician Dr. Smith, where the user was diagnosed with bronchitis. (Session 1)
2. **March 20, 2023**: Follow-up appointment with orthopedic surgeon Dr. Thompson regarding knee healing. (Session 2)

The user also mentions having an appointment with a primary care physician in March 2023 where an antibiotic was prescribed but didn't fully clear the cough (Sessions 3, 7, 8). However, the exact date of this appointment is not specified, and it could potentially be the same as the March 3rd appointment with Dr. Smith. Since the evidence does not clearly distinguish this as a separate appointment, I will not count it as an additional distinct visit.

The EMG test with Dr. Johnson is scheduled for **April 1st**, which is outside of March, so it is not counted.

Therefore, the total number of doctor's appointments the user attended in March is **2**.",,
q185,MR,ok,True,How many days did it take for me to receive the new remote shutter release after I ordered it?,5 days. 6 days (including the last day) is also acceptable.,"The user ordered the new remote shutter release online on February 5, 2023, and received it on February 10, 2023.

The duration between these two dates is 5 days.

**Answer: 5 days**",,
q186,MR,ok,True,How many health-related devices do I use in a day?,4,"Based on the provided history chats, I can identify the following health-related devices the user uses:

1. **Nebulizer machine** - Used for inhalation treatments twice a day (Session 1).
2. **Fitbit Versa 3** - Used for guided breathing sessions, tracking activity levels, and sleep patterns (Sessions 2, 3, and 5).
3. **Accu-Chek Aviva Nano system** - Used to test blood sugar levels three times a day (Session 3).
4. **Phonak BTE hearing aids** - Used daily (Session 4).

These are the four distinct health-related devices the user has explicitly mentioned using.

**Answer: 4**",,
q187,MR,ok,True,How many fish are there in total in both of my aquariums?,17,"Based on the history chats, I can extract the following relevant information about the user's aquariums and fish:

**20-gallon tank:**
- 10 neon tetras
- 5 golden honey gouramis
- 1 small pleco catfish
- Total in 20-gallon tank: 10 + 5 + 1 = 16 fish

**10-gallon tank:**
- 1 betta fish named Bubbles
- Total in 10-gallon tank: 1 fish

**Note:** The user mentioned considering adding lemon tetras or zebra danios, but this was only a consideration/plan, not a confirmed addition. Therefore, these should not be counted.

**Total fish in both aquariums:**
16 (20-gallon) + 1 (10-gallon) = **17 fish**",,
q188,MR,MISS,False,How many fitness classes do I attend in a typical week?,5,"Based on the history chats, I can identify the fitness classes you attend in a typical week:

1. **Zumba** — Tuesdays and Thursdays at 7:00 PM (Session 1)
2. **BodyPump** — Mondays at 6:30 PM (Session 2)
3. **Hip Hop Abs** — Saturdays at 10:00 AM (Session 3)
4. **Yoga** — Sundays at 6:00 PM (Session 4)

That gives us:
- Monday: BodyPump (1)
- Tuesday: Zumba (1)
- Wednesday: none
- Thursday: Zumba (1)
- Friday: none
- Saturday: Hip Hop Abs (1)
- Sunday: Yoga (1)

**Total: 6 fitness classes per week.**",,
q189,MR,ok,True,How many days did it take for my laptop backpack to arrive after I bought it?,5 days. 6 days (including the last day) is also acceptable.,"The laptop backpack took **5 days** to arrive after it was bought.

**Step-by-step reasoning:**

1. **Purchase date:** The user stated, ""I bought it from Amazon on 1/15"" (January 15, 2023).
2. **Arrival date:** The user stated, ""It arrived on 1/20"" (January 20, 2023).
3. **Calculation:** January 20, 2023 minus January 15, 2023 equals **5 days**.

Therefore, the backpack arrived **5 days** after purchase.",,
q190,MR,MISS,False,How many pieces of jewelry did I acquire in the last two months?,3,"Based on the provided history chats, here is the step-by-step reasoning to answer the question:

**Step 1: Extract relevant information about jewelry acquisitions in the last two months.**
The current date is 2023/05/30. The last two months would be April and May 2023.

- **Session 1 (2023-05-28):** The user states, ""I just got a new silver necklace with a small pendant on the 15th of last month."" Since this session is in May, ""last month"" refers to April. The evidence metadata confirms this: `label=user has a new silver necklace with a small pendant, acquired on 2023/04/15`. This is **1 piece of jewelry**.
- **Session 3 (2023-05-21):** The user states, ""I just got a new pair of earrings last weekend at a flea market - a stunning pair of emerald earrings."" The session is on 2023-05-21, so ""last weekend"" would be around 2023-05-13 or 2023-05-14, which falls within the last two months. This is **1 piece of jewelry** (a pair of earrings counts as one acquisition event).
- **Session 2 (2023-05-24):** The user mentions inheriting antique pieces from their grandmother's estate ""last month"" (April 2023). However, the user specifically mentions inheriting a ""Victorian-era wooden dresser"" (furniture, not jewelry) and that siblings got a ""vintage sewing machine"" and ""silverware."" While silverware is technically silver, it is not explicitly referred to as a piece of jewelry, and the exact number of jewelry pieces inherited is not specified. Therefore, this cannot be reliably counted.

**Step 2: Reason over the information.**
From the evidence, we have two clear, specific acquisitions of jewelry within the last two months:
1. A silver necklace with a small pendant (acquired 2023/04/15).
2. A pair of emerald earrings (acquired around mid-May 2023).

The inheritance of the estate is not clearly defined as jewelry, and the number of pieces is unspecified, so it is excluded from the count.

**Step 3: Determine the final count.**
The user acquired 2 pieces of jewelry in the last two months.

**Final Answer:**
2",,
q191,MR,ok,True,How much money did I raise in total through all the charity events I participated in?,"$5,850","Based on the provided history chats, I can extract the following charity event fundraising amounts:

1. **Charity yoga event**: Raised $600 for a local animal shelter (Session 1).
2. **Charity walk**: Raised $250 through sponsors (Session 2).
3. **Bike-a-Thon for Cancer Research**: The user's team raised $5,000 (Session 3).

**Total raised**: $600 + $250 + $5,000 = **$5,850**",,
q192,MR,ok,True,"How many projects have I been working on simultaneously, excluding my thesis?",2,"**Step 1: Extract relevant information**

From the history chats, I can identify the following projects the user is working on:

1. **Master's thesis** on AI in medical diagnosis / AI's impact on healthcare outcomes (mentioned in Session 1, Session 2, Session 3).
2. **Data Mining course group project** — specifically working on the Bike Sharing dataset (mentioned in Session 1).
3. **Database Systems course group project** (mentioned in Session 2).

The user also explicitly stated in Session 3: *""I've created separate boards for my thesis, Data Mining project, and Database Systems project.""*

**Step 2: Reason over the information**

The question asks: **How many projects have I been working on simultaneously, excluding my thesis?**

- Thesis = excluded.
- Data Mining course group project = 1 project.
- Database Systems course group project = 1 project.

Total = **2 projects** (excluding the thesis).

**Answer: 2**",,
q193,MR,ok,True,How many musical instruments do I currently own?,"I currently own 4 musical instruments. I've had the Fender Stratocaster electric guitar for 5 years, the Yamaha FG800 acoustic guitar for 8 years, the 5-piece Pearl Export drum set for an unspecified amount of time, and the Korg B1 piano for 3 years.","Based on the provided history chats, I can identify the following musical instruments that you currently own:

1.  **Black Fender Stratocaster electric guitar** - You mentioned you've had it for about 5 years.
2.  **5-piece Pearl Export drum set** - You mentioned you are thinking of selling it, but you still own it.
3.  **Korg B1 digital piano** - You mentioned you've had it for about 3 years.
4.  **Yamaha FG800 acoustic guitar** - You mentioned you've had it for about 8 years.

Therefore, the total number of musical instruments you currently own is **4**.",,
q194,MR,ok,True,How many bikes did I service or plan to service in March?,2,"Based on the provided history chats, I need to determine how many bikes the user serviced or planned to service in March 2023.

**Step 1: Extract relevant information**

- **Session 1 (March 20, 2023):** The user states they got their **road bike** serviced at Pedal Power on **March 10th**. The service included replacing worn-out brake pads and cables. (Evidence: fact_4db1ee06, fact_b910b292, fact_ce3f1263)
- **Session 5 (March 20, 2023):** The user mentions cleaning and lubricating their **road bike** chain on **March 2nd** and again on **March 22nd**. However, cleaning and lubricating a chain is routine maintenance, not a ""service"" in the same sense as a shop service. The question asks about bikes ""serviced or plan to service,"" which typically refers to professional servicing or major maintenance, not self-cleaning.
- **Session 6 (March 20, 2023):** The user plans to replace the front tire on their **commuter bike** with a Continental Gatorskin. The user states, ""I think it is time to replace it this month, before April comes."" This indicates a plan to service (replace a part) on the commuter bike in March. (Evidence: fact_0c9d8257)

**Step 2: Reason over the information**

1.  **Road bike:** Serviced at Pedal Power on March 10th. This is a confirmed service in March. (1 bike)
2.  **Commuter bike:** The user plans to replace the front tire in March (""this month, before April comes""). This is a planned service in March. (1 bike)
3.  **Mountain bike:** The user mentions enjoying their mountain bike and a new water bottle cage, but there is no mention of servicing or planning to service it in March.

**Step 3: Determine the count**

The user serviced their **road bike** and planned to service their **commuter bike** in March. This gives a total of **2** bikes.

**Final Answer:** 2",,
q195,MR,ok,True,How many days did I spend participating in faith-related activities in December?,3 days.,"Based on the provided history chats, I can identify the following faith-related activities the user participated in during December:

1.  **December 10th:** Volunteered at the church's annual holiday food drive, sorting donations and packing boxes for families in need.
2.  **December 17th:** Led a Bible study on faith and its application to daily life at church.
3.  **December 24th:** Attended midnight mass at St. Mary's Church with family.

These are three distinct activities on three separate days in December.

**Answer:** 3 days.",,
q196,MR,ok,True,How many kitchen items did I replace or fix?,"I replaced or fixed five items: the kitchen faucet, the kitchen mat, the toaster, the coffee maker, and the kitchen shelves.","Based on the history chats, here are the kitchen items the user replaced or fixed:

1. **Kitchen shelves** – fixed (Session 1, dated 2023-05-13)
2. **Kitchen mat** – replaced with a new one from IKEA (Session 2, dated 2023-05-21)
3. **Kitchen faucet** – replaced with a Moen touchless sensor faucet (Session 3, dated 2023-05-21)
4. **Toaster** – replaced with a toaster oven (Session 4, dated 2023-05-26)
5. **Coffee maker** – replaced with an espresso machine (Session 5, dated 2023-05-30)

**Total: 5 kitchen items were replaced or fixed.**",,
q197,MR,ok,True,How many times did I ride rollercoasters across all the events I attended from July to October?,10 times,"Based on the provided history chats, I can extract the following information about your rollercoaster rides between July and October:

1. **SeaWorld San Diego (July)**: You rode the Mako, Kraken, and Manta rollercoasters all in one night. That's **3 rides**.
2. **Disneyland (September 24th)**: You rode Space Mountain: Ghost Galaxy three times during Mickey's Halloween Party. That's **3 rides**.
3. **Knott's Berry Farm (October 8th)**: You rode the Xcelerator rollercoaster. That's **1 ride**.
4. **Universal Studios Hollywood (October 15th)**: You rode the Revenge of the Mummy rollercoaster three times in a row. That's **3 rides**.

Now, adding these up:
- 3 (SeaWorld) + 3 (Disneyland) + 1 (Knott's) + 3 (Universal) = **10 rides**

**Answer: You rode rollercoasters 10 times across all the events you attended from July to October.**",,
q198,MR,MISS,False,How much total money did I spend on attending workshops in the last four months?,$720,"Based on the provided history, I need to calculate the total money spent on workshops in the last four months. The current date is 2023/02/26, so the last four months would be from approximately 2022/10/26 to 2023/02/26.

**Step 1: Extract all relevant information about workshop costs.**

- **Mindfulness Workshop:** User paid $20 to attend on 2022-12-12. (Session 1)
- **Writing Workshop:** User paid $200 to attend a two-day workshop in November 2022. (Session 2)
- **Photography Workshop:** User attended a one-day workshop on 2023-02-22. It was explicitly stated to be a **free** event. (Session 1)
- **Digital Marketing Workshop:** User paid $500 to attend on 2023-03-15. (Session 3)

**Step 2: Filter events based on the time window (last four months).**

- Mindfulness Workshop (2022-12-12): **Within window.**
- Writing Workshop (November 2022): **Within window.**
- Photography Workshop (2023-02-22): **Within window.**
- Digital Marketing Workshop (2023-03-15): **Outside window** (this is in the future relative to the current date of 2023-02-26).

**Step 3: Sum the costs of the workshops within the time window.**

- Mindfulness Workshop: $20
- Writing Workshop: $200
- Photography Workshop: $0 (free)

Total = $20 + $200 + $0 = $220

**Step 4: Consider other workshops mentioned.**
The user also mentioned attending an entrepreneurship workshop in January 2023 (Session 1), but no cost was provided for it. Since there is no cost information, it cannot be added to the sum.

**Final Answer:**
$220",,
q199,MR,ok,True,How many days did I spend in total traveling in Hawaii and in New York City?,15 days,"Based on the provided history chats, I can extract the following relevant information:

1.  **Hawaii trip:** In Session 1, the user stated they ""just got back from an amazing island-hopping trip to Hawaii with my family"" and mentioned ""we had to plan everything out for the 10-day"". This confirms a 10-day trip to Hawaii.
2.  **New York City trip:** In Session 2, the user stated they ""recently got back from a solo trip to New York City for five days"".

Adding these together: 10 days (Hawaii) + 5 days (New York City) = 15 days.

**Answer:** You spent a total of **15 days** traveling in Hawaii and New York City.",,
q200,MR,ok,True,"How many days did I spend attending workshops, lectures, and conferences in April?",3 days,"**Step 1: Extract relevant information**

From the history chats, I need to find all instances where the user attended workshops, lectures, or conferences in April 2023.

Relevant evidence found:

1. **ML Workshop (April 17-18, 2023)** — From Session 1:
   - ""I actually learned about standardization and normalization in a 2-day workshop I attended on the 17th and 18th of April""
   - Evidence metadata confirms: ""User attended a 2-day ML workshop on April 17-18, 2023 covering supervised learning and deep learning""
   - This is a **2-day** workshop.

2. **Sustainable Development Lecture (April 10, 2023)** — From Session 2:
   - ""I recently attended a lecture on sustainable development at the public library on the 10th of April""
   - Evidence metadata confirms: ""User attended a lecture on sustainable development at the public library on April 10, 2023""
   - This is a **1-day** lecture.

No other workshops, lectures, or conferences in April are mentioned in the evidence.

**Step 2: Calculate total days**

- ML Workshop: April 17 and April 18 = **2 days**
- Sustainable Development Lecture: April 10 = **1 day**

Total = 2 + 1 = **3 days**

**Answer: 3 days**",,
q201,MR,ok,True,How many magazine subscriptions do I currently have?,2,"Based on the provided history, I can identify the following magazine subscriptions:

1. **The New Yorker** – The user subscribed in early February 2023 and has mentioned enjoying it in multiple sessions. There is no indication of cancellation.
2. **Architectural Digest** – The user mentions getting this magazine and loving it for home decor inspiration. There is no indication of cancellation.
3. **Forbes** – The user canceled this subscription in early March 2023, so it is no longer active.

No other magazine subscriptions are mentioned in the history. The ""book subscription box"" mentioned in Session 6 is not a magazine subscription.

Therefore, the user currently has **2** active magazine subscriptions.

**Answer: 2**",,
q202,MR,ok,True,How many online courses have I completed in total?,5,"Based on the history chats, I can extract the following relevant information:

1. **Session 1 (2023-05-30)**: The user stated, ""I've completed two courses on edX so far"" — this is confirmed twice in the session.

2. **Session 2 (2023-05-23)**: The user stated, ""I've completed three courses on Coursera"" — this is confirmed in the session.

3. **Session 2 (2023-05-23)**: The user also mentioned having ""completed some courses on Coursera"" and having ""a good foundation in NLP and deep learning,"" but the specific count given is three courses.

Now, adding these together:
- 2 courses on edX
- 3 courses on Coursera

**Total = 2 + 3 = 5 online courses completed.**

**Answer: You have completed a total of 5 online courses (2 on edX and 3 on Coursera).**",,
q203,MR,MISS,False,How many music albums or EPs have I purchased or downloaded?,3,"Based on the history chats, I can identify the following music albums or EPs that you have purchased or downloaded:

1. **Billie Eilish – ""Happier Than Ever""** – You downloaded this album on Spotify (mentioned in Session 2, dated 2023-05-20).
2. **The Whiskey Wanderers – ""Midnight Sky"" (EP)** – You purchased this EP at a festival merchandise booth (mentioned in Sessions 1, 2, and 5).

**Answer: 2** music albums/EPs have been purchased or downloaded.",,
q204,MR,ok,True,How many years in total did I spend in formal education from high school to the completion of my Bachelor's degree?,10 years,"**Step 1: Extract relevant information**

From the history chats, I can extract the following educational timeline:

1. **High School**: User attended Arcadia High School from **2010 to 2014** (4 years).
2. **Associate's Degree**: User earned an Associate's degree in Computer Science from Pasadena City College (PCC) in **May 2016**.
3. **Bachelor's Degree**: User graduated with a Bachelor's in Computer Science from UCLA in **2020**, which took **four years** to complete.

**Step 2: Reason over the information**

The question asks: ""How many years in total did I spend in formal education from high school to the completion of my Bachelor's degree?""

- High school: 2010 to 2014 = **4 years**
- Associate's degree: The user earned this in May 2016. The user attended PCC after high school (2014–2016), which is approximately **2 years** (though the exact start date isn't specified, the degree was earned in May 2016, and high school ended in 2014, so this is a reasonable inference).
- Bachelor's degree: The user explicitly stated it took **four years** to complete (2016–2020).

Total years from high school start (2010) to Bachelor's completion (2020) = **10 years**.

However, if we interpret ""formal education from high school to the completion of my Bachelor's degree"" as the sum of the durations of each stage:
- High school: 4 years
- Associate's: 2 years (2014–2016)
- Bachelor's: 4 years (2016–2020)

Total = 4 + 2 + 4 = **10 years**.

**Answer: 10 years**",,
q205,MR,ok,True,How many graduation ceremonies have I attended in the past three months?,3,"Based on the provided history, here is the step-by-step reasoning:

**1. Extract all relevant information about graduation ceremonies attended in the past three months (from 2023-04-21 to 2023-07-21):**

- **Session 1:** ""I just attended my best friend Rachel's master's degree graduation ceremony a couple of weeks ago"" (relative to 2023-07-21, this falls within the window).
- **Session 2:** ""I just attended my little cousin Emma's preschool graduation about two months ago!"" (relative to 2023-07-21, this falls within the window).
- **Session 3:** ""I just attended my colleague Alex's graduation from a leadership development program at work a few weeks ago"" (relative to 2023-07-21, this falls within the window).
- **Session 4:** ""I'm still feeling a bit guilty about missing my nephew Jack's eighth grade graduation ceremony last month."" This explicitly states the user **missed** this ceremony, so it should not be counted as attended.

**2. Reason over the information:**
The question asks for the number of graduation ceremonies the user **attended**. We have three distinct instances where the user explicitly states they attended a graduation ceremony (Rachel's, Emma's, and Alex's). The fourth instance (Jack's) is explicitly stated as missed, so it is excluded.

**3. Final count:**
3

**Answer:** 3",,
q206,ABS,ok,True,How many fish are there in my 30-gallon tank?,The information provided is not enough. You did not mention that you have a 30-gallon tank.,"Based on the history chats, the user's tank is **20 gallons**, not 30 gallons. The question asks about a ""30-gallon tank,"" which does not exist in the provided evidence.

The 20-gallon tank currently contains:
- 10 neon tetras
- 5 golden honey gouramis
- 1 small pleco catfish

That totals **16 fish** in the 20-gallon tank.

The user also has a betta fish named Bubbles, but Bubbles is in a separate 10-gallon tank, not the 20-gallon tank.

Since there is no 30-gallon tank mentioned anywhere in the history, the information about the number of fish in a 30-gallon tank is **missing**.",,
q207,ABS,ok,True,How many years in total did I spend in formal education from high school to the completion of my Master's degree?,"The information provided is not enough. You mentioned 4 years in high school (2010-2014), 2 years at PCC (2014-2016), and 4 years at UCLA (2016-2020). But you didn't mention the number of years you spend getting the Master's degree","Based on the provided history, here is the step-by-step reasoning to answer the question:

**1. Extract relevant information:**

- **High School:** The user attended Arcadia High School from 2010 to 2014. This is a period of **4 years** (2010, 2011, 2012, 2013, 2014).
- **Associate's Degree:** The user earned an Associate's degree in Computer Science from Pasadena City College (PCC) in May 2016. This indicates they completed this degree after high school.
- **Bachelor's Degree:** The user graduated with a Bachelor's in Computer Science from UCLA in 2020, which took them four years to complete. This is a period of **4 years**.
- **Master's Degree:** The user is *considering* pursuing a Master's degree in Computer Science at UCLA. This is a future plan and has not been completed.

**2. Reason over the information:**

The question asks for the total years spent in formal education ""from high school to the completion of my Master's degree.""

- High school: 4 years (2010-2014)
- Associate's degree: The user earned this in May 2016. Since they started high school in 2010 and graduated in 2014, and then earned an Associate's degree by 2016, this implies a 2-year period (2014-2016) for the Associate's degree.
- Bachelor's degree: 4 years (2016-2020, as stated it took four years).
- Master's degree: The user is only *considering* this and has not completed it. Therefore, the time spent on a Master's degree is **0 years** because it has not been started or completed.

**Total years:**
4 (High School) + 2 (Associate's) + 4 (Bachelor's) + 0 (Master's) = **10 years**

**Final Answer:**
10 years.",,
q208,IE,ok,True,Can you suggest some accessories that would complement my current photography setup?,The user would prefer suggestions of Sony-compatible accessories or high-quality photography gear that can enhance their photography experience. They may not prefer suggestions of other brands' equipment or low-quality gear.,"Based on the history, I can see you're a Sony camera user with a Sony A7R IV, and you've been actively upgrading your gear. Here are some accessories that would complement your current setup, based on what you've been looking at and discussing:

**1. Camera Bag (You mentioned wanting to upgrade)**
You said you're looking for a more comfortable and durable camera bag specifically designed for Sony cameras. Brands like **Think Tank Photo**, **Lowepro**, **F-Stop Gear**, **Peak Design**, and **MindShift Gear** are all known for making high-quality bags compatible with Sony systems. Since you're a Sony user, any of these would be a solid choice.

**2. Tripod (You were considering the Gitzo GT3543LS)**
You were interested in the **Gitzo GT3543LS** tripod. It's a high-end, heavy-duty option that supports up to 39.7 lbs (18 kg), features a magnesium alloy build, and uses Gitzo's G-Lock Ultra leg-locking system. If you're looking for maximum stability and durability, this is an excellent choice.

**3. External Battery Pack (You asked about these)**
You asked about external battery packs to charge your Sony A7R IV and other devices on the go. Good options include:
- **Anker PowerCore 20000 PD** (20,000mAh, USB-C PD, ~$60)
- **Jackery Titan S 20000** (20,000mAh, multiple USB ports, ~$70)
- **Mophie Powerstation XXL** (20,800mAh, USB-C PD, ~$100)

**4. Flash (You decided on the Godox V1)**
You mentioned you were leaning toward and intended to buy the **Godox V1** flash. To protect it, you were recommended:
- **Godox V1 Hard Case** (~$25)
- **Think Tank Photo Flash Pouch** (~$15)
- **Vello Flash Pouch** (~$10)

**5. Lens Cleaning Kit (You asked about cleaning your 24-70mm f/2.8)**
Since you have a Sony 24-70mm f/2.8 lens, a proper cleaning kit is essential. You were advised to use a **soft, dry microfiber cloth** and optionally a **lens cleaning solution** applied to the cloth (not directly to the lens), avoiding paper towels and household cleaners.

These accessories directly address the gear you've been researching and the needs you've expressed, so they should fit well with your current photography setup.",,
q209,IE,MISS,False,Can you suggest a hotel for my upcoming trip to Miami?,"The user would prefer suggestions of hotels in Miami that offer great views, possibly of the ocean or the city skyline, and have unique features such as a rooftop pool or a hot tub on the balcony. They may not prefer suggestions of basic or budget hotels without these features.","Based on the history chats provided, I can extract the following relevant information about the user:

- **Upcoming trips:** The user is planning trips to Las Vegas (4-day trip) and Seattle (next month, June 2023).
- **Hotel preferences (from Seattle trip planning):** The user is interested in hotels with great city views, rooftop pools or hot tubs on balconies, and specific packages (e.g., Space Needle Romance Package at The Edgewater Hotel with a hot tub balcony, fireplace, complimentary breakfast, and spa credit).
- **Packing habits:** The user tends to overpack (e.g., packed 7 tops for NYC but wore only 3) and is actively working on packing light, using a backpack-style carry-on, and bringing portable laundry detergent.
- **Other interests:** The user enjoys board games (Taboo, What Do You Meme, Forbidden Island, Pandemic, Azul), tech gadgets, and has bought items like a vintage Omega watch and a Chinese vase.

**Reasoning:**
The question asks for a hotel suggestion for an upcoming trip to **Miami**. However, there is **no evidence** in any of the provided history chats that the user is planning a trip to Miami, has ever mentioned Miami, or has expressed any preferences related to Miami. All hotel-related discussions are specifically about Seattle (The Edgewater Hotel, etc.). The user's packing discussions are about Las Vegas and Seattle, not Miami.

Since the user's stated preferences (hot tub on balcony, city views, rooftop pools, specific packages) were all in the context of Seattle, and there is no indication they are traveling to Miami, I cannot directly apply those preferences to a Miami recommendation without making unsupported assumptions. The evidence does not contain any information about the user's Miami trip or Miami hotel preferences.

**Answer:**
Based on the information available, I don't have any details about an upcoming trip to Miami. All your recent travel planning has been for Las Vegas (a 4-day trip) and Seattle (next month), where you were interested in hotels like The Edgewater Hotel with a hot tub on the balcony, city views, and romantic packages. Since I have no record of your Miami plans or preferences, I'm missing the necessary information to suggest a suitable hotel for Miami. If you're planning a Miami trip, could you share more about what you're looking for (e.g., beachfront, nightlife, budget, specific amenities)? That would help me give you a tailored recommendation.",,
q210,IE,ok,True,Can you recommend some interesting cultural events happening around me this weekend?,"The user would prefer responses that suggest cultural events where they can practice their language skills, particularly Spanish and French. They would also appreciate if the event has a focus on language learning resources. They would not prefer events that do not provide opportunities for language practice or cultural exchange.","Based on the history chats, I can see that you are based in Medellín, Colombia, and are interested in cultural events and language exchange opportunities, particularly focusing on French and Spanish. You also prefer to support local businesses and have volunteered at a cultural festival in the past.

From the history, I found specific recommendations for language exchange events in Medellín:

1. **Medellín Language Exchange** – A Facebook group that organizes language exchange events and meetups in Medellín.
2. **Language Exchange Medellín** – A Meetup group that hosts language exchange events, often with a focus on Spanish-English exchange.

These are directly relevant to your interest in conversational practice and cultural exchange. Since you're in Medellín this weekend, I'd recommend checking these groups for any upcoming events. Additionally, since you prefer supporting local businesses, you might look for cultural festivals or markets in the city that feature local vendors and food, such as **Mercado Minorista**, which you mentioned planning to visit.

For French and Spanish specifically, you could also use apps like **Tandem** or **HelloTalk** to find language partners in Medellín, and ask your tutor Juan if he knows of any local cultural events or language exchange meetups happening this weekend.",,
q211,IE,ok,True,Can you recommend a show or movie for me to watch tonight?,"The user would prefer recommendations for stand-up comedy specials on Netflix, especially those that are known for their storytelling. They may not prefer recommendations for other genres or platforms.","Based on your history, I can see you have a few strong interests that could guide tonight's viewing:

1. **True crime**: You binged the entire ""Crime Junkie"" podcast in 5 days and are hooked on the genre.
2. **Stand-up comedy with strong storytelling**: You specifically cited John Mulaney's ""Kid Gorgeous"" as an example of what you enjoy.

Given these two interests, I'd recommend **""Hasan Minhaj: Homecoming King""** on Netflix. It was one of the specials I recommended to you earlier for its masterclass-level storytelling, weaving personal anecdotes with cultural commentary. It's not true crime, but it delivers the narrative depth you appreciate in stand-up.

If you're in the mood for something that combines your true crime interest with a compelling narrative, you might also consider the documentary series **""The Vanished""** — though that's a podcast, not a show. For a visual true crime option, **""Serial""** (the podcast) doesn't have a show, but **""Dr. Death""** (which I also recommended) has a TV adaptation on Peacock that covers medical crimes with strong storytelling.

Since you've been balancing your true crime binge with self-improvement content, you might also enjoy a documentary-style show that satisfies both — but given your stated love for true crime and strong storytelling, I'd lead with **""Homecoming King""** tonight.",,
q212,IE,ok,True,Can you suggest some activities that I can do in the evening?,"The user would prefer suggestions that involve relaxing activities that can be done in the evening, preferably before 9:30 pm. They would not prefer suggestions that involve using their phone or watching TV, as these activities have been affecting their sleep quality.","Based on the history chats, I can suggest evening activities tailored to your preferences and schedule.

**Relevant Information:**

- You prefer to wind down by 9:30 pm to prepare for sleep.
- You are interested in guided imagery exercises and guided meditations for relaxation and sleep, and you were considering doing them at a consistent time, such as before bed.
- You have been advised to start winding down 60–90 minutes before bedtime, disconnect from screens, and use relaxation techniques.
- You prefer a structured schedule.
- You have a project due soon and have been working on it during the day.

**Suggested Evening Activities:**

1. **Guided imagery or meditation before bed** – Since you expressed interest in guided imagery for coping with emotions and comfort, and you were considering doing it before bed, this is a great fit. You can use apps like Headspace, Calm, or Insight Timer, or try specific meditations like ""Relaxation Response"" or ""Body Scan.""

2. **Wind-down routine starting around 8:00–8:30 pm** – Given your 9:30 pm wind-down goal, start disconnecting from work and screens 60–90 minutes earlier. This could include:
   - Reading a book (not too stimulating)
   - Gentle stretching or yoga
   - Listening to calming music or nature sounds
   - Deep breathing exercises

3. **Prepare your sleep environment** – Make your bedroom dark, quiet, and comfortable, and do a calming pre-sleep routine like brushing teeth, washing your face, and changing into pajamas.

4. **Journaling or reflecting on your day** – This can help you process emotions and clear your mind before sleep.

These activities align with your stated preferences for relaxation, emotional processing, and a structured wind-down, and they avoid anything you've said you dislike (like wearing a mask while working out, which wouldn't apply here anyway).",,
q213,IE,ok,True,My kitchen's becoming a bit of a mess again. Any tips for keeping it clean?,"The user would prefer responses that acknowledge and build upon their existing efforts to organize their kitchen, such as utilizing their new utensil holder to keep countertops clutter-free. They would also appreciate tips that address their concern for maintaining their granite surface, particularly around the sink area. Preferred responses would provide practical and actionable steps to maintain cleanliness, leveraging the user's current tools and setup. They might not prefer generic or vague suggestions that do not take into account their specific kitchen setup or concerns.","Based on the history, I can see you've been dealing with several kitchen issues recently, and I have specific advice for each area you've mentioned. Here are tips to help keep your kitchen clean and organized:

**1. Garbage Disposal Maintenance**
- Clean it regularly with **baking soda and vinegar** (pour ½ cup baking soda, then 1 cup vinegar, let sit 1-2 hours, rinse with hot water).
- Grind **ice cubes and rock salt** to scrub away debris and odors.
- Grind **lemon or orange pieces** to deodorize.
- Always run **cold water** while the disposal is running.
- If it's over 10-15 years old, frequently clogs, leaks, or has persistent odors, it may be time to replace it.

**2. Utensil Holder Organization**
- **Purge duplicates** and group similar utensils together.
- **Assign a home** for each group and use **dividers** to keep them separated.
- Store **frequently used items front and center**, and use **vertical space** for longer tools like spatulas and whisks.
- Clean your utensil holder regularly to prevent bacteria buildup.

**3. Granite Countertop Scratch Repair**
- For shallow scratches, try a **baking soda and water paste** rubbed in with a soft cloth.
- Use **stone soap** or **mineral oil** for minor marks.
- Consider a **granite repair kit** for deeper scratches.
- **Prevent future scratches** by always using cutting boards, coasters, and pads under pots and utensils.
- Avoid harsh chemicals and abrasive cleaners.

**4. Leaking Kitchen Faucet**
- **Inspect** the aerator, O-rings, gaskets, and valve seats for wear or damage.
- Clean or replace the **aerator** if clogged; replace worn **O-rings/gaskets**.
- If the faucet is over 10-15 years old, leaks frequently, or has significant corrosion, consider replacing it.

**5. Slow Cooker Yogurt Making (Bonus)**
- Since you're making yogurt, remember to **clean your slow cooker thoroughly** after each use to prevent residue buildup — this keeps both your yogurt and your kitchen clean.

**General Kitchen Cleanliness Tips:**
- **Clean as you go** — wipe down counters immediately after cooking to prevent stains and buildup.
- **Seal your granite countertops** regularly to protect against spills and scratches.
- **Keep a designated ""painting only"" or ""messy prep"" area** if you're doing projects, to contain messes (a tip you liked for your painting party).
- **Use small plates and napkins** when hosting to make cleanup easier.

Since you've already been working on these specific issues, staying on top of regular maintenance for each will go a long way in keeping your kitchen clean and functional.",,
q214,IE,ok,True,I've been struggling with my slow cooker recipes. Any advice on getting better results?,"The user would prefer responses that provide tips and advice specifically tailored to their slow cooker experiences, utilizing their recent success with beef stew and interest in making yogurt in the slow cooker. They might not prefer general slow cooker recipes or advice unrelated to their specific experiences and interests.","Based on the history chats, I can see that you recently learned to use a slow cooker and made a beef stew, and you've been exploring more recipes—including making yogurt in a slow cooker and trying more plant-based meals. You also specifically asked about making a cashew-based yogurt in the slow cooker.

Here are some advice points drawn directly from what we discussed earlier:

1. **For general slow cooker success:**  
   - Use a thermometer to monitor temperatures, especially for yogurt (heat milk to 180–185°F, then cool to 110–120°F before adding the starter).  
   - For cashew yogurt, use the **low heat setting** to avoid scorching, and incubate for **8–12 hours or overnight** with a vegan yogurt starter or probiotic powder.

2. **For plant-based meals:**  
   - You mentioned wanting to eat more plant-based meals. From the vegetarian/vegan recipes I shared, you can try **Lentil Curry**, **Black Bean Chili**, or **Chickpea and Spinach Curry**—these are hearty and work well in a slow cooker.  
   - If you want to adapt your beef stew to be plant-based, you could swap the beef for lentils or mushrooms and use vegetable broth.

3. **For cashew yogurt specifically:**  
   - Soak cashews for at least 4 hours (or overnight), then blend with fresh water (1:1 ratio) until smooth, and strain through a nut milk bag or cheesecloth for a creamy texture.  
   - Chill the mixture before incubating to help it set.

Since you're already comfortable with the slow cooker and enjoy experimenting, I'd suggest starting with the **Lentil Curry** or **Black Bean Chili** for a plant-based dinner, and trying the cashew yogurt with a longer incubation (10–12 hours) for a thicker, tangier result.",,
q215,IE,ok,True,I've been thinking about ways to stay connected with my colleagues. Any suggestions?,"The user would prefer responses that acknowledge their desire for social interaction and collaboration while working remotely, utilizing their previous experiences with company initiatives and team collaborations. They might prefer suggestions of virtual team-building activities, regular check-ins, or joining interest-based groups within the company. The user may not prefer generic suggestions that do not take into account their specific work situation or previous attempts at staying connected with colleagues.","Based on our previous conversation, I remember you enjoy the flexibility of working from home but miss the social interactions and watercooler conversations with colleagues. You were particularly interested in the idea of **virtual coffee breaks** and liked the suggestion to discuss and agree with your team before introducing them.

Here are some suggestions tailored to what we discussed:

1. **Virtual coffee breaks**: You already liked this idea. To make it work, consider proposing it in your next team meeting by framing it as a collaborative suggestion — start with an open-ended question about staying connected, share your personal observation about missing casual chats, and then introduce the idea as a ""what if"" rather than a mandate.

2. **Establish ground rules**: You thought setting ground rules was a fantastic idea. Suggested rules we discussed include: no work talk allowed, keeping the conversation light and casual, respecting everyone's time with a set duration, being present and engaged, using video to promote face-to-face connection, rotating conversation starters, and encouraging active listening.

3. **Set up a virtual ""coffee shop"" or dedicated virtual space**: I suggested this as a follow-up idea — a shared virtual room or social platform where team members can hang out and chat informally, separate from work-focused meetings.

Since you already expressed enthusiasm for virtual coffee breaks and ground rules, I'd recommend starting with those two — they directly address your desire for social interaction while respecting your team's comfort and boundaries.",,
q216,IE,ok,True,What should I serve for dinner this weekend with my homegrown ingredients?,"The user would prefer dinner suggestions that incorporate their homegrown cherry tomatoes and herbs like basil and mint, highlighting recipes that showcase their garden produce. They might not prefer suggestions that do not utilize these specific ingredients or do not emphasize the use of homegrown elements.","Based on the history chats, I can extract the following relevant information about your homegrown ingredients and preferences:

**Relevant Information:**

1. **Homegrown ingredients you have:**
   - Fresh basil (Session 3, 16, 20)
   - Fresh mint (Session 3, 16, 20)
   - Cherry tomatoes harvested from your garden (Session 3, 20)

2. **Your stated preferences:**
   - You enjoy healthy meal options (Session 1)
   - You've had success with a quinoa salad with roasted vegetables, mixed greens, and vinaigrette dressing (Session 13)
   - You're planning a family dinner for your mom's 60th birthday (Session 1)

3. **Recipes suggested that use your ingredients:**
   - Caprese Salad (basil + tomatoes)
   - Pesto Pasta (basil)
   - Minty Fresh Salad (mint + tomatoes)
   - Middle Eastern-Style Salad with basil, mint, cherry tomatoes, bulgur, cucumbers, feta, lemon-tahini dressing
   - Herby Lemonade (basil + mint)
   - Basil and Mint Chimichurri

**Reasoning:**

Since you have fresh basil, mint, and cherry tomatoes from your garden, and you've expressed interest in healthy meal options, I would recommend the following for dinner this weekend:

**Main recommendation:** A **Middle Eastern-Style Salad** combining your homegrown basil, mint, and cherry tomatoes with bulgur, cucumbers, feta cheese, and a lemon-tahini dressing. This was specifically suggested in the chat as a recipe that combines both basil and mint, and it directly uses your cherry tomatoes.

**Additional options using your ingredients:**
- **Caprese Salad** with your fresh basil and cherry tomatoes
- **Pesto Pasta** using your basil, tossed with your cherry tomatoes
- **Minty Fresh Salad** with your mint and cherry tomatoes
- **Herby Lemonade** infused with your basil and mint as a refreshing drink

These options align with your preference for healthy meals and make excellent use of the fresh ingredients you've grown in your garden.",,
q217,IE,ok,True,I've been feeling a bit stuck with my paintings lately. Do you have any ideas on how I can find new inspiration?,"The user would prefer responses that build upon their existing sources of inspiration, such as revisiting Instagram art accounts or exploring new techniques from online tutorials. They might also appreciate suggestions that revisit previous themes they found enjoyable, like painting flowers. The user would not prefer generic or vague suggestions for finding inspiration, and would likely appreciate responses that utilize their recent 30-day painting challenge experience.","Based on the history chats, I can see that you're an acrylic painter who enjoys incorporating texture into your work, has been experimenting with palette knife techniques, is interested in painting realistic flowers (particularly inspired by flower paintings on Instagram), recently started a 30-day painting challenge, and is also thinking about selling your paintings online. You've also mentioned getting inspiration from social media.

Here are some ideas to help you find new inspiration for your paintings:

1. **Lean into your 30-day painting challenge** — You mentioned starting this recently. Even if you're feeling stuck, the structure of a daily challenge can help push through creative blocks. Use it as a low-pressure way to experiment without worrying about the outcome.

2. **Explore texture-focused subjects** — Since you're already interested in incorporating more texture with palette knives, try painting subjects that naturally lend themselves to texture: thick florals, landscapes with rough terrain, abstract pieces, or even everyday objects with interesting surfaces. The palette knife techniques you've been learning (impasto strokes, scraping, building layers) can be a great source of creative energy.

3. **Return to the flower paintings that inspired you** — You mentioned looking at flower paintings on Instagram. Go back to those references and study them with fresh eyes. Try painting the same flower multiple times, each time focusing on a different aspect: color, texture, composition, or a looser, more expressive style.

4. **Use your online selling goal as motivation** — Since you're thinking about selling your paintings online, consider creating a small series with a cohesive theme. This can give you direction and purpose. You could also photograph your work-in-progress to practice your photography skills while you paint.

5. **Draw from your other creative interests** — You're also inspired by the guitar work of David Gilmour and Stevie Ray Vaughan. Think about how their music makes you feel — the mood, the atmosphere, the emotion — and try to translate that into a painting. Music can be a powerful source of visual inspiration.

6. **Change your environment** — Since you're working from an apartment studio, try rearranging your space, painting at a different time of day, or even taking your supplies to a park or café for a change of scenery. Sometimes a new environment sparks fresh ideas.

7. **Revisit your earlier work** — Look back at paintings you've already done. Notice what you liked and what you'd do differently. Sometimes seeing your own progress can reignite motivation and give you ideas for where to go next.

The key is to combine what you already enjoy — texture, flowers, social media inspiration, and your challenge — with a bit of experimentation. You don't need to force it; just pick one small idea and start there.",,
q218,IE,ok,True,"I've been thinking about making a cocktail for an upcoming get-together, but I'm not sure which one to choose. Any suggestions?","Considering their mixology class background, the user would prefer cocktail suggestions that build upon their existing skills and interests, such as creative variations of classic cocktails or innovative twists on familiar flavors. They might appreciate recommendations that incorporate their experience with refreshing summer drinks like Pimm's Cup. The user would not prefer overly simplistic or basic cocktail recipes, and may not be interested in suggestions that don't take into account their mixology class background.","Based on the history chats, I can see that you've been planning to make a **Pimm's Cup with a Twist** using Hendrick's gin for an upcoming get-together. You've already made several specific decisions about this cocktail:

- You plan to use **Ruby Red Grapefruit simple syrup** for a balanced flavor and pink hue
- You plan to **muddle cucumber slices** for more flavor and texture
- You plan to serve it in a **Collins glass** to showcase the layers and garnishes

Since you've already put so much thought into this specific cocktail and have an upcoming get-together, I'd recommend going with the **Pimm's Cup with a Twist** — it's the cocktail you've been actively planning and customizing. You've already selected your ingredients, glassware, and preparation method, so it's ready to go. This would be a great choice to showcase your mixology skills from the class you attended, and it's a refreshing summer drink that fits the occasion perfectly.",,
q219,IE,MISS,False,I've been having trouble with the battery life on my phone lately. Any tips?,"The user would prefer responses that build upon their previous mention of purchasing a portable power bank, such as suggestions on how to optimize its use, like ensuring it's fully charged before use. They might also appreciate tips on utilizing battery-saving features on their phone. The user may not prefer responses that suggest alternative solutions or unrelated advice.","Based on the history chats provided, there is no information about the user having trouble with their phone's battery life. The chats cover topics such as Victorian jewelry, aquascaping, tech accessory organization, travel, exercise, daily routines, knitting, deep learning, meal prep, and more, but none mention phone battery issues.

Therefore, the information is missing from the provided history. I cannot provide personalized advice based on the user's past statements, as no relevant context exists.",,
q220,IE,ok,True,I've been feeling like my chocolate chip cookies need something extra. Any advice?,"The user would prefer responses that build upon their previous experimentation with turbinado sugar, suggesting ingredients or techniques that complement its richer flavor. They might not prefer generic cookie-making advice or suggestions that don't take into account their existing use of turbinado sugar.","Based on the history chats, I can see that you enjoy experimenting with different types of sugar, particularly turbinado sugar, which you've noted adds a richer flavor to your baking. You've also shown interest in muscovado sugar for its stronger, more intense flavor with molasses and caramel notes, and you've used brown sugar and almond flour in other desserts like cherry clafoutis.

For your chocolate chip cookies, here's my advice:

**Try swapping in turbinado sugar** for part of the granulated sugar in your recipe. Since you already know turbinado sugar adds a subtle caramel flavor and richness, using it in cookies will give them a deeper, more complex sweetness. You could replace about half of the granulated sugar with turbinado sugar to start.

**If you want an even bolder flavor, consider muscovado sugar** — you've already expressed interest in it for its intense molasses and caramel notes. In cookies, you could replace up to 25% of the granulated sugar with muscovado sugar (similar to how you'd use it in cream cheese frosting) to get that stronger flavor without overwhelming the dough.

**Pair it with warm spices** — you've learned that turbinado sugar pairs well with cinnamon, nutmeg, or cardamom. A pinch of cinnamon or nutmeg in your cookie dough would complement the caramel notes nicely.

**Add nuts** — you've also discussed how nuts like walnuts or pecans pair beautifully with turbinado sugar's caramel flavor. Chopped walnuts or pecans would add texture and depth to your cookies.

**Consider a sprinkle on top** — just like you planned to sprinkle brown sugar over sliced almonds in your clafoutis, you could sprinkle a little turbinado sugar on top of your cookie dough before baking for a crunchy, caramelized topping.

Since you already enjoy experimenting with sugars and have found turbinado and muscovado to your liking, these tweaks should give your chocolate chip cookies that extra something you're looking for.",,
q221,IE,ok,True,I'm thinking of inviting my colleagues over for a small gathering. Any tips on what to bake?,"The user would prefer baking suggestions that take into account their previous success with the lemon poppyseed cake, such as variations of that recipe or other desserts that share similar qualities. They might prefer suggestions that balance impressiveness with manageability, considering their previous experience. The user may not prefer overly complex or unfamiliar recipes, or suggestions that do not build upon their existing baking experience.","Based on the history, here's what I know about you and your baking preferences:

**Relevant information from your history:**
- You've made a **lemon poppyseed cake** for a colleague's going-away party, and it was a hit.
- You're interested in a **lemon lavender pound cake** for a friend's birthday and have the full recipe (including how to incorporate dried lavender buds, sugar amounts, and storage tips).
- You've asked for tips on making **chewy chocolate chip cookies** and received a detailed recipe and technique guide.
- You've experimented with **oatmeal raisin with nuts** cookies and received healthier cookie options and flavor combinations.
- You've successfully made **vegan mac and cheese** with a cashew-based cheese sauce and are planning a **vegan lasagna** with cashew ricotta for a family gathering.
- You have a **slow cooker** and have been exploring breakfast recipes and reheating safety.

**Recommendations for your colleagues' gathering:**

Given your track record, here are the best options:

1. **Lemon Lavender Pound Cake** – You already have the full recipe and know how to make it. It's elegant, unique, and a proven crowd-pleaser. You've already planned to make it for a birthday, so it's a safe bet for a gathering.

2. **Chewy Chocolate Chip Cookies** – You have the exact recipe and tips (use a mix of white and brown sugar, don't overbake, chill the dough). Cookies are easy to serve at a casual gathering and always popular.

3. **Vegan Lasagna with Cashew Ricotta** – If any colleagues have dietary restrictions, this is a great option. You've already planned it for a family gathering and have the cashew ricotta technique down.

4. **Oatmeal Raisin with Nuts Cookies** – You were interested in this flavor. It's a heartier, healthier option that pairs well with coffee or tea.

**What to avoid:** You haven't mentioned disliking anything, so no conflicts there.

**My top suggestion:** Go with the **lemon lavender pound cake** as the centerpiece — it's something you've already perfected and will impress your colleagues. Add a batch of **chewy chocolate chip cookies** for variety and ease of serving. If you want a savory option, the **vegan lasagna** would round out the spread nicely.",,
q222,IE,ok,True,I was thinking about rearranging the furniture in my bedroom this weekend. Any tips?,"The user would prefer responses that take into account their existing plans to replace the bedroom dresser and their interest in mid-century modern style, suggesting furniture layouts that accommodate the new dresser and incorporate elements of this design aesthetic. They might not prefer general furniture arrangement tips or suggestions that do not consider their specific design preferences.","Based on the history chats, I can see you're planning to rearrange your bedroom furniture this weekend. Here are some tips tailored to your specific situation:

**1. Consider your Wi-Fi signal strength**
- Your bedroom is about 20 feet from your router with a couple of walls in between, and you've experienced slow speeds and occasional disconnections with your laptop and smart speaker.
- When rearranging, try to keep your devices (laptop, smart speaker) as close to the wall facing the living room router as possible, and avoid placing large metal objects or thick furniture between them and the router.
- You mentioned planning to move the router to a higher location and update firmware — if you haven't done that yet, this weekend would be a good time to do both, as it may improve coverage in the bedroom.

**2. Incorporate your mid-century modern style**
- You're interested in mid-century modern design and have chosen brass accents and simple knobs for a walnut dresser with a satin finish. When placing furniture, keep the clean lines and low-profile aesthetic in mind — avoid overcrowding the room.
- Position your walnut dresser where it can be a focal point, perhaps against a wall where the brass accents catch natural light.

**3. Display your collectibles thoughtfully**
- You own Star Wars action figures and an 1893 Morgan dollar coin (bought for $200) that you plan to display in an NGC Signature Series Display Case. When rearranging, designate a shelf or area for these items — the coin case has a sleek design that would look good on a dresser or a dedicated display shelf, while the action figures could be grouped on a separate shelf or in a corner display.

**4. General layout tips**
- Keep frequently used items (like your laptop) near outlets and within easy reach.
- Leave clear walking paths and avoid blocking windows or doors.
- If you have a range extender in the living room, consider whether moving bedroom furniture affects the signal path — keep large furniture away from the wall shared with the living room if possible.

Since you enjoy yoga, you might also want to leave a clear floor space for a mat if you practice in the bedroom — that could be a nice addition to your layout.",,
q223,IE,ok,True,I'm getting excited about my visit to the music store this weekend. Any tips on what to look for in a new guitar?,"The user would prefer responses that highlight the differences between Fender Stratocaster and Gibson Les Paul electric guitars, such as the feel of the neck, weight, and sound profile. They might not prefer general tips on buying an electric guitar or suggestions that do not take into account their current guitar and desired upgrade.","Based on the history chats, I can see that you are considering upgrading from a Fender Stratocaster to a Gibson Les Paul, and you are specifically interested in trying a Les Paul with a coil-tap or coil-splitting feature for open D tuning. You also asked about playing acoustic-like fingerpicking patterns on a Les Paul.

Here are some tips for what to look for in a new guitar at the music store this weekend:

1. **Coil-tap or coil-splitting feature**: Since you're interested in this feature for open D tuning, look for Les Paul models that offer it. The assistant recommended the Gibson Les Paul Standard (coil-tap), Gibson Les Paul Traditional (coil-splitting), and Gibson Les Paul Custom (coil-tap or coil-splitting depending on configuration). This will give you more tonal options and flexibility.

2. **Pickup height**: When trying out guitars, check if the pickup height can be adjusted. For open D tuning, the assistant recommended lowering the pickup height to reduce output and prevent a too-bright or harsh sound.

3. **String gauge**: Consider what string gauge the guitar is set up with. For open D tuning, heavier strings (0.012-0.052 or 0.013-0.056) are recommended to take advantage of the lower pitch and provide a fuller, more resonant tone.

4. **Neck pickup tone**: Since the assistant recommended using the neck pickup for open D tuning, test how the neck pickup sounds — it should produce a warmer, more mellow tone that's well-suited for this tuning.

5. **Fingerpicking suitability**: You asked about playing acoustic-like fingerpicking patterns on a Les Paul. The assistant noted that Les Paul humbuckers produce a strong, full-bodied tone that may be too thick for delicate fingerpicking. When trying guitars, pay attention to how the guitar responds to a lighter touch and whether the action and string height feel comfortable for fingerpicking.

6. **Weight and playability**: Les Pauls are typically heavier (9-10 pounds) and have a thicker neck profile compared to your Stratocaster. Make sure the guitar feels comfortable to you, especially if you plan to play for extended periods.

7. **Tone controls**: Since you're interested in open D tuning, test the tone controls to see if you can achieve the recommended settings — boosting bass around 100-150 Hz, cutting mids around 500-800 Hz, and reducing treble around 5k-8k Hz.",,
q224,IE,ok,True,I was thinking of trying a new coffee creamer recipe. Any recommendations?,"The user would prefer responses that suggest variations on their existing almond milk, vanilla extract, and honey creamer recipe or new ideas that align with their goals of reducing sugar intake and saving money. They might not prefer responses that recommend commercial creamer products or recipes that are high in sugar or expensive.","Based on the history, I know you're a coffee lover who makes your own flavored creamer with almond milk, vanilla extract, and honey to reduce sugar intake and save money. You've previously received tips for making it healthier, including choosing a healthier sweetener like stevia or monk fruit, using unsweetened almond milk, and adding spices like cinnamon or nutmeg for flavor.

For a new coffee creamer recipe, I'd suggest trying a **Cinnamon Vanilla Creamer** — it builds on what you already enjoy but swaps in a lower-sugar sweetener:

- **Base**: Unsweetened almond milk (or try cashew milk for a creamier texture)
- **Flavor**: 1 teaspoon vanilla extract
- **Sweetener**: A few drops of stevia or monk fruit sweetener (instead of honey, to further cut sugar)
- **Spice**: ½ teaspoon ground cinnamon (adds warmth and health benefits without extra sugar)
- **Optional**: A pinch of sea salt to balance flavors

This keeps the familiar vanilla profile you like while reducing sugar even more. If you want to experiment further, you could also try adding a drop of almond extract or a dash of nutmeg for variety.",,
q225,IE,ok,True,I've been sneezing quite a bit lately. Do you think it might be my living room?,"The user would prefer responses that consider the potential impact of their cat, Luna, and her shedding on their sneezing, as well as the recent deep clean of the living room and its possible effect on stirring up dust. They might not prefer responses that fail to take into account these specific details previously mentioned, such as generic suggestions or unrelated factors.","Based on the history chats, I can see that you have a cat that sheds a lot and you've been concerned about keeping your living room dust-free. In the session from May 26, you asked for ways to keep your living room dust-free specifically because of your cat's shedding, and you also asked for vacuum cleaner recommendations for pet owners.

Given that you have a cat that sheds a lot, it's quite possible that your living room is contributing to your sneezing. Pet dander, dust, and hair can accumulate in the living room and trigger allergy symptoms like sneezing.

From the earlier advice, you were given several suggestions to help with this, including:
- Vacuuming regularly with a HEPA filter vacuum (at least twice a week)
- Dusting with a damp microfiber cloth
- Using a lint roller on furniture
- Grooming your cat regularly
- Changing air filters every 1-3 months
- Choosing dust-repelling fabrics for furniture

Since you have a cat that sheds a lot and you've been sneezing, it's very likely your living room environment is a factor. I'd recommend trying the dust-reduction strategies mentioned earlier, especially vacuuming more frequently and changing your air filters, to see if your symptoms improve.",,
q226,IE,ok,True,I've been feeling nostalgic lately. Do you think it would be a good idea to attend my high school reunion?,"The user would prefer responses that draw upon their personal experiences and memories, specifically their positive high school experiences such as being part of the debate team and taking advanced placement courses. They would prefer suggestions that highlight the potential benefits of attending the reunion, such as reconnecting with old friends and revisiting favorite subjects like history and economics. The user might not prefer generic or vague responses that do not take into account their individual experiences and interests.","Based on the history chats, I can extract the following relevant information about you:

- **Positive high school experiences**: You mentioned having happy high school experiences, specifically being part of the debate team and taking advanced placement courses in economics. (Session 1, Session 22)
- **Current feelings**: You are currently feeling nostalgic, which aligns with your fond memories of high school.
- **Connection to high school peers**: You mentioned that a lot of your old high school friends plan to work after graduating from university, indicating you still think about and have some connection to that social circle. (Session 1)

**Reasoning:**

Given that you have explicitly stated you have happy high school experiences, including meaningful activities like the debate team and AP economics courses, attending your high school reunion seems like a good idea. Your nostalgia is rooted in positive memories, and reconnecting with old friends—especially those you've mentioned thinking about—could be a rewarding experience. There is no evidence in the history that suggests you had negative high school experiences or that you would dislike attending a reunion. Therefore, based on your stated positive memories and current nostalgic feelings, attending the reunion would likely be a good idea for you.",,
q227,IE,ok,True,I am planning another theme park weekend; do you have any suggestions?,"The user would prefer theme park suggestions that cater to their interest in both thrill rides and special events, utilizing their previous experiences at Disneyland, Knott's Berry Farm, Six Flags Magic Mountain, and Universal Studios Hollywood as a reference point. They would also appreciate recommendations that highlight unique food experiences and nighttime shows. The user might not prefer suggestions that focus solely on one aspect of theme parks, such as only thrill rides or only family-friendly attractions, and may not be interested in parks that lack special events or unique dining options.","Based on your history, I can see you recently visited multiple theme parks including Disneyland, Knott's Berry Farm, Six Flags Magic Mountain, and Universal Studios Hollywood, and you're particularly interested in Halloween-themed events in the LA area.

For your upcoming theme park weekend, here are my suggestions tailored to your interests:

1. **Universal Studios Hollywood – Halloween Horror Nights**: Since you've shown specific interest in the VIP Experience's Gourmet Buffet and Behind-the-Scenes Tour at Halloween Horror Nights, this would be a great fit. The event runs from mid-September to early November. You can book this package online or by phone at (818) 622-8477. Booking in advance is highly recommended as VIP Experiences sell out quickly during peak seasons. Note that cancellations or changes may incur fees or penalties.

2. **Disneyland – Halloween Time**: Starting in mid-September, Disneyland transforms with festive decorations, themed food, and special entertainment. The Halloween-themed parade and 'Oogie Boogie Bash' are highlights.

3. **Knott's Berry Farm – Knott's Scary Farm**: This popular Halloween event runs through the fall and features haunted mazes, scare zones, and live entertainment.

4. **Six Flags Magic Mountain – Fright Fest**: This annual Halloween event includes haunted mazes, scare zones, and themed rides from late September to early November.

Given your specific interest in the Universal Studios Hollywood VIP Experience with the Gourmet Buffet and Behind-the-Scenes Tour, I'd recommend prioritizing that for your weekend, and you could pair it with one of the other parks' Halloween events if you have time.",,
q228,IE,ok,True,"I'm planning my meal prep next week, any suggestions for new recipes?","The user would prefer responses that suggest healthy meal prep recipes, especially those that incorporate quinoa and roasted vegetables, and offer variations in protein sources. They might appreciate suggestions that build upon their existing preferences, such as new twists on chicken Caesar salads or turkey and avocado wraps. The user may not prefer responses that suggest unhealthy or high-calorie meal prep options, or those that deviate significantly from their established healthy eating habits.","Based on the history chats, I can see you've been planning several meals and snacks for the upcoming week. Here's what I know about your current meal prep plans:

**Your stated plans:**
- You intend to make a batch of homemade granola to snack on throughout the week
- You plan to make chicken fajitas this weekend
- You plan to make sweet potato fries this weekend

**Your preferences and interests from past conversations:**
- You're interested in meal prep ideas with quinoa and roasted vegetables
- You've tried grilled chicken and turkey breast before, but are interested in trying lentil or mushroom bolognese
- You wanted to add roasted sweet potatoes to your meal prep
- You're interested in Mexican-inspired dishes with chicken or veggies
- You were considering making a spicy mayo or chipotle ranch dressing for your sweet potato fries

**Recipe suggestions for your meal prep next week:**

1. **Lentil bolognese with quinoa** – Since you mentioned wanting to try this and it pairs well with quinoa, this could be a great new addition to your rotation. It's a protein-rich vegetarian option that would complement your existing meal prep.

2. **Roasted vegetable quesadillas** – Given your interest in Mexican-inspired dishes and roasted vegetables, these would fit well with your preferences. You could use the roasted sweet potatoes you planned to add.

3. **Grilled chicken tacos with mango salsa** – Since you're already making chicken fajitas this weekend, you could use similar ingredients for a taco variation later in the week.

4. **Vegan black bean and sweet potato enchiladas** – This combines your interest in Mexican cuisine with your plan to include roasted sweet potatoes.

For your sweet potato fries, the spicy mayo or chipotle ranch dressing you mentioned would be great accompaniments. And for your homemade granola, you could customize it with nuts, seeds, or dried fruit based on your taste preferences.

Would you like more specific recipes or tips for any of these suggestions?",,
q229,IE,ok,True,I'm planning a trip to Denver soon. Any suggestions on what to do there?,"The user would prefer responses that take into account their previous experience in Denver, specifically their interest in live music and memorable encounter with Brandon Flowers. They might appreciate suggestions that revisit or build upon this experience, such as revisiting the same bar or exploring similar music venues in the area. The user may not prefer general tourist recommendations or activities unrelated to their interest in live music.","Based on the history chats, I can provide personalized suggestions for your trip to Denver.

**Relevant Information:**
- You attended The Killers concert at Red Rocks Amphitheater and met Brandon Flowers after the show in Denver.
- You love Denver's music scene.
- You are interested in BBQ restaurants near Red Rocks Amphitheater.
- You are interested in The Ship Rock Grille for dinner before a concert, which is located across the street from Red Rocks Amphitheatre.
- You plan to arrive early at Red Rocks to have dinner before the concert.

**Reasoning:**
Since you already love Denver's music scene and have enjoyed Red Rocks Amphitheater, I'll focus on music-related activities and dining options that align with your stated interests.

**Suggestions for your Denver trip:**

1. **Red Rocks Amphitheater** – Since you've already experienced a concert there and loved it, consider catching another show. It's an iconic venue you clearly enjoy.

2. **The Ship Rock Grille** – Located just across the street from Red Rocks, this is a great spot for dinner before a concert. You were specifically interested in this place, so it's worth checking out.

3. **BBQ restaurants near Red Rocks** – You mentioned interest in BBQ options in the area. While specific BBQ spots weren't named in the history, you can explore local BBQ joints near the amphitheater for a pre-show meal.

4. **Other music venues** – From the earlier conversation, you were recommended: The Ogden Theatre, The Bluebird Theater, The Fillmore Auditorium, and Larimer Lounge. These are all great options to explore Denver's live music scene.

5. **Music festivals** – Depending on when you visit, consider checking out Grandoozy, Denver Folk Festival, Denver Jazz Festival, Westword Music Showcase, or Riot Fest Denver.

6. **Twist & Shout Records** – A legendary record store in Denver, perfect for a music lover like you to browse vinyl and CDs.

Since you're a music enthusiast who loves Denver's scene, focusing on live music venues, Red Rocks, and good food nearby will make your trip enjoyable.",,
q230,IE,ok,True,"I've got some free time tonight, any documentary recommendations?","The user would prefer documentary recommendations that are similar in style and theme to 'Our Planet', 'Free Solo', and 'Tiger King', which they have previously enjoyed. They might not prefer recommendations of documentaries that are vastly different in tone or subject matter from these titles. The preferred response utilizes the user's previously mentioned viewing history to suggest documentaries that cater to their tastes.","Based on the history, I can see that you enjoy nature and wildlife documentaries, and you've been watching them on Netflix. You previously mentioned liking ""Our Planet,"" ""Free Solo,"" and ""Tiger King,"" and you expressed specific interest in nature and wildlife content.

Given that you have free time tonight, here are some documentary recommendations tailored to your interests:

1. **Dynasties** (Netflix) – Since you're interested in nature and wildlife, this is a great pick. It follows five animal families (chimpanzees, lions, wolves, tigers, and emperor penguins) with intimate, character-driven storytelling that focuses on family dynamics and social structures.

2. **Chasing Coral** (Netflix) – This one is visually stunning and focuses on the urgent issue of coral reef decline due to climate change. It's more personal and immersive than broader nature series, and it ties into your recent interest in coral reefs and their importance to the ocean ecosystem.

3. **Planet Earth** (Netflix) – If you haven't seen it yet, this is a classic BBC nature series similar to ""Our Planet,"" with breathtaking footage of natural habitats around the world.

Since you've been exploring eco-tourism and coral reef conservation recently, **Chasing Coral** might be especially relevant and thought-provoking for tonight. Enjoy your documentary night!",,
q231,IE,ok,True,I noticed my bike seems to be performing even better during my Sunday group rides. Could there be a reason for this?,"The user would prefer responses that reference specific details from their previous interactions, such as the replacement of the bike's chain and cassette, and the use of a new Garmin bike computer. They might prefer explanations that connect these details to the observed improvement in bike performance. The user may not prefer responses that fail to acknowledge these specific details or provide vague, general explanations for the improvement.","Based on the history chats, I can identify a clear reason for your bike's improved performance.

**Relevant Information:**
- On February 1st, you replaced your old bike's chain and cassette.
- You mentioned this replacement ""has contributed to an improvement in the bike's performance.""
- You also have a new Garmin bike computer, which you plan to use to track your rides.

**Reasoning:**
The most likely reason your bike is performing better during your Sunday group rides is the **chain and cassette replacement** you did on February 1st. A new chain and cassette reduce drivetrain friction, improve shifting accuracy, and allow power to transfer more efficiently from your legs to the wheels. This is a common and effective maintenance upgrade that directly enhances performance.

Additionally, your new Garmin bike computer may give you more accurate speed and distance data, which could make your performance *seem* better or help you pace more effectively, but the physical improvement is most attributable to the drivetrain replacement.

So, yes — the chain and cassette replacement is the primary reason for the noticeable improvement.",,
q232,IE,ok,True,Can you suggest some useful accessories for my phone?,"The user would prefer suggestions of accessories that are compatible with an iPhone 13 Pro, such as high-quality screen protectors, durable cases, portable power banks, or phone wallet cases. They may not prefer suggestions of accessories that are not compatible with Apple products or do not enhance the functionality or protection of their phone.","Based on the history, I can suggest the following useful accessories for your phone:

**Phone Wallet Case**
- You expressed interest in a high-quality wallet case for your iPhone 13 Pro. I recommended brands like Nomad, Fossil, Bellroy, Incipio, Speck, Case-Mate, Tech21, UAG, Mophie, and Spigen.
- You were specifically evaluating an **OtterBox wallet case**. I noted its pros (durability, protection, storage for 3-4 cards and cash) and cons (bulkier, heavier, pricier). If you prioritize protection over slimness, this is a strong option.

**Portable Power Bank**
- You mentioned wanting a power bank for on-the-go charging, but you already have one that works well. Since you already own a functional power bank, I'd suggest skipping this unless you want a **wireless charging power bank** for extra convenience — look for Qi certification, high capacity (mAh), fast charging support, and multiple USB ports if you decide to upgrade.

**What to avoid:** Since you already have a working power bank, I won't push another one unless you specifically want wireless charging. And for the wallet case, if you dislike bulk, the OtterBox may not be ideal — consider a slimmer option from Spigen or Bellroy instead.",,
q233,IE,ok,True,Can you suggest some activities I can do during my commute to work?,"The user would prefer suggestions related to listening to new podcasts or audiobooks, especially the genre beyond true crime or self-improvement, such as history. They may not be interested in activities that require visual attention, such as reading or watching videos, as they are commuting. The user would not prefer general podcast topics such as true crime or self-improvement, as the user wants to explore other topics.","Based on the history, I know you already listen to podcasts during your commute and enjoy ""How I Built This."" You've also mentioned wanting to avoid wasting time on email and social media during your ride.

Here are some activities tailored to your commute:

- **Continue with podcasts, but branch out:** Since you're interested in history podcasts, you could swap in a history-focused show for part of your commute. This builds on your existing habit while exploring a new genre.
- **Listen to audiobooks:** Similar to podcasts, audiobooks are a hands-free option that works well on a bike. You could pick a non-fiction book related to history or self-improvement to match your interests.
- **Use a language-learning app:** If you want to be productive, apps like Duolingo or Babbel can be used with audio lessons during your ride, helping you learn something new without needing to look at a screen.
- **Mentally plan your day:** Instead of checking email or social media, use the ride to mentally prioritize your tasks and prepare for the workday ahead. This turns wasted time into productive thinking time.

Since you're biking, remember to keep the volume low enough to stay aware of your surroundings for safety.",,
q234,MR,ok,True,What is the total distance of the hikes I did on two consecutive weekends?,8 miles,"Based on the provided history chats, I can extract the following relevant information:

1.  **Session 1:** The user stated they completed a **5-mile hike** at Red Rock Canyon ""two weekends ago.""
2.  **Session 2:** The user stated they completed a **3-mile loop trail** at Valley of Fire State Park ""last weekend.""

These two hikes occurred on consecutive weekends (two weekends ago and last weekend). The question asks for the total distance of these two hikes.

**Calculation:**
5 miles + 3 miles = 8 miles

**Answer:**
The total distance of the hikes you did on two consecutive weekends is **8 miles**.",,
q235,MR,ok,True,How many pages do I have left to read in 'The Nightingale'?,190,"Based on the provided history, I can extract the following relevant information:

1.  **Total pages in 'The Nightingale'**: The book has 440 pages. (From Session 1: ""it's a long one with 440 pages!"")
2.  **Current page**: The user is currently on page 250 of 'The Nightingale'. (From Session 2: ""I'm currently on page 250 of 'The Nightingale' by Kristin Hannah"")

**Calculation:**
440 pages (total) - 250 pages (current) = 190 pages

**Answer:**
You have **190 pages** left to read in 'The Nightingale'.",,
q236,MR,MISS,False,What was the approximate increase in Instagram followers I experienced in two weeks?,100,"Based on the provided history, here is the step-by-step reasoning:

**Step 1: Extract relevant information**
- From Session 1 (dated 2023-05-23): The user stated, ""after two weeks of posting regularly, I had around 350 followers on Instagram."" (Evidence: ev_fact:fact_c957ccc0-3c88-430c-9dde-2d95c65eb25b)
- From Session 2 (dated 2023-05-28): The user stated, ""I started the year with 250 followers on Instagram."" (Evidence: ev_fact:fact_0b1a2e29-e4ab-4319-b84c-743147916ba4)

**Step 2: Reason over the information**
The question asks for the ""approximate increase in Instagram followers I experienced in two weeks."" The only two-week period mentioned is in Session 1, where the user reports having ""around 350 followers"" after two weeks of posting regularly. However, the starting point for that specific two-week period is not provided in the evidence. The only other follower count given is the 250 followers at the start of the year (January 1, 2023), which is not stated to be the starting point of that two-week period.

Since the starting count for the two-week period is not specified, we cannot calculate the increase during that specific two-week window. The 250-follower count from the start of the year is a different reference point and cannot be used to determine the increase over the two-week period mentioned in Session 1.

**Final Answer:**
The information is missing. The evidence states the user had around 350 followers after two weeks of posting regularly, but it does not provide the follower count at the beginning of that two-week period, so the approximate increase cannot be determined.",,
q237,MR,ok,True,How many antique items did I inherit or acquire from my family members?,5,"Based on the history chats, I can identify the following antique items the user inherited or acquired from family members:

1. **Antique tea set** — from cousin Rachel (Session 1)
2. **Vintage typewriter** — belonged to dad (Session 1)
3. **Vintage diamond necklace** — from grandmother (Session 2)
4. **Antique music box** — from great-aunt (Session 2)
5. **Depression-era glassware** — from mom (Session 2)

These are five distinct antique items, each acquired from a different family member.

**Answer: 5**",,
q238,MR,ok,True,"What is the total cost of the new food bowl, measuring cup, dental chews, and flea and tick collar I got for Max?",$50,"**Step 1: Extract relevant information**

From the history chats, I need to find the costs of these four items for Max:

1. **New stainless steel food bowl from Amazon** — Session 1: ""I just got him a new stainless steel food bowl from Amazon for $15"" → **$15**
2. **Measuring cup from the pet store** — Session 1: ""a measuring cup from the pet store down the street for $5"" → **$5**
3. **Dental chews** — Session 2: ""the chews are $10 a pack"" (bought monthly) → **$10**
4. **Flea and tick collar** — Session 2: ""I also got a flea and tick collar for Max recently, which was $20"" → **$20**

**Step 2: Sum the costs**

$15 + $5 + $10 + $20 = **$50**

**Answer:** The total cost of the new food bowl, measuring cup, dental chews, and flea and tick collar for Max is **$50**.",,
q239,MR,ok,True,How much cashback did I earn at SaveMart last Thursday?,$0.75,"The cashback you earned at SaveMart last Thursday is **$0.75**.

**Step-by-step reasoning:**

1. **Relevant information extracted:**
   - You spent **$75** on groceries at SaveMart on Thursday, 2023-05-18 (Session 1).
   - You have a SaveMart membership that earns **1% cashback** on all purchases (Session 2).

2. **Calculation:**
   - Cashback = $75 × 1% = $75 × 0.01 = **$0.75**.

3. **Conclusion:**
   - You earned **$0.75** in cashback from your SaveMart purchase last Thursday.",,
q240,MR,ok,True,What percentage of packed shoes did I wear on my last trip?,40%,"Based on the history chats, I can extract the following relevant information:

1. **Total shoes packed on last trip**: The user stated, ""Since I packed 5 pairs of shoes..."" (Session 1, evidence: fact_0eaf3779-3769-49e1-aef3-65f55b1c4158). So, the user packed **5 pairs of shoes**.

2. **Shoes worn on last trip**: The user stated, ""I packed a lot of shoes for my last trip, but I ended up only wearing two - my sneakers and sandals."" (Session 2, evidence: fact_406da600-7cf9-4591-aaf1-a8480c023060). So, the user wore **2 pairs of shoes** (sneakers and sandals).

Now, to calculate the percentage of packed shoes worn:

- Percentage = (shoes worn / shoes packed) × 100
- Percentage = (2 / 5) × 100 = **40%**

**Answer:** You wore **40%** of the shoes you packed on your last trip (2 out of 5 pairs).",,
q241,MR,ok,True,When did I submit my research paper on sentiment analysis?,February 1st,"Based on the history chats, I can extract the following relevant information:

1. **User submitted a research paper on sentiment analysis to ACL** - This is stated in Session 1: ""I even worked on a research paper on sentiment analysis, which I submitted to ACL.""

2. **ACL submission deadline was February 1st** - This is stated in Session 2: ""I'm reviewing for ACL, and their submission date was February 1st.""

Reasoning:
- The user submitted their research paper on sentiment analysis to ACL.
- The ACL submission deadline was February 1st, 2023.
- Since the user submitted their paper to ACL, and the submission deadline was February 1st, the paper must have been submitted on or before that date. The most direct interpretation is that the submission occurred on the deadline date itself, February 1st, 2023.

**Answer: The user submitted their research paper on sentiment analysis to ACL on February 1st, 2023.**",,
q242,MR,ok,True,What percentage discount did I get on the book from my favorite author?,20%,"The user bought a new release from their favorite author at their favorite bookstore, originally priced at **$30**. They got the book for **$24** after a discount.

The discount amount is:  
$30 - $24 = **$6**

The percentage discount is:  
($6 ÷ $30) × 100 = **20%**

**Answer: The user received a 20% discount on the book.**",,
q243,MR,ok,True,How many plants did I initially plant for tomatoes and cucumbers?,8,"**Step 1: Extract relevant information**

From the history chats:

- **Tomatoes**: In Session 1 (2023-05-29), the user stated: ""I planted 5 tomato plants initially, and they've been producing like crazy."" This is an explicit statement about the initial number of tomato plants.

- **Cucumbers**: In Session 2 (2023-05-28), the user stated: ""I've been growing my own cucumbers in my garden, and I've got 3 plants that are producing a lot of them!"" This is an explicit statement about the number of cucumber plants.

**Step 2: Reason over the information**

The question asks: ""How many plants did I initially plant for tomatoes and cucumbers?""

- For tomatoes, the user explicitly said they planted **5** tomato plants initially.
- For cucumbers, the user explicitly said they have **3** cucumber plants.

Both statements are direct, explicit, and from the user themselves. There is no conflicting or contradictory evidence.

**Answer**: The user initially planted **5 tomato plants** and **3 cucumber plants**.",,
q244,MR,ok,True,How many hours do I work in a typical week during peak campaign seasons?,50,"Based on the provided history chats, here is the step-by-step reasoning:

1.  **Extract relevant information:**
    *   In Session 1 (2023-05-29), the user states: ""During peak campaign seasons, I increase my work hours by 10 hours weekly to accommodate the additional workload.""
    *   In Session 1 (2023-05-29), the assistant confirms: ""Demonstrated flexibility and adaptability by working extended hours (up to 50 hours/week) during peak campaign seasons...""
    *   In Session 2 (2023-05-24), the user states: ""I usually work 40 hours a week, but some weeks can go up to 45 hours or so.""

2.  **Reason over the information:**
    *   The user's baseline work week is 40 hours.
    *   During peak campaign seasons, the user increases their work hours by 10 hours weekly.
    *   Therefore, the typical weekly hours during peak campaign seasons would be 40 (baseline) + 10 (increase) = 50 hours.
    *   This is also directly confirmed by the assistant's phrasing in Session 1, which mentions ""up to 50 hours/week"" during peak campaign seasons.

**Answer:** You work **50 hours** in a typical week during peak campaign seasons.",,
q245,MR,ok,True,How much older am I than the average age of employees in my department?,2.5 years,"Based on the provided history chats, I can extract the following relevant information:

1.  **Average age of employees in user's department:** 29.5 years old (from Session 1).
2.  **User's age:** 32 years old (from Session 2).

**Reasoning:**
To find out how much older the user is than the average, I subtract the average age from the user's age: 32 - 29.5 = 2.5.

**Answer:**
You are 2.5 years older than the average age of employees in your department.",,
q246,MR,ok,True,What was the total number of people reached by my Facebook ad campaign and Instagram influencer collaboration?,"12,000","Based on the provided history, I can extract the following relevant information:

- **Facebook ad campaign reach**: The user's previous Facebook ad campaign reached around **2,000 people** (stated in Session 1 and Session 2).
- **Instagram influencer collaboration reach**: The user collaborated with an influencer who promoted their product to the influencer's **10,000 followers** (stated in Session 1).

**Reasoning**: The question asks for the total number of people reached by both the Facebook ad campaign and the Instagram influencer collaboration. These are two separate events with distinct reach numbers. Adding them together gives the total combined reach.

**Calculation**: 2,000 (Facebook) + 10,000 (Instagram) = **12,000 people**.

**Answer**: The total number of people reached by your Facebook ad campaign and Instagram influencer collaboration was **12,000 people**.",,
q247,MR,ok,True,How many Marvel movies did I re-watch?,2,"Based on the history chats, the user re-watched **2** Marvel movies:

1. **Avengers: Endgame** - The user stated ""Since I just re-watched Avengers: Endgame yesterday"" (on 2023-05-20) and later ""Since I re-watched Avengers: Endgame, which is a Marvel movie.""
2. **Spider-Man: No Way Home** - The user stated ""I also re-watched Spider-Man: No Way Home, which is another Marvel movie.""

Note: The user mentioned watching Doctor Strange as one of four Marvel movies recently, but there is no evidence indicating it was a re-watch, so it is not counted.

**Answer: 2**",,
q248,MR,ok,True,How much did I save on the designer handbag at TK Maxx?,$300,"The designer handbag was originally priced at $500, and you paid $200 for it at TK Maxx.  

**Savings = $500 - $200 = $300.**  

You saved **$300** on the designer handbag.",,
q249,MR,ok,True,What is the total number of goals and assists I have in the recreational indoor soccer league?,5,"Based on the provided history chats, I can extract the following relevant information:

1.  **Goals:** In Session 1 (dated 2023-05-26), you stated: ""I'm also playing in a recreational indoor soccer league, and I've scored 3 goals so far."" This is confirmed by the planner's supported claim: ""User has scored 3 goals in the recreational indoor soccer league.""
2.  **Assists:** In Session 2 (dated 2023-05-28), you stated: ""I've been playing indoor soccer with my colleagues from work and I've had two assists in the league so far."" This is confirmed by the planner's supported claim: ""User has 2 assists in the recreational indoor soccer league.""

**Reasoning:**
The question asks for the total number of goals and assists. Adding the two figures together: 3 goals + 2 assists = 5.

**Answer:**
The total number of goals and assists you have in the recreational indoor soccer league is **5**.",,
q250,MR,ok,True,How many sports have I played competitively in the past?,two,"**Step 1: Extract relevant information**

From the history chats, I need to find all instances where the user mentions playing a sport competitively in the past.

- **Session 1** (2023-05-26): The user states, ""I'm actually thinking of incorporating some strength training into my routine as well. Can you recommend some exercises that would be beneficial for my tennis game, considering I used to play tennis competitively in high school?"" — This indicates the user **played tennis competitively in high school**.

- **Session 2** (2023-05-26): The user states multiple times, ""I used to swim competitively in college"" (in turns 2, 4, 8, and 10). This indicates the user **swam competitively in college**.

No other sports are mentioned as having been played competitively in the past. The user mentions playing soccer and tennis ""lately"" (Session 1), but that is current/recent play, not competitive play in the past.

**Step 2: Reason over the information**

The question asks: ""How many sports have I played competitively in the past?""

From the evidence:
1. Tennis — played competitively in high school.
2. Swimming — played competitively in college.

These are two distinct sports. Soccer is mentioned as a current activity but not as a past competitive sport.

**Answer: 2**",,
q251,MR,ok,True,What are the two hobbies that led me to join online communities?,photography and cooking,"Based on the history chats, the two hobbies that led you to join online communities are:

1. **Photography** – You joined online photography communities to learn techniques and get feedback on your work (Session 1).
2. **Cooking** – You joined online cooking communities to learn cooking techniques and engage in discussions about recipes (Session 2).",,
q252,MR,ok,True,What is the total number of days I spent in Japan and Chicago?,"11 days (or 12 days, if April 15th to 22nd is considered as 8 days)","Based on the provided history chats, I can extract the following relevant information:

1. **Japan trip**: In Session 1, the user stated, ""I went to Japan before from April 15th to 22nd."" This indicates a trip duration of 8 days (April 15, 16, 17, 18, 19, 20, 21, 22).

2. **Chicago trip**: In Session 2, the user stated, ""I had some great Italian food during my last 4-day trip to Chicago."" This indicates a trip duration of 4 days.

**Calculation:**
- Days in Japan: 8
- Days in Chicago: 4
- Total: 8 + 4 = 12

**Answer:** The total number of days you spent in Japan and Chicago is **12 days**.",,
q253,MR,ok,True,What is the minimum amount I could get if I sold the vintage diamond necklace and the antique vanity?,"$5,150","Based on the provided history chats, I can extract the following relevant information:

**Step 1: Extract relevant information**

- **Vintage diamond necklace**: The user stated in Session 1 (dated 2023-05-23) that the necklace is worth **$5,000** (evidence: `fact_c91beae3-37a4-4e5b-8276-951d380f5fc3`). This is the appraised value and the minimum amount obtainable from selling it.
- **Antique vanity**: In Session 2 (dated 2023-05-25), the user stated they expect to sell the restored vanity for **at least $150** (evidence: `fact_2398652a-168e-4ab8-9610-ea0bf3984150`). This is the minimum amount obtainable from selling it.

**Step 2: Reason over the information**

The question asks for the minimum amount the user could get if they sold both the vintage diamond necklace and the antique vanity. Since we are looking for the minimum, we use the lowest stated values for each item:

- Minimum for the necklace: $5,000
- Minimum for the vanity: $150

Adding these together: $5,000 + $150 = **$5,150**

**Answer:** The minimum amount you could get from selling both the vintage diamond necklace and the antique vanity is **$5,150**.",,
q254,MR,ok,True,What percentage of the countryside property's price is the cost of the renovations I plan to do on my current house?,10%,"The renovation cost is $20,000, and the countryside property is listed at $200,000.

To find the percentage: ($20,000 / $200,000) × 100 = 10%.

The cost of the renovations you plan on your current house is **10%** of the countryside property's price.",,
q255,MR,ok,True,What is the total cost of Lola's vet visit and flea medication?,$75,"Based on the provided history chats, I can extract the following relevant information:

1.  **Lola's vet consultation fee:** In Session 1, the user states, ""I just took Lola to the vet last week and got a discounted consultation fee of $50 as a regular customer."" This is confirmed in multiple messages within that session.
2.  **Lola's flea and tick medication:** In Session 2, the user states, ""I also got her flea and tick prevention medication, it was $25 for a 3-month supply.""

**Reasoning:**
The question asks for the total cost of Lola's vet visit and flea medication. These are the two specific expenses mentioned. Adding them together: $50 (vet visit) + $25 (flea medication) = $75.

**Answer:**
The total cost of Lola's vet visit and flea medication is **$75**.",,
q256,MR,ok,True,How much more did I have to pay for the trip after the initial quote?,$300,"The initial quote from Sakura Travel Agency was **$2,500** for the entire trip.  
The corrected price for the entire trip was **$2,800**.

The difference is:  
$2,800 − $2,500 = **$300**

**Answer:** You had to pay **$300 more** than the initial quote.",,
q257,MR,ok,True,What is the total number of lunch meals I got from the chicken fajitas and lentil soup?,8 meals,"Based on the history chats, I can extract the following relevant information:

1. **Chicken fajitas**: In Session 1 (2023-05-24), the user stated: ""I finished off the last of my chicken fajitas with sautéed onions and bell peppers that I made last week. This is the third meal I got from my chicken fajitas."" — This means the user got **3 lunch meals** from the chicken fajitas.

2. **Lentil soup**: In Session 2 (2023-05-26), the user stated: ""I just made a big batch of lentil soup that lasted me for 5 lunches"" — This means the user got **5 lunch meals** from the lentil soup.

Now, adding these together:
- Chicken fajitas: 3 meals
- Lentil soup: 5 meals
- Total: 3 + 5 = **8 meals**

**Answer: 8**",,
q258,MR,ok,True,How much did I spend on each coffee mug for my coworkers?,$12,"Based on the provided history, I can determine the cost per coffee mug.

**Step 1: Extract relevant information**

- From Session 1, the user stated: ""I once spent $60 on some coffee mugs for my coworkers"" (evidence_id: ev_fact:fact_09afeb87-21c2-4133-8b71-b5887e73149e).
- From Session 2, the user stated: ""I purchased 5 coffee mugs with funny quotes related to our profession, one for each of them"" (evidence_id: ev_fact:fact_7467d306-1047-4679-b268-e4ae30dc61a9).

**Step 2: Reason over the information**

- Total spent on coffee mugs: $60
- Number of coffee mugs purchased: 5
- Cost per mug = Total cost / Number of mugs = $60 / 5 = $12

**Answer:** You spent **$12** on each coffee mug for your coworkers.",,
q259,MR,ok,True,At which university did I present a poster on my thesis research?,Harvard University,"Based on the provided history chats, I can extract the following relevant information:

1. **Evidence from Session 1**: The user stated, ""I actually just presented a poster on my thesis research on it at my first research conference over the summer."" (evidence_id: ev_fact:fact_53a0eb8d-1132-4607-9544-88dedabb5136). This confirms the user presented a poster on their thesis research at their first research conference, but **does not specify the university** where this conference took place.

2. **Evidence from Session 2**: The user stated, ""I've been to Harvard University to attend my first research conference and saw some interesting projects on AI in education."" (evidence_id: ev_fact:fact_6b831451-5428-4fc7-8d49-f5f0130f40f6). This confirms the user attended their first research conference at Harvard University.

3. **Combining the evidence**: The first research conference mentioned in Session 1 (where the user presented a poster) and the first research conference mentioned in Session 2 (held at Harvard University) refer to the same event — the user's first research conference. The user explicitly states in Session 2 that this conference was at Harvard University.

4. **Reasoning**: Since the user's first research conference (where they presented the poster) is the same event as the conference they attended at Harvard University, the university where the user presented their poster is Harvard University.

**Answer**: The user presented a poster on their thesis research at **Harvard University**.",,
q260,MR,MISS,False,How long have I been working in my current role?,1 year and 5 months,"Based on the history chats, I can extract the following relevant information:

- In Session 1 (2023-05-27), the user stated: ""I've been in marketing for a while now, started as a Marketing Coordinator and worked my way up to Senior Marketing Specialist after 2 years and 4 months.""
- The user is currently a Senior Marketing Specialist (confirmed in Sessions 1 and 2).

The question asks how long the user has been working in their **current role** (Senior Marketing Specialist). The evidence tells us how long it took to **advance** from Marketing Coordinator to Senior Marketing Specialist (2 years and 4 months), but it does **not** state when the user became a Senior Marketing Specialist or how long they have held that role.

There is no evidence in any session indicating the start date of the Senior Marketing Specialist role or the duration spent in that position.

**Answer:** The information is missing. The available evidence only states that the user took 2 years and 4 months to advance from Marketing Coordinator to Senior Marketing Specialist, but it does not indicate how long the user has been working in their current role as Senior Marketing Specialist.",,
q261,MR,ok,True,How much more was the pre-approval amount than the final sale price of the house?,"$25,000","The pre-approval amount was $350,000, and the final sale price of the house was $325,000.

$350,000 - $325,000 = **$25,000**

The pre-approval amount was **$25,000 more** than the final sale price of the house.",,
q262,MR,ok,True,What is the total cost of the car cover and detailing spray I purchased?,$140,"The total cost of the car cover and detailing spray you purchased is **$140**.

Step-by-step reasoning:

1. **Car cover cost**: In the history, you stated, ""I remember it cost me $120"" for the waterproof car cover. This is an explicit user statement, so the car cover cost is **$120**.

2. **Detailing spray cost**: In a later session, you mentioned, ""the one I got from Amazon for $20 that removed tar and bug stains from my car's paint."" This is also an explicit user statement, so the detailing spray cost is **$20**.

3. **Sum**: $120 (car cover) + $20 (detailing spray) = **$140**.

Therefore, the total cost of the car cover and detailing spray you purchased is **$140**.",,
q263,MR,ok,True,What is the total distance I covered in my four road trips?,"3,000 miles","Based on the provided history, I can identify the following road trips and their distances:

1.  **Three recent road trips** (solo trip to Durango, weekend trip to Breckenridge, and family trip to Santa Fe) covered a total of **1,800 miles**.
2.  **A 4-day family road trip to Yellowstone National Park** covered a total of **1,200 miles**.

These are the four road trips mentioned in the evidence. The question asks for the total distance covered in these four road trips.

**Calculation:**
1,800 miles + 1,200 miles = 3,000 miles

**Answer:** The total distance covered in your four road trips is **3,000 miles**.",,
q264,MR,ok,True,What is the total time it takes I to get ready and commute to work?,an hour and a half,"Based on the provided history chats, I can extract the following relevant information:

1.  **Time to get ready:** In Session 1 (dated 2023-05-23), the user states, ""I wake up at 6:30 AM and it takes me about an hour to get ready."" This is supported by the planner's claim: ""User's morning routine takes about an hour to get ready.""
2.  **Time to commute:** In Session 2 (dated 2023-05-20), the user states, ""My daily commute to work takes about 30 minutes."" This is supported by the planner's claim: ""User's daily commute to work takes about 30 minutes.""

**Reasoning:**
The question asks for the total time it takes to get ready and commute to work. Since these are two sequential activities on a typical morning, I need to add the time for both.

- Time to get ready: 1 hour (60 minutes)
- Time to commute: 30 minutes
- Total time: 60 minutes + 30 minutes = 90 minutes (1 hour and 30 minutes)

**Answer:**
The total time it takes to get ready and commute to work is 1 hour and 30 minutes (90 minutes).",,
q265,MR,ok,True,How much more miles per gallon was my car getting a few months ago compared to now?,2,"A few months ago, your car was getting **30 miles per gallon** in the city. Currently, it is getting **28 miles per gallon** in the city.

The difference is:  
30 - 28 = **2 miles per gallon**.

So, your car was getting **2 more miles per gallon** a few months ago compared to now.",,
q266,MR,ok,True,What is the total number of online courses I've completed?,20,"Based on the provided history chats, the user has completed online courses on two platforms:

1.  **Coursera:** The user explicitly stated, ""I've already completed 12 courses on Coursera"" (Session 1, 2023-05-27).
2.  **edX:** The user explicitly stated, ""I've already built a solid foundation in data analysis through online courses on edX"" and mentioned ""my previous 8 edX courses"" (Session 2, 2023-05-21).

Adding these together: 12 (Coursera) + 8 (edX) = 20.

The total number of online courses the user has completed is **20**.",,
q267,MR,ok,True,How much did I save on the Jimmy Choo heels?,$300,"**Step 1: Extract relevant information**

From the history chats, I found the following relevant information about the Jimmy Choo heels:

- **Session 1 (2023-05-23):** The user stated: ""I was thinking of wearing my new Jimmy Choo heels that I got at the outlet mall for $200"" — this is the purchase price.
- **Session 5 (2023-05-29):** The user stated: ""I've noticed that some designer brands can be really pricey, like Jimmy Choo heels, which I know originally retailed for $500"" — this is the original retail price.

**Step 2: Calculate the savings**

Savings = Original retail price − Purchase price
Savings = $500 − $200 = **$300**

**Answer:** You saved **$300** on the Jimmy Choo heels.",,
q268,MR,ok,True,How many years will I be when my friend Rachel gets married?,33,"Based on the provided history, I can extract the following relevant information:

1.  **User's age**: The user stated ""I'm 32, so I'm in my 30s"" on 2022-09-01.
2.  **Rachel's wedding date**: The user mentioned ""my friend Rachel's getting married next year"" on 2022-09-01. Since the current date is 2022, ""next year"" refers to 2023.

**Reasoning:**
- The user is 32 years old in 2022.
- Rachel's wedding is in 2023.
- The user will turn 33 in 2023 (assuming their birthday has passed by the time of the wedding, or they will turn 33 at some point during that year).

Therefore, the user will be **33 years old** when Rachel gets married.",,
q269,MR,ok,True,How much did I spend on gifts for my sister?,$300,"Based on the history chats, I can extract the following relevant information about gifts for your sister:

1. **$100 gift card to her favorite spa** - You mentioned this in Session 1: ""I got her a gift card to her favorite spa last time, which was $100, and she loved it."" (This is confirmed in multiple evidence entries.)

2. **$200 silver necklace with pendant from Tiffany's** - You mentioned this in Session 2: ""I recently got my sister a silver necklace with a small pendant from Tiffany's that cost around $200, and she loved it.""

3. **Essential oil gift set** - You plan to buy this for your sister (Session 1), but no cost is specified anywhere in the evidence.

**Calculation:**
- $100 (spa gift card) + $200 (Tiffany's necklace) = **$300**

The essential oil gift set is a future plan with no stated cost, so it cannot be included in the total.

**Answer: You spent $300 on gifts for your sister.**",,
q270,MR,MISS,False,What time did I reach the clinic on Monday?,9:00 AM,"Based on the provided history, I can extract the following relevant information:

- **User left home at 7 AM on Monday** for a doctor's appointment (evidence: fact_4dcf7a54-a681-4bd1-bca8-b5d5049ec3a1).
- **User got back to the office around 1:00 PM on Monday** (evidence: fact_5dd2f849-8405-4f0d-816a-bf482df781c0).

However, there is **no direct evidence stating the exact time the user arrived at the clinic** on Monday. The evidence only provides the departure time from home (7:00 AM) and the return time to the office (around 1:00 PM). The travel time to the clinic is not specified for that particular Monday visit.

Therefore, based on the available evidence, the exact time the user reached the clinic on Monday **cannot be determined**. The information is missing.",,
q271,MR,ok,True,What is the total weight of the new feed I purchased in the past two months?,70 pounds,"Based on the provided history, here is the step-by-step reasoning to answer the question:

**Step 1: Extract relevant information**
The question asks for the total weight of ""new feed"" purchased in the ""past two months"" (from the current date of 2023/05/30, this window is roughly 2023/03/30 to 2023/05/30).

From the history chats, I find two relevant feed purchases:

1.  **Layer feed:** In Session 1 (dated 2023-05-22), the user states: ""I got a 50-pound batch"" of layer feed. This is within the two-month window.
2.  **Organic scratch grains:** In Session 2 (dated 2023-05-22), the user states: ""I also bought 20 pounds of organic scratch grains for my chickens recently"". This is also within the two-month window.

**Step 2: Reason over the information**
Both purchases fall within the specified time frame (past two months). To find the total weight, I add the weights of both feed purchases:

- Weight of layer feed: 50 pounds
- Weight of organic scratch grains: 20 pounds
- Total weight: 50 + 20 = 70 pounds

**Step 3: Final Answer**
The total weight of the new feed purchased in the past two months is **70 pounds**.",,
q272,MR,ok,True,What percentage of leadership positions do women hold in the my company?,20%,"Based on the provided history, here is the step-by-step reasoning:

1.  **Extract relevant information:**
    *   From Session 1 (2023-05-30): The user states, ""I realized that we have a total of 100 leadership positions across the company."" (evidence_id: ev_fact:fact_c39b6e55-14e7-4c38-9009-d9a536d2af04) and later reiterates, ""having 100 leadership positions is quite significant"" (evidence_id: ev_fact:fact_c833778e-f472-43c1-bd8b-c73c112e2873).
    *   From Session 2 (2023-05-21): The user states, ""I was impressed to learn that women occupy 20 of the leadership positions in our company."" (evidence_id: ev_fact:fact_07b74b11-136b-4d07-93f5-79f75d5aa0f4).

2.  **Reason over the information:**
    *   The total number of leadership positions is 100.
    *   The number of leadership positions held by women is 20.
    *   To find the percentage, divide the number of women in leadership by the total number of leadership positions and multiply by 100: (20 / 100) * 100 = 20%.

**Answer:**
Women hold 20% of the leadership positions in your company.",,
q273,MR,ok,True,How much will I save by taking the train from the airport to my hotel instead of a taxi?,$50,"Based on the provided history, I can extract the following relevant information:

**1. Cost of the train:**
- The user's friend claimed the train from Narita Airport to the hotel costs **$10**.
- The assistant clarified that the cheapest train option (Keisei Electric Railway commuter train) from Narita Airport to Shinjuku Station costs around **¥1,000–1,200 (approximately $9–11 USD)**. However, this does not get the user directly to the hotel; they would need to walk or take a taxi from the station.

**2. Cost of the taxi:**
- The user was told that a taxi from the airport to the hotel would cost around **$60**.
- The assistant also provided a broader estimate for a taxi from Narita Airport to Tokyo: **¥15,000–20,000 (approximately $140–180 USD)** during the daytime.

**3. Calculation of savings:**
- The user's stated taxi cost: **$60**
- The user's stated train cost (from their friend): **$10**
- Savings = Taxi cost − Train cost = **$60 − $10 = $50**

**Answer:**  
You would save **$50** by taking the train instead of the taxi, based on the $60 taxi fare you were quoted and the $10 train fare your friend mentioned.",,
q274,MR,ok,True,How many years older is my grandma than me?,43,"Based on the provided history chats, I can extract the following relevant information:

1.  **User's grandma's age**: The user's grandma is 75 years old. This is supported by multiple pieces of evidence:
    *   The user mentions her ""grandma's 75th birthday celebration"" (Session 1).
    *   The assistant states, ""it's wonderful that your grandma is still energetic and sharp at 75!"" (Session 1).

2.  **User's age**: The user is 32 years old. This is supported by the user's question in Session 2: ""do you think 32 is considered young or old in the grand scheme of things?""

**Reasoning:**
To find out how many years older the grandma is than the user, I subtract the user's age from the grandma's age:
75 (grandma's age) - 32 (user's age) = 43 years.

**Final Answer:**
Your grandma is **43 years** older than you.",,
q275,MR,ok,True,How many years older am I than when I graduated from college?,7,"Based on the provided history chats, I can extract the following relevant information:

1.  **User's current age**: The user is 32 years old as of 2023-05-25 (from Session 1, evidence `ev_fact:fact_eb6ea067-5f53-422d-91df-3beebd821a5c`).
2.  **User's age at college graduation**: The user completed a Bachelor's degree in Business Administration with a concentration in Marketing from the University of California, Berkeley, at the age of 25 (from Session 13, evidence `ev_span:span_session_35_0`).

**Step-by-step reasoning:**

1.  The user's current age is 32 years old.
2.  The user graduated from college at the age of 25.
3.  To find out how many years older the user is now compared to when they graduated, we subtract the graduation age from the current age: 32 - 25 = 7.

**Final Answer:**
You are **7 years** older than when you graduated from college.",,
q276,MR,ok,True,What is the total amount I spent on gifts for my coworker and brother?,$200,"Based on the provided history chats, I can extract the following relevant information:

1.  **Gift for brother:** In Session 1, the user stated, ""I did get my brother a really nice graduation gift in May - a $100 gift card to his favorite electronics store."" This is confirmed by the evidence metadata `fact_83b55686-cc12-4e31-a326-eaece487dd30` which states the user bought a $100 gift card for their brother.

2.  **Gift for coworker:** In Session 1, the user mentioned buying a gift for their coworker's baby shower: ""I think it was a set of baby clothes and toys from Buy Buy Baby, and it cost around $100."" This is confirmed by the evidence metadata `fact_fa2c36b6-eec0-4595-bcaa-7e54a7e26be9` and `fact_f3e5a74f-0f97-4e24-a4ad-9198431fc04c`, which state the user spent $100 on baby clothes and toys for their coworker's baby.

**Reasoning:**
- Amount spent on brother's gift: $100
- Amount spent on coworker's gift: $100
- Total amount spent on both: $100 + $100 = $200

**Final Answer:**
The total amount you spent on gifts for your coworker and brother is **$200**.",,
q277,MR,ok,True,What is the total number of comments on my recent Facebook Live session and my most popular YouTube video?,33,"The total number of comments on your recent Facebook Live session and your most popular YouTube video is **33**.

Step-by-step reasoning:

1. **Facebook Live session comments**:  
   - In Session 1 (2023-05-23), you mentioned your recent Facebook Live session about cooking vegan recipes received **12 comments**.  
   - This is confirmed in multiple places, including the assistant's response referencing ""12 comments"" and your own statement about including that anecdote in a future video.

2. **Most popular YouTube video comments**:  
   - In Session 2 (2023-05-24), you stated that your most popular YouTube video (on social media analytics) has **21 comments**.  
   - You explicitly said, ""My most popular video has 21 comments, and I wish to do better than that.""

3. **Total**:  
   - 12 (Facebook Live) + 21 (YouTube) = **33 comments**.

Therefore, the combined total is **33 comments**.",,
q278,MR,ok,True,How many days a week do I attend fitness classes?,4 days.,"Based on the history chats, I can extract the following information about the user's fitness classes:

1. **Zumba classes**: Tuesdays and Thursdays at 6:30 pm (Session 1)
2. **Weightlifting class**: Saturdays at 10 am (Session 1)
3. **Yoga class**: Wednesdays (Session 2)

Counting the distinct days:
- Tuesday (Zumba)
- Wednesday (Yoga)
- Thursday (Zumba)
- Saturday (Weightlifting)

That's **4 days** per week.",,
q279,MR,ok,True,What is the total amount I spent on the designer handbag and high-end skincare products?,"$1,300","Based on the provided history chats, I can extract the following relevant information:

1. **Designer handbag**: In Session 1, the user stated, ""I recently treated myself to a Coach handbag, which costed $800."" This is a direct user statement confirming a $800 expenditure on a Coach designer handbag.

2. **High-end skincare products**: In Session 2, the user stated, ""I've recently invested $500 in some high-end products during the Nordstrom anniversary sale."" This is a direct user statement confirming a $500 expenditure on high-end skincare products.

**Calculation:**
- Designer handbag: $800
- High-end skincare products: $500
- Total: $800 + $500 = **$1,300**

**Answer:** The total amount spent on the designer handbag and high-end skincare products is **$1,300**.",,
q280,MR,ok,True,What is the average GPA of my undergraduate and graduate studies?,3.83,"Based on the provided history chats, I can extract the following relevant information:

1. **Graduate GPA**: In Session 1, the user stated they completed a Master's degree in Data Science from the University of Illinois at Urbana-Champaign with a GPA of **3.8 out of 4.0**.
2. **Undergraduate GPA**: In Session 2, the user stated they graduated with a First-Class distinction in Computer Science from the University of Mumbai, with an overall percentage of 83%, equivalent to a GPA of **3.86 out of 4.0**.

Now, to answer the question ""What is the average GPA of my undergraduate and graduate studies?"":

- The average GPA is calculated as: (3.8 + 3.86) / 2 = 7.66 / 2 = **3.83**.

Therefore, the average GPA of the user's undergraduate and graduate studies is **3.83 out of 4.0**.",,
q281,MR,ok,True,How many minutes did I exceed my target time by in the marathon?,12,"Based on the provided history chats, I can extract the following relevant information:

1.  **Target marathon time:** The user stated their target marathon time was **4 hours and 10 minutes** (Session 1).
2.  **Actual marathon completion time:** The user stated they completed their first full marathon in **4 hours and 22 minutes** (Session 2).

**Step-by-step reasoning:**

1.  Convert the target time to minutes: 4 hours × 60 minutes/hour + 10 minutes = 240 + 10 = **250 minutes**.
2.  Convert the actual completion time to minutes: 4 hours × 60 minutes/hour + 22 minutes = 240 + 22 = **262 minutes**.
3.  Calculate the difference: 262 minutes (actual) - 250 minutes (target) = **12 minutes**.

**Answer:** You exceeded your target marathon time by **12 minutes**.",,
q282,MR,MISS,False,What was the page count of the two novels I finished in January and March?,856,"Based on the provided history chats, I can extract the following relevant information:

**Relevant Information:**
1. From Session 1 (dated 2023-05-27): The user stated, ""I just finished a 416-page novel, but before that, I read 'The Power' by Naomi Alderman in December, which had 341 pages..."" — This indicates the user finished a **416-page novel** before reading ""The Power"" in December 2022.
2. From Session 2 (dated 2023-05-22): The user stated, ""I just finished a historical fiction novel, 'The Nightingale' by Kristin Hannah, which had 440 pages and took me around 3 weeks to complete."" — This indicates the user finished **""The Nightingale""** which had **440 pages**.

**Reasoning:**
The question asks for the page count of the two novels the user finished in **January and March**. However, the evidence provided does not specify when the user finished these novels in January or March. The evidence only mentions:
- A 416-page novel finished before December 2022 (so likely finished in late 2022, not January or March).
- ""The Nightingale"" (440 pages) finished around May 2023 (based on the session date of May 22, 2023).

There is no evidence in the history chats that explicitly states the user finished any novels in January or March of any year. The dates mentioned are December 2022 (for ""The Power"") and May 2023 (for ""The Nightingale""). The 416-page novel's completion date is not specified beyond ""before"" December 2022.

**Conclusion:**
The information needed to answer the question — the page counts of two novels finished in January and March — is **missing** from the provided evidence. The history chats do not contain any statements about novels finished in January or March.

**Answer:** The information is missing. The provided history chats do not specify which novels the user finished in January and March, nor their page counts.",,
q283,MR,ok,True,What is the total number of siblings I have?,4,"Based on the provided history chats, I can extract the following relevant information about the user's siblings:

1.  **Brother:** In Session 1 (2023-05-25), the user explicitly states, ""Oh, and I should mention that I have a brother..."" This confirms the user has **1 brother**.
2.  **Sisters:** In Session 2 (2023-05-24), the user explicitly states, ""I come from a family with 3 sisters..."" This confirms the user has **3 sisters**.

Adding these together: 1 brother + 3 sisters = 4 siblings.

**Answer:** The total number of siblings you have is **4**.",,
q284,MR,ok,True,How much have I made from selling eggs this month?,$120,"Based on the provided history chats, here is the step-by-step reasoning to answer the question:

**Step 1: Extract relevant information**
- From Session 1 (dated 2023-05-22): The user stated, ""I've sold a total of 40 dozen eggs so far"" (evidence_id=ev_fact:fact_61993054-04e4-4de0-9d11-ab686640480b). This is dated 2023-05-01 and is within the current month (May 2023).
- From Session 2 (dated 2023-05-26): The user stated, ""I've been selling the eggs to my neighbor for $3 a dozen"" (evidence_id=ev_fact:fact_4e938025-368f-4ee1-b5df-8f5d14001316).

**Step 2: Calculate the total earnings**
- Quantity sold: 40 dozen eggs
- Price per dozen: $3
- Total earnings = 40 dozen × $3/dozen = $120

**Step 3: Verify the calculation**
- 40 × 3 = 120

**Answer:** You have made **$120** from selling eggs this month.",,
q285,MR,ok,True,How much earlier do I wake up on Fridays compared to other weekdays?,30 minutes,"Based on the provided history, I can extract the following relevant information:

1.  **Friday wake-up time:** In Session 1 (dated 2023-05-29, which is a Monday), the user stated, ""on Fridays, I like to get a head start, so I wake up at 6:00 AM."" The assistant then created a schedule for that day (Monday) starting with a 6:00 AM wake-up, but the user's explicit statement about Fridays is 6:00 AM.

2.  **Other weekday wake-up time:** In Session 2 (dated 2023-05-24, a Wednesday), the user stated, ""I usually do them right after waking up at 6:30 AM on weekdays."" The assistant then confirmed this routine for ""Monday to Friday"" with a 6:30 AM wake-up time.

**Reasoning:**
The user wakes up at **6:00 AM** on Fridays and at **6:30 AM** on other weekdays (Monday through Thursday).

The difference is 6:30 AM - 6:00 AM = 30 minutes.

**Answer:**
You wake up **30 minutes** earlier on Fridays compared to other weekdays.",,
q286,ABS,ok,True,At which university did I present a poster for my undergrad course research project?,The information provided is not enough. You did not mention presenting a poster for your undergrad course research project.,"Based on the history chats, I can extract the following relevant information:

1. In Session 1 (2023-05-23), the user stated: ""I actually just presented a poster on my thesis research on it at my first research conference over the summer."" The research was about AI in education.

2. In Session 2 (2023-05-30), the user stated: ""I've been to Harvard University to attend my first research conference and saw some interesting projects on AI in education.""

Now, reasoning over this information:

- The user presented a poster on thesis research about AI in education at their first research conference.
- The user attended their first research conference at Harvard University.
- Both statements refer to the same ""first research conference"" — the user's thesis research was on AI in education, and at Harvard they saw projects on AI in education, which aligns with the same event.

However, the question asks specifically about presenting a poster for an ""undergrad course research project."" The user's statements mention ""thesis research"" and ""first research conference,"" but never explicitly say this was an ""undergrad course research project."" The user did not describe the poster as being for an undergrad course.

Therefore, while I can infer the conference was at Harvard University, the question's specific framing of ""undergrad course research project"" is not directly supported by the evidence. The user said ""thesis research,"" not ""undergrad course research project.""

Given the abstain consistency protocol — which says not to combine ""presented a poster at a conference"" with ""visited Harvard"" into ""presented undergrad poster at Harvard"" unless explicitly stated — and the fact that the user never described the poster as being for an undergrad course, the information is not sufficient to answer the question as asked.

**Answer:** The information is not enough to answer the question. The user presented a poster on thesis research about AI in education at their first research conference, which was held at Harvard University, but the user never stated that this was for an ""undergrad course research project.""",,
q287,ABS,ok,True,How old will Rachel be when I get married?,"The information provided is not enough. You did not mention how old Rachel is right now, nor when will you get married.","Based on the provided history chats, I cannot determine how old Rachel will be when you get married.

**Step 1: Extract relevant information**

- From Session 1 and Session 20: Your friend Rachel is getting married next year (2024). [evidence: ev_fact:fact_7b6ab987-83e5-4a09-a9bf-918d7f9179c8]
- From Session 2: You are 32 years old as of 2023-05-22. [evidence: ev_fact:fact_59d2d93b-6b03-48b9-b4f3-745fb93ecef8]

**Step 2: Reason over the information**

The question asks for Rachel's age at the time of *your* wedding. However, the provided history chats contain no information about:
- Your own wedding date or plans.
- Rachel's current age or birthdate.

While we know Rachel is getting married in 2024, this does not provide any information about your wedding or Rachel's age. The necessary information to answer this question is missing from the chat history.",,
q288,TR,ok,True,"Which three events happened in the order from first to last: the day I helped my friend prepare the nursery, the day I helped my cousin pick out stuff for her baby shower, and the day I ordered a customized phone case for my friend's birthday?","First, I helped my friend prepare the nursery, then I helped my cousin pick out stuff for her baby shower, and lastly, I ordered a customized phone case for my friend's birthday.","Based on the provided history chats, I can extract the dates for the three events in question:

1.  **The day I helped my friend prepare the nursery:** This event is mentioned in Session 1 (Session Time: 2023-02-05). The user states, ""I just helped my friend prepare a nursery today, and we spent an entire Sunday afternoon shopping for baby supplies and decorations at Buy Buy Baby."" Therefore, this event occurred on **2023-02-05**.

2.  **The day I helped my cousin pick out stuff for her baby shower:** This event is mentioned in Session 2 (Session Time: 2023-02-10). The user states, ""I just helped my cousin pick out some stuff for her baby shower, and we ended up getting diapers, wipes, and a baby monitor at Target."" Therefore, this event occurred on **2023-02-10**.

3.  **The day I ordered a customized phone case for my friend's birthday:** This event is mentioned in Session 3 (Session Time: 2023-02-20). The user states, ""I just ordered a customized phone case for my friend's birthday today, which she really loves."" Therefore, this event occurred on **2023-02-20**.

**Reasoning:**
Comparing the dates of the three events:
- Helping friend prepare nursery: 2023-02-05
- Helping cousin pick out baby shower stuff: 2023-02-10
- Ordering customized phone case: 2023-02-20

The chronological order from first to last is: 2023-02-05, then 2023-02-10, then 2023-02-20.

**Answer:**
The three events happened in the following order from first to last:
1.  The day I helped my friend prepare the nursery (2023-02-05).
2.  The day I helped my cousin pick out stuff for her baby shower (2023-02-10).
3.  The day I ordered a customized phone case for my friend's birthday (2023-02-20).",,
q289,TR,ok,True,How many weeks ago did I meet up with my aunt and receive the crystal chandelier?,4,"**Step 1: Extract relevant information**

From Session 1 (dated 2023-03-04):
- The user stated: ""I also got a stunning crystal chandelier from my aunt today, which used to belong to my great-grandmother.""
- The evidence metadata confirms: ""user acquired a crystal chandelier from aunt today"" with date=2023-03-04.

From Session 11 (derived runtime):
- Verified date calculation: 2023-04-01 - 2023-03-04 = 28 days (≈ 0.92 months, ≈ 0.08 years).

Current date: 2023/04/01 (Saturday).

**Step 2: Calculate the time difference**

- Date of receiving the chandelier: 2023-03-04
- Current date: 2023-04-01
- Difference: 28 days

**Step 3: Convert days to weeks**

28 days ÷ 7 days/week = 4 weeks

**Answer:** You met up with your aunt and received the crystal chandelier **4 weeks ago**.",,
q290,TR,ok,True,"How many months have passed since I participated in two charity events in a row, on consecutive days?",2,"Based on the provided history chats, I can identify the two charity events the user participated in on consecutive days:

1.  **2023-02-14**: The user participated in the ""24-Hour Bike Ride"" charity event (Session 1).
2.  **2023-02-15**: The user participated in the 'Ride to Cure Cancer' charity bike ride (Session 2).

The current date is **2023-04-18**.

To calculate the months passed:
- From February 14, 2023, to April 18, 2023, is approximately **2 months** (February to March is 1 month, and March to April is another month, with a few extra days).

Therefore, **2 months** have passed since the user participated in those two charity events on consecutive days.",,
q291,TR,ok,True,How many days passed between the day I started playing along to my favorite songs on my old keyboard and the day I discovered a bluegrass band?,6 days. 7 days (including the last day) is also acceptable.,"Based on the provided history chats, I can extract the following relevant information:

**Step 1: Extract relevant information**

- The user started playing along to favorite songs on their old keyboard on **2023-03-25** (Session 1, user message: ""I started playing along to my favorite songs on my old keyboard today"").
- The user discovered a bluegrass band on **2023-03-31** (Session 2, user message: ""I recently discovered a bluegrass band that features a banjo player and started enjoying their music today"").

**Step 2: Calculate the number of days between the two dates**

- From 2023-03-25 to 2023-03-31 is **6 days** (March 26, 27, 28, 29, 30, 31).

**Answer:** 6 days passed between the day the user started playing along to favorite songs on their old keyboard and the day they discovered a bluegrass band.",,
q292,TR,ok,True,How many months have passed since I last visited a museum with a friend?,5,"Based on the history chats, I need to find the last time the user visited a museum **with a friend**.

**Step 1: Extract relevant information**

- In Session 1 (dated 2022-10-22), the user states: ""I was thinking about my behind-the-scenes tour of the Science Museum today, and I remembered that I went with a friend who's a chemistry professor."" (evidence_id: fact_61f4555c-bb51-470f-b4a1-6bb24ba583cc)
- This is the only museum visit mentioned where the user explicitly went with a friend.
- The current date is 2023/03/25.

**Step 2: Calculate the time elapsed**

- Last museum visit with a friend: 2022-10-22
- Current date: 2023-03-25
- From October 22, 2022 to March 22, 2023 is 5 months. Adding 3 more days brings it to March 25, 2023, which is still within the 5th month (since we count complete months).

**Step 3: Conclusion**

5 months have passed since the user last visited a museum with a friend.",,
q293,TR,ok,True,How many weeks ago did I attend the friends and family sale at Nordstrom?,2,"Based on the provided history chats, I can extract the following relevant information:

**Step 1: Extract relevant information**

- The user attended a friends and family sale at Nordstrom on **2022-11-17** (from Session 1, evidence_id=ev_fact:fact_7dc2d238-5b1b-452f-8e7a-5bcf4ce26d1f).
- The current date is **2022-12-01**.

**Step 2: Calculate the time difference**

- From 2022-11-17 to 2022-12-01 is **14 days**.
- 14 days / 7 days per week = **2 weeks**.

**Answer:** You attended the friends and family sale at Nordstrom **2 weeks ago**.",,
q294,TR,ok,True,"Which event happened first, my cousin's wedding or Michael's engagement party?",Michael's engagement party,"Based on the provided history chats:

**Step 1: Extract relevant information**
- From Session 1 (dated 2023-05-06): The user attended Michael's engagement party at a trendy rooftop bar on that date (2023-05-06).
- From Session 2 (dated 2023-06-15): The user was a bridesmaid at her cousin's wedding on that date (2023-06-15).

**Step 2: Compare the dates**
- Michael's engagement party: May 6, 2023
- Cousin's wedding: June 15, 2023

**Step 3: Determine which happened first**
May 6, 2023 is earlier than June 15, 2023.

**Answer:** Michael's engagement party happened first.",,
q295,TR,ok,True,How many days ago did I attend the Maundy Thursday service at the Episcopal Church?,4 days.,"**Step 1: Extract relevant information**

From the history chats, I found the following relevant evidence:

- **Session 1 (2023-04-06):** The user said, *""By the way, I'm glad I got to attend the Maundy Thursday service at the Episcopal Church today, it was a beautiful and moving experience.""* This explicitly states the user attended the Maundy Thursday service on **2023-04-06**.
- **Current Date:** The question states the current date is **2023/04/10 (Mon) 10:28**.
- **Derived date calculation (Session 17):** *""Verified date calculation: 2023-04-10 - 2023-04-06 = 4 days (≈ 0.13 months, ≈ 0.01 years); 2023-04-10 is after 2023-04-06.""*

**Step 2: Reason over the information**

The user attended the Maundy Thursday service on April 6, 2023. The current date is April 10, 2023. The difference between these two dates is 4 days.

**Answer:** You attended the Maundy Thursday service at the Episcopal Church **4 days ago**.",,
q296,TR,ok,True,How many days ago did I attend a baking class at a local culinary school when I made my friend's birthday cake?,21 days. 22 days (including the last day) is also acceptable.,"**Step 1: Extract relevant information**

- The user attended a baking class at a local culinary school on **2022-03-20** (stated in Session 1: ""after that amazing baking class I took at a local culinary school yesterday"" — the session was on 2022-03-21, so the class was the day before, i.e., 2022-03-20).
- The user baked a chocolate cake for their friend's birthday party on **2022-04-10** (stated in Session 2: ""I just baked a chocolate cake for my friend's birthday party today"" — session date is 2022-04-10).

**Step 2: Calculate the difference**

- From 2022-03-20 to 2022-04-10:
  - March 20 to March 31 = 11 days
  - April 1 to April 10 = 10 days
  - Total = 21 days

**Step 3: Answer**

The user attended the baking class **21 days** before making the friend's birthday cake.",,
q297,TR,ok,True,How many days passed between the day I started watering my herb garden and the day I harvested my first batch of fresh herbs?,24 days. 25 days (including the last day) is also acceptable.,"**Step 1: Extract relevant information**

- User started watering herb garden every morning on **2023-03-22** (Session 1, explicit text).
- User harvested first batch of fresh herbs from herb garden kit on **2023-04-15** (Session 2, explicit text).
- A derived date calculation confirms: 2023-04-15 minus 2023-03-22 = **24 days** (Session 3).

**Step 2: Reason over the information**

The question asks for the number of days between the day the user started watering the herb garden and the day they harvested the first batch of fresh herbs.

- Start date: 2023-03-22
- Harvest date: 2023-04-15
- Difference: 24 days

The derived evidence explicitly confirms this calculation.

**Answer:** 24 days.",,
q298,TR,ok,True,"How many days had passed since I finished reading 'The Seven Husbands of Evelyn Hugo' when I attended the book reading event at the local library, where the author of 'The Silent Patient' is discussing her latest thriller novel?",18 days. 19 days (including the last day) is also acceptable.,"**Step 1: Extract relevant information**

- User finished reading ""The Seven Husbands of Evelyn Hugo"" on **2022/12/28** (evidence: ev_fact:fact_5acbfdc1-b1bf-48a9-8afd-4c027a9e2018).
- User attended a book reading event at the local library on **2023/01/15** (evidence: ev_fact:fact_96a71954-a01a-4935-939e-b9c2b26e909c).

**Step 2: Calculate the difference**

- From 2022/12/28 to 2023/01/15:
  - December 28 to December 31 = 3 days (Dec 29, 30, 31)
  - January 1 to January 15 = 15 days
  - Total = 3 + 15 = **18 days**

**Answer:** 18 days had passed since you finished reading ""The Seven Husbands of Evelyn Hugo"" when you attended the book reading event at the local library on 2023/01/15.",,
q299,TR,ok,True,How many days did I spend on my solo camping trip to Yosemite National Park?,2 days. 3 days (including the last day) is also acceptable.,"The user started the solo camping trip to Yosemite National Park on **2023-05-15** and returned on **2023-05-17**.

Calculating the duration:  
- 2023-05-15 to 2023-05-17 = **2 days** (inclusive of both start and end dates, or 2 full days if counting nights spent).

The trip lasted **2 days**.",,
q300,TR,MISS,False,"What is the order of the three trips I took in the past three months, from earliest to latest?","I went on a day hike to Muir Woods National Monument with my family, then I went on a road trip with friends to Big Sur and Monterey, and finally I started my solo camping trip to Yosemite National Park.","Based on the provided history chats, I can identify three trips taken by the user. Here is the step-by-step reasoning:

**Step 1: Extract relevant information**

- **Trip 1: Solo camping trip to Yosemite National Park**
  - Evidence: Session 1 states ""I just got back from a solo camping trip to Yosemite National Park today"" with a session date of 2023-05-15. The evidence metadata confirms: ""User completed a solo camping trip to Yosemite National Park on 2023/05/15.""
  - **Return date: 2023-05-15**

- **Trip 2: Road trip with friends to Big Sur and Monterey**
  - Evidence: Session 2 states ""I just got back from a road trip with friends to Big Sur and Monterey today"" with a session date of 2023-04-20. The evidence metadata confirms: ""User returned from a road trip with friends to Big Sur and Monterey today; date=2023-04-20.""
  - **Return date: 2023-04-20**

- **Trip 3: Planning a trip to the Eastern Sierra**
  - Evidence: Sessions 1, 2, and 3 mention the user is ""planning a trip to the Eastern Sierra"" (e.g., Session 1: ""I'm planning a trip to the Eastern Sierra""; Session 3: ""my upcoming trip to the Eastern Sierra""). The evidence metadata confirms: ""User is planning a trip to the Eastern Sierra"" and ""user has an upcoming trip to the Eastern Sierra.""
  - **Status: This is a future plan, not a completed trip. The question asks about trips ""took"" (completed), so this should be excluded.**

**Step 2: Reason over the information**

The question asks for the order of the three trips taken in the past three months, from earliest to latest. However, only two trips have been completed (Yosemite and Big Sur/Monterey). The Eastern Sierra trip is only a plan and has not been taken yet, so it does not count as a ""trip I took.""

The two completed trips are:
1. Big Sur and Monterey road trip – returned on 2023-04-20
2. Yosemite solo camping trip – returned on 2023-05-15

**Step 3: Determine the order**

From earliest to latest:
1. Big Sur and Monterey road trip (2023-04-20)
2. Yosemite solo camping trip (2023-05-15)

**Final Answer:**
The order of the trips taken, from earliest to latest, is:
1. Road trip to Big Sur and Monterey (returned 2023-04-20)
2. Solo camping trip to Yosemite National Park (returned 2023-05-15)

Note: The question states there are three trips, but only two completed trips are found in the evidence. The third trip (Eastern Sierra) is only a future plan and has not been taken, so it cannot be included in the order of trips already taken.",,
q301,TR,ok,True,How many months ago did I attend the Seattle International Film Festival?,4 months ago,"**Step 1: Extract relevant information**

From the history chats, the key evidence about attending the Seattle International Film Festival (SIFF):

- Session 1 (dated 2021-06-01): The user said, ""I just saw 'Coda' at the Seattle International Film Festival today, and I loved it. I attended SIFF for a week, watched 8 films, and even sat in on a panel discussion about film distribution and marketing.""
- The session date is explicitly 2021-06-01, and the user says ""today,"" indicating they attended SIFF on that date (or at least the festival was ongoing and they attended that day).
- The user also mentions in later turns that they have ""attended several festivals, including SIFF,"" but the specific attendance date tied to the SIFF event is 2021-06-01.

The current date is given as **2021/10/02**.

**Step 2: Calculate the time difference**

- Event date: 2021-06-01
- Current date: 2021-10-02

From June 1 to October 2:
- June 1 → July 1 = 1 month
- July 1 → August 1 = 2 months
- August 1 → September 1 = 3 months
- September 1 → October 1 = 4 months
- Plus 1 extra day (October 1 to October 2)

So the time elapsed is approximately **4 months** (and 1 day).

**Step 3: Answer**

The user attended the Seattle International Film Festival approximately **4 months ago**.

**Answer: 4 months ago.**",,
q302,TR,ok,True,How many days ago did I buy a smoker?,10 days ago. 11 days (including the last day) is also acceptable.,"**Step 1: Extract relevant information**

From Session 1 (dated 2023-03-15):
- The user said: ""I just got a smoker today"" — this is an explicit statement that the user acquired a smoker on 2023-03-15.

From the current date provided:
- Current Date: 2023/03/25 (Saturday)

**Step 2: Calculate the difference**

- Purchase date: 2023-03-15
- Current date: 2023-03-25
- Difference: 25 - 15 = 10 days

**Answer:** You bought the smoker **10 days ago**.",,
q303,TR,ok,True,"What is the order of the three events: 'I signed up for the rewards program at ShopRite', 'I used a Buy One Get One Free coupon on Luvs diapers at Walmart', and 'I redeemed $12 cashback for a $10 Amazon gift card from Ibotta'?","First, I used a Buy One Get One Free coupon on Luvs diapers at Walmart. Then, I redeemed $12 cashback for a $10 Amazon gift card from Ibotta. Finally, I signed up for the rewards program at ShopRite.","Based on the provided history chats, I can determine the order of the three events:

**Step 1: Extract relevant information**

1. **""I used a Buy One Get One Free coupon on Luvs diapers at Walmart""** — Session 1, dated 2023-04-01. The user states: ""I used a Buy One Get One Free coupon on Luvs diapers at Walmart today.""

2. **""I redeemed $12 cashback for a $10 Amazon gift card from Ibotta""** — Session 2, dated 2023-04-10. The user states: ""I just redeemed $12 cashback for a $10 Amazon gift card from Ibotta today.""

3. **""I signed up for the rewards program at ShopRite""** — Session 3, dated 2023-04-15. The user states: ""I signed up for their rewards program today.""

**Step 2: Order the events chronologically**

- Event 1: 2023-04-01 (Walmart Luvs coupon)
- Event 2: 2023-04-10 (Ibotta redemption)
- Event 3: 2023-04-15 (ShopRite rewards signup)

**Final Answer:**
The chronological order is:
1. Used a Buy One Get One Free coupon on Luvs diapers at Walmart (2023-04-01)
2. Redeemed $12 cashback for a $10 Amazon gift card from Ibotta (2023-04-10)
3. Signed up for the rewards program at ShopRite (2023-04-15)",,
q304,TR,ok,True,How many weeks in total do I spent on reading 'The Nightingale' and listening to 'Sapiens: A Brief History of Humankind' and 'The Power'?,"2 weeks for 'The Nightingale', 4 weeks for 'Sapiens: A Brief History of Humankind', and 2 weeks for 'The Power', so a total of 8 weeks.","**Step 1: Extract relevant information**

From the history chats, I can identify the following key dates related to the three books:

1. **'The Nightingale' by Kristin Hannah:**
   - Started reading: 2022-01-01 (Session 1: ""I started reading 'The Nightingale' by Kristin Hannah today"")
   - Finished reading: 2022-01-15 (Session 2: ""I just finished reading 'The Nightingale' by Kristin Hannah today"")

2. **'Sapiens: A Brief History of Humankind' by Yuval Noah Harari:**
   - Started listening: 2022-02-01 (Session 3: ""I just started listening to 'Sapiens: A Brief History of Humankind' by Yuval Noah Harari today"")
   - Finished listening: 2022-03-01 (Session 4: ""I just finished listening to 'Sapiens: A Brief History of Humankind' by Yuval Noah Harari today"")

3. **'The Power' by Naomi Alderman:**
   - Started listening: 2022-03-06 (Session 5: ""I started listening to 'The Power' by Naomi Alderman today"")
   - Finished listening: 2022-03-20 (Session 6: ""I just finished listening to 'The Power' by Naomi Alderman today"")

**Step 2: Calculate the duration for each book**

1. **'The Nightingale':** 2022-01-01 to 2022-01-15 = 14 days = **2 weeks**
2. **'Sapiens':** 2022-02-01 to 2022-03-01 = 28 days = **4 weeks**
3. **'The Power':** 2022-03-06 to 2022-03-20 = 14 days = **2 weeks**

**Step 3: Sum the total weeks**

2 weeks + 4 weeks + 2 weeks = **8 weeks**

**Answer:** You spent a total of **8 weeks** reading 'The Nightingale' and listening to 'Sapiens: A Brief History of Humankind' and 'The Power'.",,
q305,TR,ok,True,How many weeks passed between the day I bought my new tennis racket and the day I received it?,1 week,"1. **Extract relevant information:**
   - The user bought a new tennis racket online on **2023-03-10** (from Session 1: ""I just bought a new tennis racket online today"" with date 2023-03-10).
   - The user received the new tennis racket on **2023-03-17** (from Session 2: ""I just received my new tennis racket today"" with date 2023-03-17).

2. **Calculate the time difference:**
   - From 2023-03-10 to 2023-03-17 is **7 days**.
   - 7 days = **1 week** (since 7 days = 1 week).

**Answer:** 1 week passed between the day you bought your new tennis racket and the day you received it.",,
q306,TR,ok,True,How many days ago did I meet Emma?,9 days ago. 10 days (including the last day) is also acceptable.,"**Step 1: Extract relevant information**

From **Session 1** (dated 2023-04-11):
- The user states: ""I catch up with Emma, a freelance writer, over lunch today and she's now a potential collaborator for a project I'm working on.""
- This is supported by evidence `ev_fact:fact_19476b53-809f-4bd2-abc1-e166eefc6296`, which explicitly labels: ""User had lunch with Emma, a freelance writer, today and she is now a potential collaborator for a project; date=2023-04-11.""

From **Session 12** (derived date calculation):
- ""Verified date calculation: 2023-04-20 - 2023-04-11 = 9 days (≈ 0.3 months, ≈ 0.02 years); 2023-04-20 is after 2023-04-11.""

The current date is given as **2023/04/20**.

**Step 2: Reason over the information**

- The user met Emma for lunch on **2023-04-11**.
- The current date is **2023-04-20**.
- The difference between these two dates is **9 days**.

**Answer:** You met Emma **9 days ago**.",,
q307,TR,ok,True,How many days passed between the day I attended the gardening workshop and the day I planted the tomato saplings?,6 days. 7 days (including the last day) is also acceptable.,"**Step 1: Extract relevant information**

From the history chats, I need to find:
- The date the user attended the gardening workshop
- The date the user planted the tomato saplings

**Gardening workshop:**
- Session 1 (2023-04-15): ""I attended a gardening workshop in my neighborhood today where I learned about companion planting and crop rotation"" — this is dated 2023-04-15.

**Tomato saplings:**
- Session 2 (2023-04-21): ""I just planted 12 new tomato saplings today"" — this is dated 2023-04-21.

**Step 2: Calculate the difference**

2023-04-21 minus 2023-04-15 = 6 days.

**Answer:** 6 days passed between the day the user attended the gardening workshop and the day they planted the tomato saplings.",,
q308,TR,ok,True,How many days passed between the day I received feedback about my car's suspension and the day I tested my new suspension setup?,38 days. 39 days (including the last day) is also acceptable.,"Based on the provided history chats, I can extract the following relevant information:

1. **Day feedback was received**: On 2023-03-17, the user mentioned receiving feedback from judges that their car's suspension was too soft, affecting handling in fast corners. (Session 1, user message with evidence `fact_35ede46c-709b-40e3-adde-22051be39d7e`)

2. **Day the new suspension was tested**: On 2023-04-23, the user stated they were preparing for an open track day at VIRginia International Raceway **tomorrow** (i.e., 2023-04-24), where they would be testing the new suspension setup. (Session 2, user message with evidence `fact_cddf128f-a30a-476b-9dc5-fc780c2d8e5d`)

Now, calculating the days between these two dates:

- From 2023-03-17 to 2023-04-24:
  - March 17 to March 31 = 14 days
  - April 1 to April 24 = 24 days
  - Total = 14 + 24 = **38 days**

**Answer: 38 days** passed between the day you received feedback about your car's suspension and the day you tested your new suspension setup.",,
q309,TR,ok,True,How many days had passed since I started taking ukulele lessons when I decided to take my acoustic guitar to the guitar tech for servicing?,24 days. 25 days (including the last day) is also acceptable.,"**Step 1: Extract relevant information**

- User started taking ukulele lessons with Rachel on **2023-02-01** (from Session 1: ""I just started taking ukulele lessons with my friend Rachel today"").
- User took the Taylor GS Mini (acoustic guitar) to Joe at Guitar Central for servicing on **2023-02-25** (from Session 2: ""I just got back from Joe's shop. I decided to take my Taylor GS Mini, to the guitar tech for servicing today"").

**Step 2: Calculate the difference**

- From 2023-02-01 to 2023-02-25:
  - February 1 to February 25 = **24 days**.

**Answer:** 24 days had passed since you started taking ukulele lessons when you took your acoustic guitar to the guitar tech for servicing.",,
q310,TR,ok,True,What is the order of the sports events I watched in January?,"First, I attended a NBA game at the Staples Center, then I watched the College Football National Championship game, and finally, I watched the NFL playoffs.","Based on the provided history chats, here is the step-by-step reasoning to determine the order of sports events the user watched in January 2023:

**Step 1: Extract all relevant information about sports events watched in January 2023.**

- **Event 1:** From Session 1 (dated 2023-01-05), the user states: ""I just went to a NBA game there with my coworkers today... We watched the Lakers take on the Chicago Bulls and had a blast."" This confirms the user watched an NBA game (Lakers vs. Bulls) at the Staples Center on **2023-01-05**.

- **Event 2:** From Session 2 (dated 2023-01-15), the user states: ""I'm still riding high from the College Football National Championship game I watched with my family at home yesterday, where Georgia took down Alabama 33-18."" This confirms the user watched the College Football National Championship game on **2023-01-14** (yesterday relative to the session date of 2023-01-15).

- **Event 3:** From Session 3 (dated 2023-01-22), the user states: ""I'm still on a high from watching the Kansas City Chiefs defeat the Buffalo Bills in the Divisional Round of the NFL playoffs last weekend at my friend Mike's place."" The session is on 2023-01-22, and ""last weekend"" would be January 14-15, 2023. The planner has already resolved this date to **2023-01-14**.

**Step 2: Sort the events chronologically.**

- 2023-01-05: NBA game (Lakers vs. Bulls)
- 2023-01-14: College Football National Championship (Georgia vs. Alabama)
- 2023-01-14: NFL Divisional Round (Chiefs vs. Bills)

Since the College Football game and the NFL game both occurred on 2023-01-14, we need to determine if there is any additional information to order them. The user mentions the College Football game was watched ""yesterday"" in a session on 2023-01-15, and the NFL game was watched ""last weekend"" in a session on 2023-01-22. Both are stated to be on 2023-01-14. Without further time-of-day information, they are considered to be on the same day. The question asks for the order, so we list them in the order they appear in the evidence or chronologically by date. Since both are on the same date, we can list them together or in the order they were mentioned. The planner's supported claims list the College Football game first, then the NFL game.

**Step 3: Provide the final ordered list.**

1. NBA game: Lakers vs. Bulls at Staples Center (2023-01-05)
2. College Football National Championship: Georgia vs. Alabama (2023-01-14)
3. NFL Divisional Round: Chiefs vs. Bills (2023-01-14)",,
q311,TR,ok,True,How many days did it take me to finish 'The Nightingale' by Kristin Hannah?,21 days. 22 days (including the last day) is also acceptable.,"Based on the provided history chats, I can determine how long it took the user to finish ""The Nightingale"" by Kristin Hannah.

**Step 1: Extract relevant information**

- **Start date:** In Session 1 (dated 2023-01-10), the user stated: ""I just started 'The Nightingale' by Kristin Hannah today."" This is supported by evidence `ev_fact:fact_58a5339d-176b-4382-94b4-5094cd0cdf00`.
- **Finish date:** In Session 2 (dated 2023-01-31), the user stated: ""I just finished a historical fiction novel, 'The Nightingale' by Kristin Hannah, today."" This is supported by evidence `ev_fact:fact_81644c9d-300b-41ac-b4ea-a4d5a3da5fb6`.
- **Date calculation:** The derived evidence in Session 10 confirms: ""2023-01-31 - 2023-01-10 = 21 days.""

**Step 2: Reason over the information**

The user started reading the book on January 10, 2023, and finished it on January 31, 2023. The difference between these two dates is 21 days.

**Final Answer:**

It took you **21 days** to finish ""The Nightingale"" by Kristin Hannah.",,
q312,TR,ok,True,"What is the order of the three sports events I participated in during the past month, from earliest to latest?","I first completed the Spring Sprint Triathlon, then took part in the Midsummer 5K Run, and finally participated in the company's annual charity soccer tournament.","**Step 1: Extract relevant information**

The question asks for the order of the **three sports events** the user participated in during the **past month** (relative to the current date of 2023/07/01).

From the history chats, I can identify the following sports events the user participated in:

1. **Charity soccer tournament** – Session 1 (2023-06-17): The user states, ""I participate in the company's annual charity soccer tournament today"" (date: 2023-06-17).
2. **Midsummer 5K Run** – Session 2 (2023-06-10): The user states, ""I just finished a 5K run with a personal best time of 27 minutes and 42 seconds at the Midsummer 5K Run"" (date: 2023-06-10).
3. **Spring Sprint Triathlon** – Session 3 (2023-06-02): The user states, ""I just completed the Spring Sprint Triathlon today, which included a 20K bike ride"" (date: 2023-06-02).

All three events fall within the past month (June 2023) relative to the current date of July 1, 2023.

**Step 2: Reason over the information**

Now, I need to order these three events from earliest to latest based on their dates:

- Spring Sprint Triathlon: **2023-06-02**
- Midsummer 5K Run: **2023-06-10**
- Charity soccer tournament: **2023-06-17**

Sorting these dates in ascending order (earliest to latest):

1. 2023-06-02 – Spring Sprint Triathlon
2. 2023-06-10 – Midsummer 5K Run
3. 2023-06-17 – Charity soccer tournament

**Answer:**

The order of the three sports events from earliest to latest is:

1. **Spring Sprint Triathlon** (June 2, 2023)
2. **Midsummer 5K Run** (June 10, 2023)
3. **Charity soccer tournament** (June 17, 2023)",,
q313,TR,MISS,False,How many weeks had passed since I recovered from the flu when I went on my 10th jog outdoors?,15,"Based on the history chats, I can extract the following relevant information:

1. **User recovered from the flu on 2023-01-19** (Session 1: ""I'm feeling much better now that I finally recovered from the flu today"").
2. **User went on their 10th jog outdoors on 2023-04-10** (Session 2: ""I went on my 10th jog outdoors today"").

Now, let's calculate the time difference:

- From 2023-01-19 to 2023-04-10:
  - January 19 to January 31 = 12 days
  - February = 28 days (2023 is not a leap year)
  - March = 31 days
  - April 1 to April 10 = 10 days
  - Total = 12 + 28 + 31 + 10 = 81 days

Converting days to weeks:
- 81 days ÷ 7 days/week = 11.57 weeks

Since the question asks ""how many weeks had passed,"" and the standard interpretation is to round to the nearest whole week or use the floor, we can say approximately **12 weeks** (rounding 11.57 up) or **11 weeks** (floor). However, the planner's supported claim states ""Approximately 12 weeks passed between the flu recovery (2023-01-19) and the 10th outdoor jog (2023-04-10).""

**Answer: Approximately 12 weeks had passed since the user recovered from the flu when they went on their 10th jog outdoors.**",,
q314,TR,ok,True,"What is the order of the concerts and musical events I attended in the past two months, starting from the earliest?","The order of the concerts I attended is: 1. Billie Eilish concert at the Wells Fargo Center in Philly, 2. Free outdoor concert series in the park, 3. Music festival in Brooklyn, 4. Jazz night at a local bar, 5. Queen + Adam Lambert concert at the Prudential Center in Newark, NJ.","Based on the provided history, here is the order of the concerts and musical events you attended in the past two months (from 2023/02/22 to 2023/04/22), starting from the earliest:

1.  **Billie Eilish Concert** (2023/03/18) - Wells Fargo Center, Philadelphia, with your sister.
2.  **Free Outdoor Concert Series in the Park** (2023/03/25) - You attended this event today and discovered new talent.
3.  **Music Festival in Brooklyn** (2023/04/01) - You attended with a group of friends, featuring your favorite indie bands (including Glass Animals).
4.  **Jazz Night at a Local Bar** (2023/04/08) - You attended this intimate live music event today.
5.  **Queen Concert with Adam Lambert** (2023/04/15) - Prudential Center, Newark, NJ, with your parents.
6.  **Music Festival in Brooklyn** (2023/04/15) - You attended this festival featuring your favorite indie bands.",,
q315,TR,ok,True,How many days passed between the day I finished reading 'The Nightingale' and the day I started reading 'The Hitchhiker's Guide to the Galaxy'?,1 day. 2 days (including the last day) is also acceptable.,"**Step 1: Extract relevant information**

From the history chats:

- **Session 1** (2022-01-15): The user said, ""I just finished reading 'The Nightingale' by Kristin Hannah today."" The evidence metadata confirms: `label=User finished reading 'The Nightingale' by Kristin Hannah on 2022/01/15; date=2022-01-15`.

- **Session 2** (2022-01-16): The user said, ""I just started reading 'The Hitchhiker's Guide to the Galaxy' by Douglas Adams today."" The evidence metadata confirms: `label=user is reading 'The Hitchhiker's Guide to the Galaxy' by Douglas Adams, started today; date=2022-01-16`.

- **Session 3** (derived): The evidence metadata states: ""Verified date calculation: 2022-01-16 - 2022-01-15 = 1 days (≈ 0.03 months, ≈ 0.0 years); 2022-01-16 is after 2022-01-15.""

**Step 2: Reason over the information**

The question asks: ""How many days passed between the day I finished reading 'The Nightingale' and the day I started reading 'The Hitchhiker's Guide to the Galaxy'?""

- Day finished reading *The Nightingale*: **2022-01-15**
- Day started reading *The Hitchhiker's Guide to the Galaxy*: **2022-01-16**

The difference between these two dates is **1 day**.

**Answer: 1 day**",,
q316,TR,ok,True,"Which mode of transport did I use most recently, a bus or a train?",train,"Based on the provided history chats, the most recent mode of transport used was a **train**.

**Step 1: Extract relevant information**

- **Train:** The user took a train ride to visit family on **2023-03-03** (Session 1). The user explicitly states, ""I took a train ride to visit them today"" and later confirms, ""I took a train ride to visit my family in the countryside just recently, on March 3rd.""
- **Bus:** The user took a bus to attend a friend's wedding on **2023-02-27** (Session 2). The user states, ""I just got back from a bus ride to attend a friend's wedding today.""

**Step 2: Compare dates**

- Train ride: 2023-03-03
- Bus ride: 2023-02-27

Since 2023-03-03 is later than 2023-02-27, the train ride is the most recent.

**Answer:** Train.",,
q317,TR,ok,True,How many weeks have I been taking sculpting classes when I invested in my own set of sculpting tools?,3,"Based on the provided history chats, here is the step-by-step reasoning:

1.  **Extract relevant information:**
    - The user started taking sculpting classes on **2023/02/11** (Session 1: ""I just started taking sculpting classes at a local art studio today, every Saturday morning from 10 am to 1 pm"").
    - The user got their own set of sculpting tools on **2023/03/04** (Session 2: ""I actually got my own set of sculpting tools today, including a modeling tool set, a wire cutter, and a sculpting mat"").
    - The current date is 2023/04/01.

2.  **Calculate the duration between the two dates:**
    - From 2023/02/11 to 2023/03/04 is 21 days.
    - 21 days divided by 7 days per week equals exactly 3 weeks.

3.  **Reason over the information:**
    - The question asks how many weeks the user had been taking sculpting classes *when* they invested in their own set of tools.
    - Since the tools were acquired on 2023/03/04, and the classes started on 2023/02/11, the duration between these two events is 3 weeks.

**Final Answer:**
3 weeks.",,
q318,TR,ok,True,How many days ago did I attend a networking event?,26 days. 27 days (including the last day) is also acceptable.,"The user attended a networking event on **2022-03-09** from 6 PM to 8 PM.

The current date is **2022/04/04**.

The difference between 2022-04-04 and 2022-03-09 is **26 days**.

**Answer: 26 days ago.**",,
q319,TR,ok,True,"How many days passed between the day I repotted the previous spider plant and the day I gave my neighbor, Mrs. Johnson, a few cuttings from my spider plant?",14 days. 15 days (including the last day) is also acceptable.,"Based on the provided history chats, I can extract the following relevant information:

1.  **Date of repotting the spider plant:** In Session 1, dated 2023-03-04, the user stated, ""I repot the previous spider plant today"" (evidence_id: ev_fact:fact_11d4a058-213e-4d36-884e-13047489571e).
2.  **Date of giving cuttings to Mrs. Johnson:** In Session 2, dated 2023-03-18, the user stated, ""I gave my neighbor, Mrs. Johnson, a few cuttings from my spider plant today"" (evidence_id: ev_fact:fact_689c5a10-0480-4e15-a358-df5445e08cec).

To find the number of days passed, I subtract the earlier date from the later date:
2023-03-18 - 2023-03-04 = 14 days.

**Answer:** 14 days passed between the day you repotted the spider plant and the day you gave cuttings to Mrs. Johnson.",,
q320,TR,ok,True,How many weeks ago did I attend a bird watching workshop at the local Audubon society?,4,"Based on the history chats, the user attended a bird watching workshop at the local Audubon society on **2023/04/01** (Session 1, first user message).

The current date is **2023/05/01**.

To calculate the number of weeks ago:
- From 2023/04/01 to 2023/05/01 is exactly **30 days**.
- 30 days ÷ 7 days/week = **4.29 weeks**, which rounds to **4 weeks** (or approximately 4 weeks and 2 days).

Therefore, the user attended the bird watching workshop **4 weeks ago**.",,
q321,TR,ok,True,How many months passed between the completion of my undergraduate degree and the submission of my master's thesis?,6 months,"**Step 1: Extract relevant information**

- **Undergraduate degree completion:** The user stated, ""I just completed my undergraduate degree in computer science"" in a session dated **2022-11-17** (Session 1).
- **Master's thesis submission:** The user stated, ""I just submitted my master's thesis on computer science today"" in a session dated **2023-05-15** (Session 2).

**Step 2: Calculate the time difference**

- From 2022-11-17 to 2023-05-15.
- November 17 to December 17 = 1 month
- December 17 to January 17 = 2 months
- January 17 to February 17 = 3 months
- February 17 to March 17 = 4 months
- March 17 to April 17 = 5 months
- April 17 to May 15 = less than a full month (28 days, not reaching May 17)

So the full months elapsed are **5 months** (with a remainder of 28 days).

**Answer:** Approximately **5 months** passed between the completion of your undergraduate degree and the submission of your master's thesis.",,
q322,TR,ok,True,How many months ago did I attend the photography workshop?,3,"The user attended a 3-day photography workshop on **2023-11-01** (as stated in Session 1: ""I went to a 3-day photography workshop in a nearby city today"").

The current date is **2024/02/01**.

From November 1, 2023, to February 1, 2024, is **3 months**.

**Answer: 3 months ago.**",,
q323,TR,ok,True,"Which event did I participate in first, the charity gala or the charity bake sale?",I participated in the charity bake sale first.,"Based on the provided history chats, I can extract the following relevant information:

1.  **Charity Bake Sale:** The user organized a charity bake sale at their office on **2023/03/15** (Session 1, dated 2023-03-15).
2.  **Charity Gala:** The user attended a charity gala supporting the local food bank on **2023/03/28** (Session 2, dated 2023-03-28).

Comparing the two dates:
- Bake sale: March 15, 2023
- Gala: March 28, 2023

Since March 15 is earlier than March 28, the user participated in the **charity bake sale** first.",,
q324,TR,ok,True,How many days ago did I watch the Super Bowl?,17 days ago. 18 days (including the last day) is also acceptable.,"The user watched the Super Bowl on 2023/02/12. The current date is 2023/03/01. The difference between these two dates is 17 days.

**Answer: 17 days ago.**",,
q325,TR,ok,True,How many days ago did I launch my website when I signed a contract with my first client?,19 days ago. 20 days (including the last day) is also acceptable.,"**Step 1: Extract relevant information**

From the history chats, I can identify two key pieces of evidence:

1. **User signed a contract with their first client**: In Session 1 (Session Time: 2023-03-01), the user states: ""I just signed a contract with my first client today."" The evidence metadata confirms: `label=user signed first freelance client contract today; date=2023-03-01`.

2. **User launched their website**: In Session 2 (Session Time: 2023-02-10), the user states: ""I just launched my website and created a business plan outline."" The evidence metadata confirms: `label=user launched a website`.

**Step 2: Calculate the time difference**

- Date of signing the first client contract: **2023-03-01**
- Date of launching the website: **2023-02-10**

To find how many days ago the website was launched relative to the contract signing:

2023-03-01 minus 2023-02-10 = **19 days**

This is also confirmed by the derived evidence in Session 11: ""Verified date calculation: 2023-03-01 - 2023-02-10 = 19 days.""

**Answer:** The user launched their website **19 days** before signing the contract with their first client.",,
q326,TR,ok,True,How many days ago did I go on a whitewater rafting trip in the Oregon mountains?,3 days ago. 4 days (including the last day) is also acceptable.,"The user went on a whitewater rafting trip in the Oregon mountains on **2023-06-17**. The current date is **2023-06-20**.  

Calculating the difference:  
2023-06-20 minus 2023-06-17 = **3 days**.  

**Answer: 3 days ago.**",,
q327,TR,ok,True,How many days ago did I harvest my first batch of fresh herbs from the herb garden kit?,3 days ago. 4 days (including the last day) is also acceptable.,"Based on the provided history:

1.  **Extract relevant information:**
    - The user stated: ""I just harvested my first batch of fresh herbs from the herb garden kit today"" on **2023-04-15** (Session 1, first user message).
    - The current date is given as **2023/04/18**.
    - A derived calculation confirms: ""2023-04-18 - 2023-04-15 = 3 days"".

2.  **Reason over the information:**
    - The harvest happened on April 15th.
    - The current date is April 18th.
    - The difference between these two dates is 3 days.

**Answer:** 3 days ago.",,
q328,TR,ok,True,How many weeks ago did I attend the 'Summer Nights' festival at Universal Studios Hollywood?,3 weeks ago,"Based on the provided history chats, I can determine the answer.

**Step 1: Extract relevant information**

- The user attended the ""Summer Nights"" festival at Universal Studios Hollywood with friends Rachel and Mike. (Session 1)
- The conversation about this took place in Session 1, which is dated **2023-07-15**.
- In the assistant's response during that session, the assistant states: ""I didn't know you went to Universal Studios Hollywood **three weeks ago**."" (Session 1, assistant turn)

**Step 2: Reason over the information**

The assistant's response explicitly states that the user's visit to Universal Studios Hollywood was ""three weeks ago"" relative to the conversation date of July 15, 2023. This is a direct statement of the time gap.

The current date is August 5, 2023. However, the question asks ""How many weeks ago did I attend...?"" based on the information provided in the chat history. The chat history explicitly establishes the event occurred three weeks before the July 15 conversation.

**Answer:** 3 weeks ago.",,
q329,TR,ok,True,"Which event happened first, my participation in the #PlankChallenge or my post about vegan chili recipe?",You posted a recipe for vegan chili on Instagram using the hashtag #FoodieAdventures first.,"Based on the provided history chats:

**Step 1: Extract relevant information**

- **Vegan chili recipe post:** The user shared a vegan chili recipe on Instagram using #FoodieAdventures on **2023-03-09** (Session 1, evidence_id: fact_c89a962f-9acb-497b-a546-499ddf267fda).
- **#PlankChallenge participation:** The user participated in the #PlankChallenge on **2023-03-15** (Session 2, evidence_id: fact_68af867c-9d2f-4fc5-a845-3c86ec5d8dae).

**Step 2: Compare the dates**

- The vegan chili post occurred on March 9, 2023.
- The #PlankChallenge participation occurred on March 15, 2023.

Since March 9 is earlier than March 15, the vegan chili post happened first.

**Answer:** Your post about the vegan chili recipe happened first.",,
q330,TR,ok,True,How many days passed between the day I fixed my mountain bike and the day I decided to upgrade my road bike's pedals?,4 days. 5 days (including the last day) is also acceptable.,"Based on the provided history chats, I can extract the following relevant information:

1. **The day the user fixed the mountain bike**: In Session 1 (dated 2023-03-15), the user stated: ""I finally got around to fixing that flat tire on my mountain bike today - replaced the inner tube, cleaned the chain, and it's been running smoothly."" This confirms the mountain bike was fixed on **2023-03-15**.

2. **The day the user decided to upgrade the road bike's pedals**: In Session 2 (dated 2023-03-19), the user stated: ""I decided to upgrade my road bike's pedals to clipless pedals today, specifically the Shimano Ultegra pedals."" This confirms the decision to upgrade was made on **2023-03-19**.

3. **Calculating the difference**: 
   - From 2023-03-15 to 2023-03-19 is a difference of **4 days** (March 16, 17, 18, and 19).

**Answer**: 4 days passed between the day the user fixed the mountain bike and the day they decided to upgrade the road bike's pedals.",,
q331,TR,ok,True,How many days ago did I read the March 15th issue of The New Yorker?,12 days ago. 13 days (including the last day) is also acceptable.,"**Step 1: Extract relevant information**

From Session 1 (dated 2023-03-20), the user said:

> ""I finally got around to reading the March 15th issue of The New Yorker today...""

The evidence metadata confirms:
- evidence_id=ev_fact:fact_5cd4cdbe-442c-4503-8d6f-2d4e7710f2aa
- label=User read the March 15th issue of The New Yorker today (2023/03/20)
- date=2023-03-20

The current date is **2023-04-01**.

**Step 2: Calculate the difference**

From 2023-03-20 to 2023-04-01:
- March 20 → March 31 = 11 days
- March 31 → April 1 = 1 day
- Total = **12 days**

This matches the derived evidence in Session 14:
> ""Verified date calculation: 2023-04-01 - 2023-03-20 = 12 days""

**Answer:** You read the March 15th issue of The New Yorker **12 days ago**.",,
q332,TR,ok,True,Which book did I finish a week ago?,'The Nightingale' by Kristin Hannah,"Based on the history chats, the user finished reading ""The Nightingale"" by Kristin Hannah on 2023/01/31.

The current date is 2023/02/07, which is exactly one week after 2023/01/31.

Therefore, the book the user finished a week ago is **""The Nightingale"" by Kristin Hannah**.",,
q333,TR,ok,True,I mentioned participating in a sports event two weeks ago. What was the event?,The company's annual charity soccer tournament.,"Based on the history chats, the user mentioned participating in a charity soccer tournament. The evidence from Session 1 (dated 2023-06-17) explicitly states: ""user is participating in a charity soccer tournament"" and provides hydration tips for ""the Charity Soccer Tournament.""

The current date is 2023/07/01, and ""two weeks ago"" would be approximately 2023-06-17, which matches the session date.

**Answer:** The event was a **charity soccer tournament**, which took place on **2023-06-17**.",,
q334,TR,MISS,False,I received a piece of jewelry last Saturday from whom?,my aunt,"Based on the provided history chats, there is no information about the user receiving a piece of jewelry last Saturday (which would be March 4, 2023, based on the current date of March 9, 2023).

**Relevant information extraction:**
- The user mentions acquiring a ""stunning crystal chandelier"" from their aunt on March 4, 2023 (Session 5, Session 22).
- The user mentions acquiring a ""vintage armchair from the 1950s"" but does not specify a date or from whom (Session 5).
- No session mentions the user receiving any piece of jewelry.

**Reasoning:**
The question asks specifically about receiving a piece of jewelry last Saturday (March 4, 2023). The only item received on that date was the crystal chandelier from the user's aunt, not jewelry. There is no evidence in any of the provided sessions of the user receiving jewelry from anyone.

**Answer:**
The information is missing. Based on the provided chat history, there is no record of the user receiving a piece of jewelry last Saturday (March 4, 2023). The only item received on that date was a crystal chandelier from the user's aunt.",,
q335,TR,ok,True,What charity event did I participate in a month ago?,the 'Walk for Hunger' charity event,"Based on the history chats, the user participated in the ""Walk for Hunger"" charity event on 2023-03-19, walking 5 km to raise money for the local food bank.

The current date is 2023/04/18, so one month ago would be around 2023/03/18. The ""Walk for Hunger"" event on 2023-03-19 falls within the pinned window of 2023-03-05 to 2023-04-02 and is the closest match to ""a month ago.""

**Answer:** The user participated in the ""Walk for Hunger"" charity event, walking 5 km to raise money for the local food bank.",,
q336,TR,MISS,False,Who did I go with to the music event last Saturday?,my parents,"Based on the history chats, the user attended a music festival in Brooklyn on **2023-04-15** (which was a Saturday) with **a group of friends**.

**Answer:** The user went to the music event (a music festival in Brooklyn) last Saturday (April 15, 2023) with **a group of friends**.",,
q337,TR,ok,True,What gardening-related activity did I do two weeks ago?,planting 12 new tomato saplings,"Based on the provided history chats, the gardening-related activity done two weeks ago (between 2023-04-17 and 2023-04-25) was **planting new tomato saplings**.

**Step-by-step reasoning:**

1.  **Relevant information extraction:** The session from 2023-04-21 (Session 1) contains the assistant's message: ""Congratulations on planting your new tomato saplings!"" This confirms the user planted tomato saplings on or around that date.
2.  **Temporal reasoning:** The current date is 2023/05/05. Two weeks prior falls within the window of 2023-04-17 to 2023-04-25. The session date of 2023-04-21 falls squarely within this window.
3.  **Conclusion:** The gardening activity performed two weeks ago was planting new tomato saplings.",,
q338,TR,MISS,False,I mentioned that I participated in an art-related event two weeks ago. Where was that event held at?,The Metropolitan Museum of Art.,"Based on the history chats, the user mentioned attending the ""Impressionist Masterpieces"" exhibition at the **City Art Museum** on a Saturday, which was a week before the guided tour of the Natural History Museum's ""Dinosaurs of the Ancient World"" exhibit.

The question asks about an ""art-related event"" two weeks ago from the current date of 2023/02/01. Two weeks ago would be around 2023-01-18 (within the pinned window of 2023-01-14 to 2023-01-22).

The ""Impressionist Masterpieces"" exhibition is the art-related event mentioned. The user stated it was on a Saturday, one week before the Natural History Museum tour. The Natural History Museum tour was mentioned in the session dated 2023-01-14, and the user said the Impressionist exhibit was a week before that tour, placing it around 2023-01-07. However, the pinned window for ""two weeks ago"" from 2023-02-01 is 2023-01-14 to 2023-01-22.

Given the pinned window, the only art-related event that falls within this range is the ""Impressionist Masterpieces"" exhibition, which the user attended at the **City Art Museum**. Even though the exact date is not explicitly stated as falling within the window, the evidence indicates this is the art-related event the user participated in, and the venue is the City Art Museum.

**Answer:** The event was held at the **City Art Museum**.",,
q339,TR,MISS,False,Which bike did I fixed or serviced the past weekend?,road bike,"Based on the provided history chats, the relevant information is as follows:

- On **2023-03-15** (Session 2), the user stated: ""I finally got around to fixing that flat tire on my mountain bike today - replaced the inner tube, cleaned the chain, and it's been running smoothly.""
- On **2023-03-19** (Session 1), the user was *thinking of scheduling* a maintenance check for their road bike, and *decided to upgrade* the pedals, but there is no evidence that any work was actually performed on the road bike on that date.

The ""past weekend"" relative to the current date of 2023-03-21 (Tuesday) resolves to **2023-03-18 and 2023-03-19**.

The mountain bike service occurred on **2023-03-15**, which is **outside** the pinned weekend window. The road bike events on 2023-03-19 were only plans/decisions, not completed service.

Therefore, based on the evidence provided, **no bike was actually fixed or serviced during the past weekend (2023-03-18 to 2023-03-19)**. The information is missing for that specific time window.",,
q340,TR,ok,True,What was the the life event of one of my relatives that I participated in a week ago?,my cousin's wedding,"Based on the provided history chats, I can extract the following relevant information:

**Step 1: Extract relevant information**

- The current date is **2023/06/22 (Thursday)**.
- The question asks about a life event of a relative that the user participated in **a week ago**. A week ago from June 22, 2023, would be approximately **June 15, 2023**.
- In **Session 16** (dated 2023-05-06), the user stated: ""I just came back from **Michael's engagement party** at a trendy rooftop bar today..."" This is a relative's life event, but it occurred on May 6, which is not within the target window.
- In **Session 29** (dated 2023-06-15), the user stated: ""I recently walked down the aisle as a **bridesmaid at my cousin's wedding**..."" This is a relative's life event (a wedding) that the user participated in. The session date is **June 15, 2023**, which falls exactly within the target window of June 13–17, 2023 (a week ago from the current date).
- In **Session 1** (dated 2023-04-15), the user mentioned their niece's kindergarten graduation ceremony, but the date was June 10, 2023, which is outside the target window.

**Step 2: Reason over the information**

The question asks for a life event of a relative that the user participated in a week ago. The only event that matches the temporal window (June 13–17, 2023) is the **cousin's wedding** mentioned in Session 29, where the user was a bridesmaid. The session date of June 15, 2023, aligns perfectly with ""a week ago"" from the current date of June 22, 2023.

**Answer:**
A week ago, you participated in your **cousin's wedding** as a bridesmaid.",,
q341,TR,ok,True,Who did I meet with during the lunch last Tuesday?,Emma,"Based on the relevant chat history, the user had lunch with **Emma**, a freelance writer, on **2023-04-11** (which was last Tuesday relative to the current date of 2023-04-18). She is now a potential collaborator for a project the user is working on.",,
q342,TR,ok,True,What is the artist that I started to listen to last Friday?,a bluegrass band that features a banjo player,"Based on the provided history chats, I can determine the artist you started listening to last Friday.

**Step 1: Extract relevant information**

- The current date is 2023/04/05, which is a Wednesday.
- Last Friday would be 2023/03/31.
- In Session 1 (dated 2023-03-31), you stated: ""I recently discovered a bluegrass band that features a banjo player and started enjoying their music today.""
- The metadata for this statement confirms: ""user recently discovered a bluegrass band that features a banjo player and started enjoying their music today; date=2023-03-31"".

**Step 2: Reason over the information**

The question asks for the ""artist"" you started listening to last Friday. However, the evidence specifies that you discovered a ""bluegrass band"" featuring a banjo player, not a specific solo artist. The band's name is not mentioned in any of the provided chats.

**Answer:**

The information is missing. While the evidence confirms that on Friday, 2023-03-31, you started enjoying a bluegrass band that features a banjo player, the specific name of that band or artist is not provided in the chat history.",,
q343,TR,ok,True,I mentioned cooking something for my friend a couple of days ago. What was it?,a chocolate cake,"Based on the history chats, you mentioned cooking something for a friend a couple of days ago. Let me extract the relevant information:

**Relevant Information:**
- In Session 5 (dated 2022-04-10), you said: ""By the way, I just baked a chocolate cake for my friend's birthday party last weekend that turned out amazing. It was a new recipe I found online that used espresso powder to intensify the chocolate flavor.""
- The current date is 2022/04/12 (Tuesday), and ""last weekend"" would have been April 9-10, which is just a couple of days ago.

**Reasoning:**
- You mentioned baking a chocolate cake for your friend's birthday party last weekend.
- The current date is Tuesday, April 12, so ""last weekend"" (April 9-10) was indeed a couple of days ago.
- You specifically noted it was a new recipe that used espresso powder to intensify the chocolate flavor, and it turned out amazing.

**Answer:**
You baked a **chocolate cake** for your friend's birthday party last weekend. It was a new recipe you found online that used espresso powder to intensify the chocolate flavor, and it turned out amazing.",,
q344,TR,ok,True,What was the significant buisiness milestone I mentioned four weeks ago?,I signed a contract with my first client.,"Based on the provided history chats, I can extract the following relevant information:

**1. Extract relevant information:**
- The current date is 2023/03/28.
- ""Four weeks ago"" from this date falls within the window of **2023-02-24 to 2023-03-04**.
- Reviewing the sessions within this timeframe (Sessions 11, 13, 20, 24, and others dated between Feb 24 and Mar 4), I need to find a ""significant business milestone.""
- In **Session 4** (dated 2023-03-01), the user states: ""I just signed a contract with my first client today, and I want to make sure I'm covering all my bases for future projects."" The evidence metadata confirms: `label=user signed first freelance client contract today; date=2023-03-01`.

**2. Reason over the information:**
- The date 2023-03-01 falls squarely within the pinned window of 2023-02-24 to 2023-03-04.
- The user explicitly describes this as a significant business event: signing their first freelance client contract.
- This is the only event in that window that matches the description of a ""significant business milestone.""

**Answer:**
The significant business milestone you mentioned four weeks ago was **signing your first freelance client contract** on March 1, 2023.",,
q345,TR,ok,True,What did I do with Rachel on the Wednesday two months ago?,I started taking ukulele lessons with Rachel.,"Based on the history chats, the relevant information is:

- On **2023-02-01** (which is a Wednesday), you stated: ""I just started taking ukulele lessons with my friend Rachel today and it's been really fun so far.""

- Two months ago from the current date (2023-04-01) would be **2023-02-01**, which falls on a Wednesday.

- The other mention of Rachel is from a meeting on **2023-03-01**, which is outside the two-months-ago window.

Therefore, on the Wednesday two months ago (2023-02-01), you **started ukulele lessons with your friend Rachel**.",,
q346,TR,ok,True,I mentioned an investment for a competition four weeks ago? What did I buy?,I got my own set of sculpting tools.,"Based on the provided history chats, I can extract the following relevant information:

**1. Extract relevant information:**
- The user is preparing for a local art competition with a sculpture category.
- The user has been taking sculpting classes at a local art studio since 2023/02/11.
- On 2023/03/04, the user mentioned: ""I actually got my own set of sculpting tools, including a modeling tool set, a wire cutter, and a sculpting mat today.""
- The current date is 2023/04/01.

**2. Reason over the information:**
- The question asks about an ""investment for a competition"" mentioned ""four weeks ago.""
- Four weeks before 2023/04/01 falls within the window of 2023-02-28 to 2023-03-08.
- The only event in that window related to the competition is from the session on 2023-03-04, where the user stated they bought a set of sculpting tools.
- The user explicitly said they bought: a modeling tool set, a wire cutter, and a sculpting mat.

**Answer:**
You bought a set of sculpting tools, specifically a modeling tool set, a wire cutter, and a sculpting mat.",,
q347,TR,ok,True,What kitchen appliance did I buy 10 days ago?,a smoker,"Based on the provided history chats, I can extract the following relevant information:

- **Session 13 (2023-03-15):** The user stated, ""I just got a smoker today"" (evidence_id=ev_fact:fact_3779d320-257a-47ee-ba50-3fce0e47dd1b). The session date is 2023-03-15.

**Step-by-step reasoning:**

1. The question asks about a kitchen appliance bought 10 days ago, relative to the current date of 2023-03-25.
2. 10 days before 2023-03-25 is 2023-03-15.
3. The pinned window for this query is 2023-03-12 to 2023-03-18.
4. In Session 13, dated 2023-03-15, the user explicitly stated they got a smoker on that day.
5. A smoker is a kitchen/cooking appliance.
6. This event falls exactly within the pinned window and matches the 10-day-ago date.

**Answer:** You bought a **smoker** 10 days ago (on March 15, 2023).",,
q348,TR,ok,True,Where did I attend the religious activity last week?,the Episcopal Church,"Based on the history chats, I can extract the following relevant information:

**Relevant Information:**
- In Session 1 (dated 2023-04-06), the user stated: ""I'm glad I got to attend the Maundy Thursday service at the Episcopal Church, it was a beautiful and moving experience.""
- The assistant also confirmed this in the same session: ""I'm glad to hear that the Maundy Thursday service at the Episcopal Church was a beautiful and moving experience for you.""

**Reasoning:**
- The current date is 2023/04/10 (Monday). ""Last week"" refers to the week of April 3-9, 2023.
- The user's statement about attending the Maundy Thursday service was made on April 6, 2023, which falls within that week.
- Maundy Thursday in 2023 was April 6, which matches the date of the user's statement.
- The user explicitly stated they attended this service at the Episcopal Church.

**Answer:**
You attended the religious activity (Maundy Thursday service) at the **Episcopal Church** last week.",,
q349,TR,ok,True,What was the social media activity I participated 5 days ago?,You participated in a social media challenge called #PlankChallenge.,"Based on the history chats, the relevant information is:

- In Session 1 (Session Time: 2023-03-15), the user stated: ""I participated in a social media challenge called #PlankChallenge today, and it was a great way to stay motivated!""

Now, reasoning step by step:

1. The current date is 2023/03/20 (Monday).
2. ""5 days ago"" from 2023/03/20 is 2023-03-15.
3. The pinned window for ""5 days ago"" is 2023-03-12 to 2023-03-18, and 2023-03-15 falls within this window.
4. On 2023-03-15, the user explicitly stated they participated in the #PlankChallenge social media challenge.

Therefore, the social media activity the user participated in 5 days ago was the **#PlankChallenge**.",,
q350,TR,ok,True,What was the first issue I had with my new car after its first service?,GPS system not functioning correctly,"Based on the provided history chats, I can extract the following relevant information:

1.  **First service:** The user got their car serviced for the first time on March 15, 2023 (Session 1).
2.  **First issue after service:** In Session 2, the user mentions, ""I recently had an issue with my car's GPS system on 3/22, and I had to take it back to the dealership to get it fixed. They replaced the entire system, and now it's working flawlessly.""

**Reasoning:**
The user's first service was on March 15, 2023. The first issue they reported having with the car after that service was with the GPS system on March 22, 2023. This is the only issue mentioned after the service date.

**Answer:**
The first issue you had with your new car after its first service was with the **GPS system** on March 22, 2023. You had to take it back to the dealership, where they replaced the entire system, and it has been working flawlessly since.",,
q351,TR,ok,True,"Which event did I attend first, the 'Effective Time Management' workshop or the 'Data Analysis using Python' webinar?",'Data Analysis using Python' webinar,"Based on the provided history, here is the step-by-step reasoning:

1.  **Extract relevant information:**
    *   The user attended the ""Effective Time Management"" workshop at the local community center ""last Saturday."" The current date is 2023/05/24 (Wednesday). Therefore, ""last Saturday"" was **2023-05-20**.
    *   The user participated in the ""Data Analysis using Python"" webinar ""two months ago."" The current date is 2023/05/24. Therefore, ""two months ago"" was **2023-03-24**.

2.  **Reason over the information:**
    *   The webinar occurred on 2023-03-24.
    *   The workshop occurred on 2023-05-20.
    *   Since March 24th is earlier than May 20th, the user attended the webinar first.

**Answer:** You attended the **'Data Analysis using Python' webinar** first (around 2023-03-24), before the 'Effective Time Management' workshop (2023-05-20).",,
q352,TR,ok,True,"Which vehicle did I take care of first in February, the bike or the car?",bike,"Based on the provided history chats, I can extract the following relevant information:

1. **Bike repair**: In Session 1, the user stated, ""in mid-February, I had to take it in for repairs because the gears were acting up and I couldn't shift properly."" Later, they confirmed, ""I'm glad I got my bike repaired back in mid-February."" This indicates the bike was taken in for repairs in **mid-February 2023**.

2. **Car wash**: In Session 2, the user stated, ""I just washed my current Corolla on Monday, February 27th, after not doing so for over a month."" This indicates the car was washed on **February 27, 2023**.

Now, comparing the two dates:
- Bike repair: mid-February (approximately February 15, based on the evidence metadata date=2023-02-15)
- Car wash: February 27, 2023

Since mid-February (around the 15th) comes before February 27th, the **bike** was taken care of first in February.

**Answer: The bike was taken care of first in February (mid-February), before the car was washed on February 27, 2023.**",,
q353,TR,ok,True,"Which device did I got first, the Samsung Galaxy S22 or the Dell XPS 13?",Samsung Galaxy S22,"Based on the provided history chats:

**Step 1: Extract relevant information**

- **Dell XPS 13:** The user pre-ordered it on **January 28, 2023**, and it arrived on **February 25, 2023** (after a delay from the expected February 11th).
- **Samsung Galaxy S22:** The user purchased it from Best Buy on **February 20, 2023**.

**Step 2: Reason over the information**

The question asks which device the user ""got first."" The protocol specifies that for the axis ""got/arrived/received,"" we should compare possession/arrival dates, not preorder/order dates.

- Dell XPS 13 arrival date: **February 25, 2023**
- Samsung Galaxy S22 purchase date: **February 20, 2023**

Since February 20, 2023, is earlier than February 25, 2023, the user got the Samsung Galaxy S22 first.

**Answer:** The Samsung Galaxy S22 was got first, on February 20, 2023.",,
q354,TR,ok,True,How many days before the team meeting I was preparing for did I attend the workshop on 'Effective Communication in the Workplace'?,7 days. 8 days (including the last day) is also acceptable.,"The workshop on 'Effective Communication in the Workplace' was attended on January 10, 2023. The team meeting the user was preparing for was on January 17, 2023. The difference is 7 days.

**Answer: 7 days**",,
q355,TR,ok,True,How many days had passed between the Sunday mass at St. Mary's Church and the Ash Wednesday service at the cathedral?,30 days. 31 days (including the last day) is also acceptable.,"Based on the provided history chats, I can extract the following relevant information:

1.  **Sunday mass at St. Mary's Church:** The user stated, ""I recently attended the Sunday mass at St. Mary's Church on January 2nd"" (Session 1). The evidence metadata confirms this date as 2023-01-02.
2.  **Ash Wednesday service at the cathedral:** The user stated, ""I just came from the Ash Wednesday service at the cathedral on February 1st"" (Session 2). The evidence metadata confirms this date as 2023-02-01.

To find the number of days between these two events, I calculate the difference between February 1, 2023, and January 2, 2023.

- January 2 to January 31 is 29 days.
- Adding February 1 gives a total of 30 days.

Therefore, 30 days had passed between the Sunday mass at St. Mary's Church and the Ash Wednesday service at the cathedral.",,
q356,TR,ok,True,How many days did it take for me to find a house I loved after starting to work with Rachel?,14 days. 15 days (including the last day) is also acceptable.,"Based on the provided history chats, here is the step-by-step reasoning:

1.  **Extract relevant information:**
    *   From Session 1: The user stated, ""I recently saw a house that I really love on 3/1"" (March 1, 2022).
    *   From Session 2: The user stated, ""Since I started working with her on 2/15"" (February 15, 2022), referring to real estate agent Rachel.

2.  **Reason over the information:**
    *   The question asks for the number of days between starting to work with Rachel and finding the house the user loved.
    *   Start date: February 15, 2022.
    *   End date: March 1, 2022.
    *   Calculate the difference: February 15 to March 1 is 14 days (February has 28 days in 2022, so 28 - 15 = 13 days remaining in February, plus 1 day in March = 14 days).

**Answer:** 14 days.",,
q357,TR,ok,True,"Which seeds were started first, the tomatoes or the marigolds?",Tomatoes,"The tomato seeds were started first.

- Tomato seeds were started indoors on February 20, 2023.
- Marigold seeds were started on or after March 3, 2023.

Since February 20 is earlier than March 3, the tomatoes were started first.",,
q358,TR,ok,True,How many days had passed between the Hindu festival of Holi and the Sunday mass at St. Mary's Church?,21 days. 22 days (including the last day) is also acceptable.,"**Step 1: Extract relevant information**

- The user attended the Holi celebration at their local temple on **February 26th, 2023** (evidence: `fact_abc8c285-5743-41d2-bb96-788abf9b9f13`, `fact_9ce3503e-a909-4d4a-af2a-273079efc719`).
- The user attended Sunday mass at St. Mary's Church on **March 19th, 2023** (evidence: `fact_3e88f7e1-85f6-418b-8b6a-e07a98a6fb3c`, `fact_5309bc14-155a-45e2-94ef-e1f3913bbff2`, `fact_cce65982-f418-42a5-890d-5a8032f4a0bb`).
- A derived calculation confirms: 2023-03-19 minus 2023-02-26 = **21 days** (evidence: `ev_derived:date.diff:1884608cc7e3dbcf3ff6ad54`).

**Step 2: Reason over the information**

The question asks how many days passed between the Holi festival (February 26th) and the Sunday mass (March 19th). Both dates are explicitly stated in the evidence, and the derived calculation confirms the difference is 21 days.

**Answer:** 21 days.",,
q359,TR,ok,True,How many days before the 'Rack Fest' did I participate in the 'Turbocharged Tuesdays' event?,4 days.,"Based on the provided history chats:

**Step 1: Extract relevant information**

- From Session 1, the user states: ""I just participated in the 'Turbocharged Tuesdays' auto racking event at the local racing track on June 14th"" (evidence_id: ev_fact:fact_88b69ac8-7096-4d44-8157-ac6837c1fb04). This is also confirmed in other messages in the same session (ev_fact:fact_84763d25-5c81-4128-87f1-023034f9b18d).
- From Session 2, the user states: ""just got back from the 'Rack Fest' in nearby city on June 18th"" (evidence_id: ev_fact:fact_03c8e540-1397-442b-b6c0-5092c37fe94e). This is also confirmed in another message (ev_fact:fact_2faddaea-6a6e-47f5-b8ab-6c3782fe6c7a).
- The derived evidence in Session 17 confirms: ""2023-06-18 - 2023-06-14 = 4 days"".

**Step 2: Reason over the information**

The user participated in ""Turbocharged Tuesdays"" on June 14, 2023, and attended ""Rack Fest"" on June 18, 2023. The difference between these two dates is 4 days. Therefore, the user participated in ""Turbocharged Tuesdays"" 4 days before ""Rack Fest"".

**Final Answer:**
4 days.",,
q360,TR,ok,True,Which pair of shoes did I clean last month?,white Adidas sneakers,"Based on the history chats, the user cleaned their **white Adidas sneakers** last month (April 2023).

**Step-by-step reasoning:**

1.  **Relevant information extraction:** In Session 1, the user stated: ""I remember I cleaned my white Adidas sneakers last month, which I'd been meaning to do for weeks."" (evidence_id: `ev_fact:fact_f575329d-2d39-4a34-a61c-5d89cba8dd51`). In Session 2, the user reiterated: ""I'm glad I finally got around to cleaning my white Adidas sneakers last month..."" (evidence_id: `ev_fact:fact_0522ff29-8bb4-469d-b020-96bf6c33f22c`).

2.  **Temporal resolution:** The current date is 2023/05/24. ""Last month"" refers to April 2023. The evidence metadata confirms the date as `2023-04-24`.

3.  **Conclusion:** The pair of shoes cleaned last month was the white Adidas sneakers.",,
q361,TR,ok,True,"Which event happened first, the purchase of the coffee maker or the malfunction of the stand mixer?",The malfunction of the stand mixer,"Based on the provided history chats, here is the step-by-step reasoning:

**1. Extract relevant information:**

- **Coffee maker purchase:** In Session 1, on 2023-05-25, the user states: ""I bought it about three weeks ago"" referring to the coffee maker. This places the purchase approximately around **2023-05-04**.
- **Stand mixer malfunction:** In Session 2, on 2023-05-25, the user states: ""I had to take mine to a repair shop last month and it took two weeks to fix."" Since the current date is 2023-05-25, ""last month"" refers to **April 2023**. The user specifies it was taken to the shop last month, which places the breakdown and repair shop visit around **2023-04-25** (or sometime in April).

**2. Reason over the information:**

- The stand mixer broke down and was taken to the repair shop in **April 2023** (approximately 2023-04-25).
- The coffee maker was purchased approximately **three weeks before 2023-05-25**, which is around **2023-05-04**.

**3. Conclusion:**
Since April 2023 (stand mixer malfunction) is earlier than May 2023 (coffee maker purchase), the **malfunction of the stand mixer** happened first.

**Answer:** The malfunction of the stand mixer happened first.",,
q362,TR,ok,True,"Which item did I purchase first, the dog bed for Max or the training pads for Luna?",Training pads for Luna,"The dog bed for Max was purchased first.

**Step 1: Extract relevant information**

- **Dog bed for Max:** The user mentioned getting an Orthopedic Memory Foam dog bed for Max from Petco ""about three weeks ago"" in a session dated 2023-05-29. Three weeks before 2023-05-29 is approximately **2023-05-08**.
- **Training pads for Luna:** The user mentioned buying a set of 10 eco-friendly training pads from Chewy.com ""about a month ago"" in a session dated 2023-05-29. One month before 2023-05-29 is approximately **2023-04-29**.

**Step 2: Compare the dates**

- Dog bed: ~2023-05-08
- Training pads: ~2023-04-29

Since 2023-04-29 is earlier than 2023-05-08, the training pads were purchased first.

**Step 3: Answer**

The training pads for Luna were purchased first (around 2023-04-29), while the dog bed for Max was purchased later (around 2023-05-08).",,
q363,TR,ok,True,How many charity events did I participate in before the 'Run for the Cure' event?,4,"Based on the history chats, I need to count the distinct charity events the user participated in **before** the 'Run for the Cure' event, which occurred on **October 15th, 2023**.

From the evidence, the charity events the user participated in before October 15th, 2023, are:

1. **""Dance for a Cause""** – participated on **May 1st, 2023** (danced for 6 hours).
2. **""Walk for Wildlife""** – volunteered in **June 2023**.
3. **Charity golf tournament** – attended on **July 17th, 2023**.
4. **""Food for Thought"" charity gala** – volunteered on **September 25th, 2023**.

The ""Bike-a-Thon"" event occurred in **November 2023**, which is after the 'Run for the Cure' event, so it is excluded.

Therefore, the number of charity events participated in before the 'Run for the Cure' event is **4**.

**Answer: 4**",,
q364,TR,ok,True,How long have I been working before I started my current job at NovaTech?,4 years and 9 months,"Based on the provided history chats, I can extract the following relevant information:

1. **User has been working at NovaTech for about 4 years and 3 months** as of 2023-05-25 (from Session 1, evidence: fact_1bb7530f and fact_536e8e72).
2. **User has been working professionally for 9 years** as of 2023-05-25 (from Session 2, evidence: fact_795d0895).

To determine how long the user worked before starting at NovaTech, I subtract the time at NovaTech from the total professional work experience:

- Total professional work: 9 years
- Time at NovaTech: 4 years and 3 months (which is 4.25 years)
- Work before NovaTech: 9 years - 4.25 years = 4.75 years

Therefore, the user worked for **4 years and 9 months** before starting their current job at NovaTech.",,
q365,TR,ok,True,"Which book did I finish reading first, 'The Hate U Give' or 'The Nightingale'?",'The Hate U Give',"Based on the provided history, here is the step-by-step reasoning:

1.  **Extract relevant information:**
    *   From Session 1: The user stated they finished ""The Hate U Give"" by Angie Thomas ""a few days before book club meeting two weeks ago"" (relative to 2023-05-30). This means the book club meeting was around 2023-05-16, and they finished the book a few days before that, placing the finish date around 2023-05-10 to 2023-05-14.
    *   From Session 1 and Session 2: The user stated they finished reading ""The Nightingale"" by Kristin Hannah ""last weekend"" (relative to 2023-05-30). The metadata confirms the date as 2023-05-27.

2.  **Reason over the information:**
    *   The user finished ""The Hate U Give"" approximately two weeks before 2023-05-30 (around 2023-05-10 to 2023-05-14).
    *   The user finished ""The Nightingale"" on 2023-05-27.
    *   Since the date for finishing ""The Hate U Give"" is earlier than the date for finishing ""The Nightingale"", the user finished ""The Hate U Give"" first.

**Answer:** The user finished reading **'The Hate U Give'** first. They finished it a few days before a book club meeting that was two weeks prior to 2023-05-30 (around 2023-05-10 to 2023-05-14), whereas they finished 'The Nightingale' on 2023-05-27.",,
q366,TR,ok,True,"Which device did I set up first, the smart thermostat or the mesh network system?",Smart thermostat,"Based on the provided history chats, the user set up the smart thermostat first.

**Step 1: Extract relevant information**

- **Smart thermostat:** In Session 1, the user stated, ""since I set up my smart thermostat a month ago..."" This was said on 2023-05-25, meaning the thermostat was set up around 2023-04-25.
- **Mesh network system:** In Session 2, the user stated, ""Since I recently upgraded my home Wi-Fi router 3 weeks ago..."" This was also said on 2023-05-25, meaning the mesh network was set up around 2023-05-04.

**Step 2: Reason over the information**

Comparing the two dates:
- Smart thermostat: ~2023-04-25
- Mesh network system: ~2023-05-04

Since April 25 is earlier than May 4, the smart thermostat was set up first.

**Answer:** The smart thermostat was set up first (around 2023-04-25), before the mesh network system (around 2023-05-04).",,
q367,TR,ok,True,How many months ago did I book the Airbnb in San Francisco?,Five months ago,"Based on the provided history, I can extract the following relevant information:

1.  **Booking in advance:** In Session 1, you stated: ""I've had a great experience with Airbnb in the past, like when I stayed in Haight-Ashbury for my best friend's wedding and had to book three months in advance."" This tells us you booked the Airbnb 3 months before the wedding date.

2.  **Wedding date relative to now:** In Session 2, you stated: ""I've been to SF before, exactly two months ago, for my best friend's wedding - it was a 5-day trip."" Since the current date is 2023/05/21, ""two months ago"" means the wedding was on 2023/03/21.

**Reasoning:**
- You booked the Airbnb 3 months before the wedding.
- The wedding was on 2023/03/21.
- Therefore, you booked the Airbnb on 2023/03/21 minus 3 months = 2023/12/21 (of the previous year).
- The current date is 2023/05/21.
- The time elapsed between 2023/12/21 and 2023/05/21 is 5 months.

**Answer:** You booked the Airbnb in San Francisco **5 months ago**.",,
q368,TR,ok,True,How long did I take to finish 'The Seven Husbands of Evelyn Hugo' and 'The Nightingale' combined?,5.5 weeks,"Based on the history chats, I can extract the following relevant information:

1. **The Seven Husbands of Evelyn Hugo**: The user stated, ""I just finished 'The Seven Husbands of Evelyn Hugo', which took me two and a half weeks to finish."" (Session 1)

2. **The Nightingale**: The user stated, ""I recently finished 'The Nightingale' by Kristin Hannah, which took me three weeks to finish."" (Session 2)

Now, to answer the question of how long it took to finish both books combined:

- Time to finish ""The Seven Husbands of Evelyn Hugo"" = 2.5 weeks
- Time to finish ""The Nightingale"" = 3 weeks
- Combined time = 2.5 + 3 = 5.5 weeks

**Answer: It took you 5.5 weeks (or five and a half weeks) to finish both books combined.**",,
q369,TR,ok,True,How many days before I bought the iPhone 13 Pro did I attend the Holiday Market?,7 days. 8 days (including the last day) is also acceptable.,"Based on the provided history chats, here is the step-by-step reasoning:

1.  **Extract relevant information:**
    *   From Session 1, the user stated: ""I got my iPhone 13 Pro at a discounted price of $800 from Best Buy on Black Friday"". The evidence metadata confirms the date of this purchase as `2023-11-24`.
    *   From Session 2, the user stated: ""I attended the annual Holiday Market at the local mall a week before Black Friday"". The evidence metadata confirms this event (`fact_c7f83ed4-36dc-461e-b8d1-09582e40c14b`).
    *   The planner's supported claims also confirm: ""The user attended the Holiday Market one week before Black Friday, i.e., on 2023-11-17.""

2.  **Reason over the information:**
    *   The iPhone 13 Pro was bought on Black Friday, which is `2023-11-24`.
    *   The Holiday Market was attended one week before Black Friday, which is `2023-11-17`.
    *   The difference in days between `2023-11-17` and `2023-11-24` is 7 days.

**Answer:** 7 days.",,
q370,TR,ok,True,"Which show did I start watching first, 'The Crown' or 'Game of Thrones'?",'Game of Thrones',"Based on the provided history chats, I can determine the order in which you started watching these two shows.

**Step 1: Extract relevant information**

- **Game of Thrones**: In Session 1, you stated, ""I finally started it about a month ago."" The session date is 2023-05-29, so you started watching around **2023-04-29**.
- **The Crown**: In Session 2, you stated, ""I just finished binge-watching the third season... I started it on a Sunday afternoon and finished the entire season in just 14 days."" The evidence metadata for this statement gives a date of **2023-06-12** for when you finished. Counting back 14 days from that date places your start date around **2023-05-29** (which was a Sunday).

**Step 2: Compare the dates**

- Game of Thrones start: ~2023-04-29
- The Crown start: ~2023-05-29

**Answer:** You started watching **Game of Thrones** first.",,
q371,TR,ok,True,How long had I been a member of 'Book Lovers Unite' when I attended the meetup?,Two weeks,"Based on the provided history, I can extract the following relevant information:

1.  **When the user joined the group:** The user stated they joined the Facebook group ""Book Lovers Unite"" three weeks before the session date of 2023-05-28. This means they joined around 2023-05-07.
2.  **When the user attended the meetup:** The user attended a ""Book Lovers Unite"" meetup on 2023-05-15.

**Reasoning:**
To find out how long the user had been a member when they attended the meetup, I subtract the join date from the meetup date:
2023-05-15 minus 2023-05-07 equals 8 days.

**Answer:**
You had been a member of 'Book Lovers Unite' for **8 days** when you attended the meetup.",,
q372,TR,ok,True,How long had I been watching stand-up comedy specials regularly when I attended the open mic night at the local comedy club?,2 months,"Based on the history chats, I can extract the following relevant information:

1. **When the user attended the open mic night**: The user attended an open mic night at a local comedy club ""last month"" relative to the session date of 2023-05-20. This means the open mic night was around **2023-04-20**.

2. **When the user started regularly watching stand-up comedy**: The user stated they started watching stand-up comedy ""about 3 months ago"" relative to the session date of 2023-05-20, beginning with John Mulaney's Netflix special. This means they started around **2023-02-20**.

Now, reasoning step by step:

- From 2023-02-20 (start of regularly watching stand-up) to 2023-04-20 (attended the open mic night) is a span of **2 months**.

Therefore, the user had been watching stand-up comedy specials regularly for **2 months** when they attended the open mic night at the local comedy club.",,
q373,TR,ok,True,What time do I wake up on Tuesdays and Thursdays?,6:45 AM,"Based on the history, you recently started waking up at 7:00 AM, which is an improvement from your usual 8:30 AM. On Tuesdays and Thursdays, you wake up 15 minutes earlier than your regular time to meditate and practice yoga.

Therefore, on Tuesdays and Thursdays, you wake up at **6:45 AM**.",,
q374,TR,ok,True,How many days had passed since I bought my Adidas running shoes when I realized one of the shoelaces on my old Converse sneakers had broken?,14 days. 15 days (including the last day) is also acceptable.,"Based on the provided history chats, I can extract the following relevant information:

1. **Date of buying Adidas running shoes**: January 10, 2023 (from Session 1: ""I recently got a new pair of Adidas running shoes on January 10th"" and ""my sister and I had a great time at the outlet mall on January 10th when I bought my new Adidas running shoes"").

2. **Date of realizing the Converse shoelace broke**: January 24, 2023 (from Session 2: ""one of the shoelaces on my old Converse sneakers had broken on January 24th"").

3. **Derived date calculation** (from Session 3): 2023-01-24 - 2023-01-10 = 14 days.

**Step-by-step reasoning:**
- The user bought the Adidas running shoes on January 10, 2023.
- The user realized the Converse shoelace broke on January 24, 2023.
- The difference between these two dates is 14 days.

**Answer:** 14 days had passed since buying the Adidas running shoes when the user realized the Converse shoelace had broken.",,
q375,TR,ok,True,"Which event happened first, the road trip to the coast or the arrival of the new prime lens?",The arrival of the new prime lens,"**Step 1: Extract relevant information**

- **Road trip to the coast**: The user said, ""I just got back from a road trip to the coast with friends last week"" (evidence_id=ev_fact:fact_aef668a5-3154-463e-8dd4-8f9487ee1d01, date=2023-05-15). So the road trip occurred around **2023-05-15** (or the week before the session date of 2023-05-23).

- **Arrival of the new prime lens**: The user said, ""I recently got a new 50mm f/1.8 prime lens"" and ""I got a month ago"" (evidence_id=ev_fact:fact_8d679c55-5106-4f38-b21c-82d73037619a, date=2023-04-23). So the lens was acquired around **2023-04-23**.

- **Relationship between the two**: The user also said, ""I took it with me on the coastal trip"" (evidence_id=ev_fact:fact_8cbc083f-9981-455f-a219-9a98bd594d40), confirming the lens existed before the trip.

**Step 2: Reason over the information**

- The lens was acquired on **2023-04-23**.
- The road trip occurred around **2023-05-15**.
- Since the lens was acquired about three weeks before the trip, the lens arrived **first**.

**Answer**: The arrival of the new prime lens (around 2023-04-23) happened **before** the road trip to the coast (around 2023-05-15).",,
q376,TR,ok,True,Which airline did I fly with the most in March and April?,United Airlines,"Based on the provided history, I can extract the following flights taken in March and April:

**March 2023:**
1. **United Airlines**: A business trip to Chicago, flying from hometown to Chicago on March 10 and returning on March 12, with two flights each way. This totals **4 flight segments**.
2. **Southwest Airlines**: A direct flight from hometown to Las Vegas for a conference, from March 15 to March 18. This is **1 flight** (direct, so likely 2 segments if round-trip, but stated as ""a direct flight"" for the trip).

**April 2023:**
1. **American Airlines**: A trip to Hawaii from April 20 to 27, flying from hometown to Honolulu, then a connecting flight to Maui. This is **1 trip** with at least 2 flight segments (outbound) and likely a return.

**Counting by airline (number of trips/flights):**
- **United Airlines**: 1 trip (4 segments)
- **Southwest Airlines**: 1 trip (1 direct flight)
- **American Airlines**: 1 trip (2+ segments)

**Counting by flight segments:**
- **United Airlines**: 4 segments
- **Southwest Airlines**: 1 segment (direct flight, assuming one-way; if round-trip, 2 segments)
- **American Airlines**: 2 segments (outbound only mentioned; likely 4 if round-trip)

Since the question asks ""which airline did I fly with the most,"" and the evidence shows United Airlines had 4 flight segments in March alone, while Southwest had 1 direct flight and American had at least 2 segments, **United Airlines** is the airline flown with the most in March and April.

**Answer: United Airlines**",,
q377,TR,ok,True,How long had I been bird watching when I attended the bird watching workshop?,Two months,"Based on the history chats, I can extract the following relevant information:

1. **When the user attended the bird watching workshop**: In Session 1, the user stated they attended a bird watching workshop at the local Audubon society ""a month ago"" from the session date of 2023-05-21. This means the workshop was around 2023-04-21.

2. **How long the user had been bird watching as of 2023-05-21**: In Session 2, the user stated they had been bird watching for ""about three months"" as of 2023-05-21.

Now, reasoning step by step:
- If the user had been bird watching for about 3 months as of 2023-05-21, that means they started bird watching around 2023-02-21 (approximately 3 months before 2023-05-21).
- The workshop was attended around 2023-04-21.
- The time between the start of bird watching (around 2023-02-21) and the workshop (around 2023-04-21) is approximately 2 months.

Therefore, the user had been bird watching for about **2 months** when they attended the bird watching workshop.",,
q378,TR,ok,True,"Which trip did I take first, the one to Europe with family or the solo trip to Thailand?",The solo trip to Thailand,"Based on the history chats, the user traveled solo to Thailand last year (around 2022) and went on a two-week trip to Europe with family last month (around April 2023).

Therefore, the solo trip to Thailand was taken first.",,
q379,TR,ok,True,"Which device did I set up first, the smart thermostat or the new router?",new router,"The smart thermostat was set up on **2023-02-10**, and the new router was obtained on **2023-01-15**. Since January 15 is earlier than February 10, the **new router** was set up first.",,
q380,TR,ok,True,"Which health issue did I deal with first, the persistent cough or the skin tag removal?",Persistent cough,"Based on the history chats, the skin tag removal happened first.

**Step 1: Extract relevant information**

- **Skin tag removal:** The user stated, ""I had a minor surgical procedure to remove a skin tag on my neck on February 22nd, and I'm just happy that it's all healed up now."" (Session 1, dated 2023-02-28)
- **Persistent cough:** The user mentioned, ""I've been dealing with a persistent cough for the past three weeks, which led me to visit my primary care physician, Dr. Smith, on February 10th."" (Session 2, dated 2023-02-28). This indicates the cough started around February 7th.

**Step 2: Reason over the information**

- The skin tag removal occurred on **February 22, 2023**.
- The persistent cough began around **February 7, 2023** (three weeks before February 28, 2023).

**Step 3: Determine the order**

- February 7th is earlier than February 22nd.

**Answer:** The persistent cough was dealt with first.",,
q381,TR,ok,True,How old was I when I moved to the United States?,27,"Based on the provided history, I can determine your age when you moved to the United States.

**Step 1: Extract relevant information**

- **Current age:** You stated you are a ""32-year-old male"" in a session on 2023-05-27 (Session 2).
- **Duration in the US:** You stated you have ""been living in the United States for the past five years"" on a work visa (Sessions 1, 32, 36, 38, 40). This is also confirmed as of the current date, 2023-05-27.

**Step 2: Reason over the information**

- If you are 32 years old now (in 2023) and have lived in the US for the past 5 years, you moved to the US 5 years ago.
- 32 (current age) - 5 (years in the US) = 27 years old.

**Answer:** You were **27 years old** when you moved to the United States.",,
q382,TR,ok,True,How long had I been using the new area rug when I rearranged my living room furniture?,One week. Answers ranging from 7 days to 10 days are also acceptable.,"Based on the provided history chats:

1.  **Relevant Information Extraction:**
    *   From Session 1 (dated 2023-05-26): The user stated they got a new area rug for their living room a month ago. Since the session date is 2023-05-26, this means the rug was acquired around **2023-04-26**.
    *   From Session 2 (dated 2023-05-26): The user stated they rearranged their living room furniture three weeks ago. Since the session date is 2023-05-26, this means the rearrangement happened around **2023-05-05**.

2.  **Reasoning:**
    *   To find out how long the user had been using the rug when they rearranged the furniture, we calculate the time difference between the rug acquisition date (2023-04-26) and the furniture rearrangement date (2023-05-05).
    *   The difference between April 26 and May 5 is 9 days.

**Answer:** You had been using the new area rug for **9 days** when you rearranged your living room furniture.",,
q383,TR,ok,True,How many days before my best friend's birthday party did I order her gift?,7 days. 8 days (including the last day) is also acceptable.,"Based on the provided history chats, I can extract the following relevant information:

- **Order date of the gift**: The user ordered a personalized photo album from Shutterfly on **April 15, 2022** for their best friend's birthday. (Session 1, evidence: fact_c78bac7a-6e2d-4df4-a91d-2c157c366549)
- **Date of the best friend's birthday party**: The best friend's 30th birthday party was on **April 22, 2022**. (Session 2, evidence: fact_847e6c1f-53b5-4651-b2c4-48cf3d101dd0)

Now, calculating the difference:
- April 22, 2022 minus April 15, 2022 = **7 days**.

Therefore, the user ordered the gift **7 days** before the best friend's birthday party.",,
q384,TR,ok,True,"Which trip did the narrator take first, the solo trip to Europe or the family road trip across the American Southwest?",The family road trip across the American Southwest,"Based on the history chats, the narrator took the **solo trip to Europe** first.

**Step 1: Extract relevant information**

- **Solo trip to Europe:** In Session 1, the user states, ""I was just thinking about my solo trip to Europe last summer, where I spent two weeks backpacking through Italy, Switzerland, and Germany."" The session date is 2023-05-22, so ""last summer"" refers to **summer 2022**.
- **Family road trip across the American Southwest:** In Session 2, the user states, ""I've been to the Grand Canyon before with my family on a road trip across the American Southwest a few years ago."" The session date is 2023-05-22, so ""a few years ago"" refers to a time **before 2022** (likely 2020 or earlier).

**Step 2: Reason over the information**

The solo trip occurred in summer 2022. The family road trip occurred ""a few years ago"" relative to May 2023, meaning it happened before summer 2022. Therefore, the family road trip happened first, and the solo trip happened later.

Wait, let me re-read the question: ""Which trip did the narrator take first, the solo trip to Europe or the family road trip across the American Southwest?""

- Solo trip: summer 2022
- Family road trip: a few years ago (before 2022)

So the family road trip came first, and the solo trip came second. The answer is the **family road trip across the American Southwest** was taken first.

**Answer:** The narrator took the **family road trip across the American Southwest** first.",,
q385,TR,ok,True,"Who did I meet first, Mark and Sarah or Tom?",Tom,"Based on the provided history, I can extract the following relevant information:

1.  **Mark and Sarah:** The user met Mark and Sarah on a beach trip ""about a month ago"" from the session date of 2023-05-28. This places the meeting around **2023-04-28**.
2.  **Tom:** The user met Tom at a charity event ""a few months ago"" from the session date of 2023-05-28. This places the meeting sometime before 2023-04-28 (e.g., in March or February 2023).

**Reasoning:**
Since ""a few months ago"" (Tom) is earlier than ""about a month ago"" (Mark and Sarah), the user met **Tom** first.

**Answer:**
You met **Tom** first. You met Tom at a charity event a few months ago (before 2023-04-28), while you met Mark and Sarah on a beach trip about a month ago (around 2023-04-28).",,
q386,TR,ok,True,How many weeks have I been accepted into the exchange program when I started attending the pre-departure orientation sessions?,one week,"The user was accepted into the UC Berkeley exchange program on **March 20, 2023**.  
They started attending pre-departure orientation sessions on **March 27, 2023**.  

The difference between these two dates is **7 days**, which equals **1 week**.  

Therefore, when they started attending the pre-departure orientation sessions, they had been accepted into the exchange program for **1 week**.",,
q387,TR,ok,True,"Which group did I join first, 'Page Turners' or 'Marketing Professionals'?",Page Turners,"Based on the provided history chats:

**Step 1: Extract relevant information**

- From Session 1: The user stated they joined the LinkedIn group ""Marketing Professionals"" **yesterday** (Session date: 2023-05-25). The evidence metadata confirms the join date as **2023-05-24**.
- From Session 2: The user stated they joined the book club ""Page Turners"" **last week** (Session date: 2023-05-25). The evidence metadata confirms the join date as **2023-05-15**.

**Step 2: Reason over the information**

- ""Marketing Professionals"" join date: 2023-05-24
- ""Page Turners"" join date: 2023-05-15

Since 2023-05-15 is earlier than 2023-05-24, the user joined ""Page Turners"" first.

**Answer:** You joined **'Page Turners'** first, on **2023-05-15**.",,
q388,TR,ok,True,How many months before my anniversary did Rachel get engaged?,2,"Rachel got engaged on May 15, 2023. Your anniversary is on July 22, 2023.  

From May 15 to July 22 is about **2 months** (May 15 → June 15 = 1 month; June 15 → July 15 = 2 months; plus 7 days).  

So Rachel got engaged **about 2 months** before your anniversary.",,
q389,TR,ok,True,"Which event happened first, the narrator losing their phone charger or the narrator receiving their new phone case?",Receiving the new phone case,"Based on the provided history chats, I can extract the following relevant information:

**Relevant Information:**

1. **Losing the phone charger:** In Session 1, the user states: ""I'm actually planning to buy a new phone charger, since I lost my old one at the gym about two weeks ago."" This session took place on 2023-05-26. Therefore, the charger was lost approximately two weeks before 2023-05-26, which is around **2023-05-12**.

2. **Receiving the new phone case:** In Session 2, the user states: ""By the way, I just got my new phone case about a month ago, and it's been doing a great job protecting my phone."" This session also took place on 2023-05-26. Therefore, the phone case was received approximately one month before 2023-05-26, which is around **2023-04-26**.

**Reasoning:**

- The phone charger was lost around May 12, 2023.
- The new phone case was received around April 26, 2023.

Comparing these two dates, April 26, 2023, is earlier than May 12, 2023.

**Answer:** The narrator receiving their new phone case happened first.",,
q390,TR,ok,True,"Who did I meet first, the woman selling jam at the farmer's market or the tourist from Australia?",the woman selling jam at the farmer's market,"The user met the tourist from Australia on Thursday, 2023-05-18, on the subway.  
The user met the jam maker at the farmer's market two weeks ago on a Saturday morning. Since the current date is 2023-05-23 (Tuesday), two weeks ago from that date would be the Saturday of 2023-05-06 (May 6, 2023).  

Comparing the two dates:  
- Jam maker: 2023-05-06  
- Tourist from Australia: 2023-05-18  

The jam maker was met first.  

**Answer:** The woman selling jam at the farmer's market (met on 2023-05-06) was met before the tourist from Australia (met on 2023-05-18).",,
q391,TR,ok,True,"Which event happened first, the meeting with Rachel or the pride parade?",The meeting with Rachel,"The meeting with Rachel happened first.  

Relevant information:  
- The user had a meeting with mentor Rachel on April 10th, 2023.  
- The user attended a pride parade on May 1st, 2023.  

Since April 10th comes before May 1st in the same year, the meeting with Rachel occurred first.",,
q392,TR,ok,True,"Which gift did I buy first, the necklace for my sister or the photo album for my mom?",the photo album for my mom,"Based on the evidence provided:

- The necklace for your sister was purchased **last weekend** relative to the session date of 2023-05-30, which places the purchase around **2023-05-27**.
- The photo album for your mom was ordered **two weeks before** the session date of 2023-05-30, which places the order around **2023-05-16**.

Since the photo album was ordered on approximately **May 16** and the necklace was purchased on approximately **May 27**, the **photo album for your mom** was bought first.

**Answer:** You bought the **photo album for your mom** first (around May 16), before the necklace for your sister (around May 27).",,
q393,TR,MISS,False,"Who became a parent first, Rachel or Alex?",Alex,"Based on the provided history chats, I can determine who became a parent first by comparing the dates of the events.

**Step 1: Extract relevant information**

- **Alex**: The user stated that ""my cousin Alex just adopted a baby girl from China in January"" (Session 1, dated 2023-03-17). The evidence metadata confirms this occurred in January 2023.
- **Rachel**: The user mentioned that Rachel's twins, Jackson and Julia, ""were born on February 12th"" (Session 2). The evidence metadata also states that the twins are ""celebrating their first birthday"" around March 2023, which means they were born in February 2022.

**Step 2: Reason over the information**

- Alex became a parent in **January 2023**.
- Rachel became a parent in **February 2022** (since the twins' first birthday is around March 2023, and they were born on February 12th of the previous year).

**Step 3: Conclusion**

Since February 2022 is earlier than January 2023, Rachel became a parent first.

**Answer:** Rachel became a parent first.",,
q394,TR,ok,True,How many days had passed between the day I bought a gift for my brother's graduation ceremony and the day I bought a birthday gift for my best friend?,7 days. 8 days (including the last day) is also acceptable.,"Based on the provided history chats, I can extract the following relevant information:

1.  **Gift for brother's graduation:** In Session 1, the user states, ""I recently got a wireless headphone for my brother as a graduation gift on the 3/8."" The evidence metadata confirms this date as **2023-03-08**.
2.  **Birthday gift for best friend:** In Session 2, the user states, ""I recently got a silver necklace with a tiny pendant for my best friend's 30th birthday on the 15th of March."" The evidence metadata confirms this date as **2023-03-15**.

To find the number of days between these two events, I subtract the earlier date from the later date:
2023-03-15 minus 2023-03-08 = **7 days**.

The answer is **7 days**.",,
q395,ABS,ok,True,How long have I been working before I started my current job at Google?,"The information provided is not enough. From the information provided, You haven't started working at Google yet.","Based on the provided history chats, I can extract the following relevant information:

1.  **Total professional experience:** As of 2023-05-30, the user has been working professionally for **9 years**.
2.  **Current job:** The user is currently working at **NovaTech** and has been there for about **4 years and 3 months** as of 2023-05-30.

The question asks how long the user worked *before* starting their current job at Google. However, the evidence indicates the user's current job is at **NovaTech**, not Google. There is no information in the provided history about the user working at Google.

Therefore, the question contains a factual error regarding the employer. Based on the available evidence, the user's current job is at NovaTech, not Google. If we interpret the question as asking about the time before starting at NovaTech, we can calculate:

*   Total professional experience: 9 years
*   Time at NovaTech: 4 years and 3 months
*   Time worked before NovaTech: 9 years - 4 years 3 months = **4 years and 9 months**.

However, since the question specifically asks about Google, and the evidence shows the user works at NovaTech, the information to answer the question as asked is missing. The user has not mentioned working at Google in any of the provided sessions.",,
q396,ABS,ok,True,How many days before I bought my iPad did I attend the Holiday Market?,"The information provided is not enough. You mentioned getting the iPhone 13 Pro and attending the market, but you did not mention buying an iPad.","Based on the provided history chats, I can extract the following relevant information:

**Step 1: Extract relevant information**

- **Holiday Market attendance:** The user attended the annual Holiday Market at the local mall **a week before Black Friday** (Session 1, evidence `fact_8f81a934-bfed-4a74-be05-46d1b1cd0f70`).
- **iPad purchase:** There is **no mention** of the user buying an iPad anywhere in the provided chat history. The chats mention purchases of an iPhone 13 Pro, a 4K TV, a book, and various other topics, but no iPad purchase is referenced.

**Step 2: Reason over the information**

The question asks: ""How many days before I bought my iPad did I attend the Holiday Market?""

To answer this, I need to know:
1. The date the user attended the Holiday Market.
2. The date the user bought an iPad.

From the evidence, I know the user attended the Holiday Market a week before Black Friday. However, there is no information about the user buying an iPad in any of the provided sessions. Since the iPad purchase date is unknown and not mentioned in the evidence, it is impossible to calculate the number of days between the two events.

**Answer:** The information is missing. The chat history does not contain any record of the user buying an iPad, so the number of days between the iPad purchase and the Holiday Market attendance cannot be determined.",,
q397,KU,ok,True,What was my personal best time in the charity 5K run?,25 minutes and 50 seconds (or 25:50),"Based on the history chats, I need to determine the user's personal best time in the charity 5K run.

**Step 1: Extract relevant information**

From Session 1 (2023-05-23):
- User stated: ""I recently set a personal best time in a charity 5K run with a time of 27:12.""

From Session 2 (2023-05-30):
- User stated: ""I'm hoping to beat my personal best time of 25:50 this time around.""

From Session 17 (2023-05-30):
- User stated: ""I'm hoping to beat my personal best time of 25:50 this time around.""

From Session 27 (2023-05-30):
- User stated: ""I'm hoping to beat my personal best time this time around."" (referring to 25:50, as confirmed by the assistant's response in Session 28)

**Step 2: Reason over the information**

There are two different personal best times mentioned:
- 27:12 (stated on 2023-05-23)
- 25:50 (stated on 2023-05-30)

The 27:12 time was stated earlier (May 23) as a ""recent"" personal best. The 25:50 time was stated later (May 30) as the personal best the user is trying to beat in an upcoming charity 5K.

Since the 25:50 statement is newer and the user explicitly refers to it as their personal best time to beat, it supersedes the earlier 27:12 time. The 27:12 was an earlier personal best that was later improved to 25:50.

**Answer:**

Your personal best time in the charity 5K run is **25:50**.",,
q398,KU,ok,True,How many Korean restaurants have I tried in my city?,four,"Based on the history chats, the user has made two statements about the number of Korean restaurants they have tried:

1. On **2023-08-11**, the user said: ""I've tried three different ones recently"" (Session 1).
2. On **2023-09-30**, the user said: ""I've tried four different ones so far"" (Session 2).

The most recent statement (2023-09-30) supersedes the earlier one, and there is no evidence of any later statement changing this count.

**Answer: 4**",,
q399,KU,ok,True,What was the amount I was pre-approved for when I got my mortgage from Wells Fargo?,"$400,000","Based on the history chats, there are two different pre-approval amounts mentioned from Wells Fargo:

1. **$400,000** – mentioned in Session 1 (2023-11-30): ""remember when I got pre-approved for $400,000 from Wells Fargo?""
2. **$350,000** – mentioned in Session 2 (2023-08-11): ""I got pre-approved for $350,000 from Wells Fargo.""

The question asks for ""the amount I was pre-approved for when I got my mortgage from Wells Fargo.""

The most recent statement (Session 1, dated 2023-11-30) states the pre-approval was for **$400,000**. This is the newest direct user statement regarding the pre-approval amount.

Therefore, the amount you were pre-approved for from Wells Fargo is **$400,000**.",,
q400,KU,ok,True,Is my mom using the same grocery list method as me?,Yes.,"Based on the history chats, I can trace the timeline of your mom's grocery list method:

1. **On 2023-03-11** (Session 1): You mentioned that your mom was ""still stuck on her old paper list"" and you were trying to get her to use the new grocery list app.

2. **On 2023-04-30** (Session 2): You stated, ""my mom is actually using the same grocery list app as me now, so we can easily share lists and keep track of what we need.""

Since the current date is 2023-05-14, and the most recent direct statement about your mom's grocery list method is from 2023-04-30, where you confirmed she is using the same app as you, the answer is:

**Yes, your mom is now using the same grocery list app as you.** She switched from her paper list sometime between March 11 and April 30, and you now share lists through the app.",,
q401,KU,ok,True,How many hours have I spent on my abstract ocean sculpture?,10-12 hours,"Based on the history chats, you have reported spending time on your abstract ocean sculpture on two separate occasions:

1. **On 2023-05-06 (Session 1):** You stated you had spent **around 5-6 hours** on the sculpture so far.
2. **On 2023-06-17 (Session 2):** You stated you had already put in **10-12 hours** on the sculpture, and it was still a work in progress.

Since the most recent statement (June 17) is the newest direct user statement about the total time spent, the current total time you have spent on your abstract ocean sculpture is **10-12 hours**.",,
q402,KU,ok,True,How many bikes do I currently own?,4,"Based on the history chats, here is the step-by-step reasoning:

1.  **Extract relevant information:**
    *   On 2023-02-22, the user stated they own three bikes: a road bike, a mountain bike, and a commuter bike.
    *   On 2023-10-10, the user stated they recently purchased a new hybrid bike, bringing their total to four bikes: road bike, mountain bike, commuter bike, and hybrid bike.
    *   There is no evidence in the history of the user selling, giving away, or otherwise getting rid of any of these bikes after October 10, 2023.

2.  **Reason over the information:**
    *   The most recent statement regarding the user's bike ownership is from 2023-10-10, where they explicitly confirm having four bikes.
    *   Since the current date is 2023-10-27, and there is no evidence of any change in ownership since then, the count remains at four.

**Answer:** You currently own **4 bikes**: a road bike, a mountain bike, a commuter bike, and a new hybrid bike.",,
q403,KU,ok,True,Where did I go on my most recent family trip?,Paris,"Based on the history chats, the user's most recent family trip was to **Paris**.

**Step-by-step reasoning:**

1.  **Session 1 (2023-05-28):** The user states, ""I'm actually thinking of going to Paris, we just went there as a family last month and it was amazing"" and later, ""since I recently went to Paris with my family."" This explicitly identifies Paris as a family trip that occurred in the past (last month, around April 28, 2023).

2.  **Session 2 (2023-05-26):** The user mentions a ""recent family trip to Hawaii"" where they went snorkeling. This is another family trip, but it is mentioned in a session dated earlier than Session 1.

3.  **Session 3 (2023-05-27):** The user mentions a family trip to Japan, stating, ""I've been to Japan before, but it was a family trip and we spent 10 days island-hopping in Hawaii right before that."" This places the Japan trip before the Hawaii trip.

4.  **Chronological Order:** Based on the session dates and the user's statements, the order of family trips is: Japan (oldest) → Hawaii → Paris (most recent). The Paris trip is referenced in the most recent session (2023-05-28) and is described as having occurred ""last month,"" making it the most recent family trip.",,
q404,KU,ok,True,How many short stories have I written since I started writing regularly?,seven,"Based on the history chats, you have reported writing **7 short stories** since you started writing regularly.

Here's the step-by-step reasoning:

1. **Relevant Information Extraction:**
   - On **2023-05-23**, you mentioned having written **4 short stories** since starting to write regularly.
   - On **2023-05-30**, you stated you had completed **7 short stories** since starting regular writing.

2. **Reasoning:**
   - The question asks for the current count as of today (2023-06-20).
   - The most recent direct statement about the total number of completed short stories is from **2023-05-30**, where you reported **7**.
   - While you mentioned on 2023-06-16 that you were working on a short story that had been in progress for about a month, you did not state that it was completed. Therefore, it should not be added to the completed count.

**Final Answer:** You have written **7 short stories** since you started writing regularly.",,
q405,KU,ok,True,How many pages of 'A Short History of Nearly Everything' have I read so far?,220,"Based on the history chats, the most recent information about your progress in ""A Short History of Nearly Everything"" is from **May 29, 2023**, where you mentioned being on **page 220**.

There is no later mention of your progress in this book after that date. Therefore, as of the current date (June 17, 2023), the last known page you had read is **page 220**.",,
q406,KU,ok,True,How many engineers do I lead when I just started my new role as Senior Software Engineer? How many engineers do I lead now?,"When you just started your new role as Senior Software Engineer, you led 4 engineers. Now, you lead 5 engineers","Based on the provided history chats, I can extract the following relevant information:

**When you just started your new role as Senior Software Engineer (Session 1, dated 2023-05-11):**
- You stated: ""I lead a team of 4 engineers in my new role as Senior Software Engineer."" (evidence_id: ev_fact:fact_d8f9bd0b-6797-4354-a278-5ec71c7c59a8)
- This was clarified after some initial confusion, and the assistant confirmed: ""you're planning a team outing for 5 people: 4 engineers from your team, including yourself, and your manager Rachel.""

**Currently (Session 2, dated 2023-10-24):**
- You stated: ""I've been enjoying my role as Senior Software Engineer for a while, especially the part where I now lead a team of five engineers."" (evidence_id: ev_fact:fact_ee734507-71ff-4eef-a9d5-87cfddbe3296)
- The assistant also referenced: ""Leading a team of 5 engineers can be a challenging but rewarding experience."" (evidence_id: ev_fact:fact_4d1dd631-2d20-4e66-9f82-f7487be7f385)

**Answer:**
- When you just started your new role as Senior Software Engineer, you led **4 engineers**.
- Now, you lead **5 engineers**.",,
q407,KU,ok,True,How many titles are currently on my to-watch list?,25,"Based on the provided history chats, the most recent and direct statement about the size of your to-watch list comes from **Session 1** on **2023-05-22**, where you explicitly stated: ""I've got 25 titles on it right now.""

While there is an earlier statement from **Session 2** (2023-05-20) mentioning 20 titles, the 2023-05-22 statement is more recent and directly answers the question about the current state of your list.

**Answer:** There are **25 titles** currently on your to-watch list.",,
q408,KU,ok,True,How many stars do I need to reach the gold level on my Starbucks Rewards app?,120,"Based on the history chats, the user has asked about the number of stars needed to reach Gold level on the Starbucks Rewards app on multiple occasions, and the answer has been corrected by the user themselves.

**Step 1: Extract relevant information**

- On 2023-07-11, the assistant initially said 300 stars, then 400 stars, and the user corrected it to **125 stars** (Session 1, turn 10; Session 15).
- On 2023-07-30, the assistant again said 300 stars, and the user corrected it to **120 stars** (Session 2, turn 6; Session 23).

The user's most recent direct statement (2023-07-30) is that they need **120 stars** to reach Gold level.

**Step 2: Reason over the information**

The user has provided two different corrections: 125 stars (July 11) and 120 stars (July 30). The most recent direct user statement (July 30) takes precedence per the instruction to prefer the newest direct user statement. Therefore, the answer is **120 stars**.

**Answer:** You need **120 stars** to reach the Gold level on your Starbucks Rewards app.",,
q409,KU,ok,True,How long have I been using my Fitbit Charge 3?,9 months,"Based on the most recent information you provided, you have been using your Fitbit Charge 3 for **9 months**.

Here is the step-by-step reasoning:

1.  **Relevant Information Extraction:**
    *   In a chat from **2023-06-18**, you mentioned you had been using your Fitbit Charge 3 for **6 months**.
    *   In a more recent chat from **2023-09-02**, you stated, ""I just realized I've been using my Fitbit Charge 3 for 9 months now.""

2.  **Reasoning:**
    *   The question asks how long you have been using the device.
    *   Since the statement from 2023-09-02 is the most recent direct statement from you regarding the duration of use, it represents the most current and accurate answer.

**Answer:** You have been using your Fitbit Charge 3 for **9 months**.",,
q410,KU,ok,True,What type of camera lens did I purchase most recently?,a 70-200mm zoom lens,"Based on the history chats, I can identify the following camera lenses you have mentioned:

1. **50mm prime lens** - mentioned as ""recently got"" on 2023-03-11 (Session 1)
2. **70-200mm zoom lens** - mentioned as ""new"" on 2023-08-30 (Session 2), and specifically identified as the **Canon EF 70-200mm f/2.8L IS III USM** on 2023-05-19 (Session 3)
3. **18-55mm kit lens** - described as your ""old"" lens (Session 1)

The most recent purchase mentioned is the **70-200mm zoom lens**, which you referred to as ""new"" as of 2023-08-30. This is the **Canon EF 70-200mm f/2.8L IS III USM** lens, which you confirmed you were ""really happy with"" on 2023-05-19.

So, the camera lens you purchased most recently is the **Canon EF 70-200mm f/2.8L IS III USM** (a 70-200mm zoom lens).",,
q411,KU,ok,True,"How often do I see my therapist, Dr. Smith?",every week,"Based on the history chats, you mentioned seeing Dr. Smith **every week** in your most recent session on 2023-11-03. 

While an earlier session from 2023-04-03 mentioned sessions every two weeks, the more recent statement (from November 3, 2023) supersedes that older information. So, as of now, you see Dr. Smith **weekly**.",,
q412,KU,ok,True,How many MCU films did I watch in the last 3 months?,5,"Based on the provided history chats, the most recent and relevant information comes from **Session 2** (dated 2023-05-29), where you stated:

> ""I've watched 12 films in the last 3 months, including 5 MCU films, which is a lot for me!""

This is the most current direct statement about your MCU film count. An earlier statement from **Session 1** (dated 2023-05-20) mentioned watching 4 MCU films in the last 3 months, but the later statement from May 29 supersedes that earlier count.

**Answer: You watched 5 MCU films in the last 3 months.**",,
q413,KU,ok,True,"What company is Rachel, an old colleague from my previous company, currently working at?",TechCorp,"Based on the provided history chats, the relevant information is found in Session 1:

- **Session 1 (2023-05-26):** The user states, ""I was just thinking about catching up with Rachel, an old colleague from my previous company, who's currently at TechCorp.""

This is a direct, explicit statement from the user identifying Rachel's current employer.

**Answer:** Rachel is currently working at **TechCorp**.",,
q414,KU,ok,True,"For the coffee-to-water ratio in my French press, did I switch to more water per tablespoon of coffee, or less?",You switched to less water (5 ounces) per tablespoon of coffee.,"Based on the history chats, I can extract the following relevant information about your French press coffee-to-water ratio:

1. **February 11, 2023** (Session 1): You stated, ""I've been experimenting with my French press and I've found that 1 tablespoon of coffee for every 6 ounces of water is the perfect ratio for me.""

2. **June 30, 2023** (Session 2): You stated, ""I've got my French press ratio down to a science: 1 tablespoon of coffee for every 5 ounces of water.""

Now, let's compare the two ratios:
- February: 1 tablespoon of coffee per 6 ounces of water (more water per tablespoon)
- June: 1 tablespoon of coffee per 5 ounces of water (less water per tablespoon)

Since you went from 6 ounces of water to 5 ounces of water per tablespoon of coffee, you switched to **less** water per tablespoon of coffee. This means your coffee became stronger (more concentrated) over time.

**Answer:** You switched to **less** water per tablespoon of coffee.",,
q415,KU,ok,True,Where is the painting 'Ethereal Dreams' by Emma Taylor currently hanging?,in my bedroom,"Based on the history chats, the painting 'Ethereal Dreams' by Emma Taylor was moved above the user's bed on 2023-10-30. This is the most recent direct statement about its location, and it supersedes the earlier information from 2023-07-11 when it was above the living room sofa.

**Answer:** The painting 'Ethereal Dreams' by Emma Taylor is currently hanging above the user's bed.",,
q416,KU,ok,True,How many times have I worn my new black Converse Chuck Taylor All Star sneakers?,six,"Based on the history chats, the user has reported wearing their new black Converse Chuck Taylor All Star sneakers at different times:

1. In Session 1 (2023-05-30), the user stated they had worn them **four times** already, including to a friend's birthday party.
2. In Session 2 (2023-05-30), the user stated they had worn them **six times** total, mentioning they wore them to run errands the day before (2023-05-29).

The most recent direct user statement about the total count is from Session 2, where the user said ""that's six times now that I've worn them."" This is the newest statement and supersedes the earlier count of four.

**Answer: You have worn your new black Converse Chuck Taylor All Star sneakers 6 times.**",,
q417,KU,ok,True,How many episodes of the Science series have I completed on Crash Course?,50,"Based on the provided history chats, the user completed **50 episodes** of the Crash Course Science series.

**Step-by-step reasoning:**

1.  **Relevant Information Extraction:**
    - In Session 2 (dated 2023-05-24), the user stated they were on episode 10 of the Crash Course Science series.
    - In Session 1 (dated 2023-05-29), the user stated: ""I've been watching Crash Course's Science series, and I just completed 50 episodes.""
    - The assistant in Session 1 also congratulated the user on ""completing 50 episodes of Crash Course's Science series.""

2.  **Reasoning:**
    - The user's most recent direct statement (from 2023-05-29) explicitly states they completed 50 episodes. This is a newer statement than the one from 2024-05-24 (which mentioned being on episode 10).
    - Since the question asks for the current number of completed episodes, the most recent and direct user statement takes precedence.

**Final Answer:**
50 episodes.",,
q418,KU,ok,True,Do I go to the gym more frequently than I did previously?,Yes,"Based on the history chats, I can compare your gym frequency over time.

**Relevant information:**

- On **2023-06-01** (Session 1), you explicitly stated: ""I go to the gym on Tuesdays, Thursdays, and Saturdays."" That is **3 days per week**.
- On **2023-08-15** (Session 2), you stated: ""I've been consistent with my gym routine - four times a week, actually."" That is **4 days per week**.

**Reasoning:**

- In June, your gym schedule was 3 days per week.
- By mid-August, you reported going to the gym 4 times per week.
- This is an increase from 3 to 4 days per week.

**Answer:** Yes, you go to the gym more frequently now than you did previously. You increased from 3 gym days per week (June) to 4 gym days per week (August).",,
q419,KU,ok,True,How many new postcards have I added to my collection since I started collecting again?,25,"Based on the history chats, you have stated the number of new postcards you've added to your collection since restarting collecting at different times:

- On **2023-08-11**, you said you added **17 new postcards** since you started collecting again.
- On **2023-11-30**, you said you added **25 new postcards** to your collection since you started collecting again.

Since the most recent statement (2023-11-30) is the newest direct statement from you about the total number added since restarting, the answer is **25 new postcards**.",,
q420,KU,ok,True,How many videos of Corey Schafer's Python programming series have I completed so far?,30,"Based on the history chats, you reported completing **20 videos** of Corey Schafer's Python programming series on **2023-05-24**, and then you reported completing **30 videos** on **2023-05-26**.

Since the later statement (30 videos) is the most recent update and supersedes the earlier count, you have completed **30 videos** so far.",,
q421,KU,ok,True,How long have I been living in my current apartment in Harajuku?,3 months,"Based on the history chats, I can extract the following relevant information about how long you have been living in your current apartment in Harajuku:

1. **Session 1 (2023-04-11)**: You stated, ""I'm still getting used to living in Tokyo, but I've been enjoying the independence of my new studio apartment in Harajuku - it's been a month now..."" This indicates that as of April 11, 2023, you had been living there for 1 month.

2. **Session 2 (2023-10-15)**: You stated, ""By the way, I've been living in Harajuku for 3 months now, and I'm still discovering new hidden gems in the neighborhood."" This indicates that as of October 15, 2023 (which is the current date), you had been living there for 3 months.

Since the current date is 2023/10/15, and the most recent direct statement from you (in Session 2, on the same date) says you have been living in Harajuku for 3 months, the answer is:

**You have been living in your current apartment in Harajuku for 3 months.**",,
q422,KU,ok,True,How long have I been sticking to my daily tidying routine?,4 weeks,"Based on the history chats, the most recent and relevant information is from **Session 2** (dated 2023-09-30), where you stated:

> ""I've been sticking to my daily tidying routine for 4 weeks now, and it's amazing how much of a difference it's made in my apartment.""

Since the current date is **2023/09/30**, and this is the newest direct statement about your routine, you have been sticking to your daily tidying routine for **4 weeks**.",,
q423,KU,ok,True,"How long have I had my cat, Luna?",9 months,"Based on the history chats, I can extract the following relevant information:

- In Session 1 (dated 2023-11-30), you stated: ""I've had my cat, Luna, for about 9 months now.""
- In Session 2 (dated 2023-08-11), you stated: ""I've had Luna for about 6 months now.""

The current date is 2023-11-30, which matches the date of Session 1. Since the question asks ""How long have I had my cat, Luna?"" and the most recent direct statement (from Session 1 on the current date) says ""about 9 months,"" that is the most up-to-date and relevant answer.

**Answer:** You have had your cat, Luna, for about 9 months.",,
q424,KU,ok,True,How many Instagram followers do I currently have?,600,"Based on the history chats, the most recent information about your Instagram follower count is from **Session 1** on **2023-05-28**, where you stated:

> ""By the way, I just checked and I'm now at 600 followers, which is a nice milestone!""

The only other mention of a follower count is from **Session 2** on **2023-05-15** (last week at that time), where you had **500 followers**.

Since the current date is **2023/06/14** and there is no newer information about your follower count after May 28, the most recent confirmed number is **600 followers**.

**Answer: You currently have 600 Instagram followers.**",,
q425,KU,ok,True,How many dozen eggs do we currently have stocked up in our refrigerator?,20,"Based on the provided history chats, the most recent information about the number of eggs stocked in the refrigerator comes from Session 2, dated 2023-03-15. In that session, the user explicitly stated they have **20 dozen** fresh eggs stocked up in the fridge.

Since the current date is 2023-03-16, this is the most recent and relevant figure.

**Answer:** You currently have **20 dozen eggs** stocked up in your refrigerator.",,
q426,KU,ok,True,How many tops have I bought from H&M so far?,five,"Based on the history chats, the most recent statement about the number of tops you have bought from H&M is from Session 2 on 2023-09-30, where you said you have **five tops** from H&M.

Since this is the latest direct statement and there is no newer information contradicting it, the answer is:

**5 tops**",,
q427,KU,ok,True,How much did I earn at the Downtown Farmers Market on my most recent visit?,$420,"Based on the provided history chats, I can extract the following relevant information:

**Step 1: Extract relevant information**

- In Session 1 (dated 2023-09-30), the user stated: ""By the way, speaking of recent sales, I earned $420 at the Downtown Farmers Market on my most recent visit."" (Evidence: `ev_fact:fact_ad255300-9219-4855-bff4-0104d959b5d9`)
- This is the most recent mention of earnings at the Downtown Farmers Market.
- In Session 2 (dated 2023-04-11), the user listed earnings from various markets, including the Downtown Farmers Market on March 18th ($220) and May 6th ($350). However, these are older events and not the ""most recent visit.""

**Step 2: Reason over the information**

The question asks for the earnings at the Downtown Farmers Market on the user's **most recent** visit. The most recent statement regarding this is from Session 1 (September 30, 2023), where the user explicitly states they earned $420 at the Downtown Farmers Market on their most recent visit. This is a direct, explicit statement from the user and is newer than the earnings listed in Session 2.

**Answer:** You earned **$420** at the Downtown Farmers Market on your most recent visit.",,
q428,KU,ok,True,How many times have I tried making a Negroni at home since my friend Emma showed me how to make it?,10,"Based on the history chats, you have stated **10 times** that you have tried making a Negroni at home since your friend Emma showed you how.

While you mentioned making it 5 times in an earlier session (August 2023), your most recent statements from November 30, 2023, consistently say you have made it **10 times**. Since this is the most recent information you provided, the answer is **10**.",,
q429,KU,ok,True,How many Crash Course videos have I watched in the past few weeks?,15,"Based on the history chats, the most recent statement about your Crash Course video count is from **September 30, 2023**, where you mentioned having watched **15 Crash Course videos** in the past few weeks.

Earlier statements (from August 2023) mentioned 10 and then 12 videos, but since the September statement is the newest and reflects your most current count, the answer is:

**15 Crash Course videos**",,
q430,KU,ok,True,How many different species of birds have I seen in my local park?,32,"Based on the history chats, the user has provided two specific updates about their bird species count in their local park:

1. On 2023-05-24, the user stated they had spotted **27 different bird species** in their local park.
2. On 2023-05-27 (mentioned in the session on 2023-05-29), the user stated that seeing a Northern Flicker brought their total species count to **32**.

The second statement is the most recent direct user statement about the total count, and it supersedes the earlier count of 27.

**Answer: 32**",,
q431,KU,ok,True,What was my previous frequent flyer status on United Airlines before I got the current status?,Premier Silver,"Based on the history chats, I can trace your United Airlines frequent flyer status progression:

1. **As of 2022-09-16** (Session 1): You stated you had 20,000 United miles and that this made you ""finally eligible for Premier Silver status."" This indicates your status at that time was **Premier Silver**.

2. **As of 2023-05-30** (Session 2): You stated, ""I just reached Premier Gold status."" This indicates your current status is **Premier Gold**.

Since the question asks for your **previous** frequent flyer status before your current status, and your current status is Premier Gold (as of May 2023), your previous status was **Premier Silver** (as of September 2022).",,
q432,KU,ok,True,What was my previous personal best time for the charity 5K run?,27 minutes and 45 seconds,"Based on the history chats, I need to determine the user's **previous personal best time** for the charity 5K run.

**Step 1: Extract relevant information**

From **Session 1** (2023-07-30):
- The user states: ""I just got back from a charity 5K run last weekend and was happy to beat my personal best time - shaved off about a minute and a half from my previous record!"" (evidence_id=ev_fact:fact_ef2ad12f-b14c-44cc-91ec-1d052529e8e1)
- The user then says: ""You know, the one where I finished with a personal best time of 26 minutes and 30 seconds?"" (evidence_id=ev_raw:session_45_turn_8)

From **Session 3** (2023-04-11):
- The user states: ""I've recently completed a charity 5K run with a personal best time of 27 minutes and 45 seconds."" (evidence_id=ev_fact:fact_bb31bcd7-6db5-41ec-8e8e-e71b0f1d9027)

**Step 2: Reason over the information**

There are two different personal best times mentioned:
- 27 minutes and 45 seconds (from April 2023)
- 26 minutes and 30 seconds (from July 2023, stated as the ""personal best time"" of the most recent run)

The question asks for the **previous** personal best time. In Session 1, the user says they beat their personal best by 1.5 minutes. The user then clarifies that the new personal best time is 26 minutes and 30 seconds. Therefore, the **previous** personal best (before this run) would be 26:30 + 1:30 = 28:00.

However, the planner's supported claim states: ""The user's previous personal best time for the charity 5K run was 26 minutes and 15 seconds."" This appears to be an error, as the evidence cited (ev_raw:session_45_turn_8) actually says ""26 minutes and 30 seconds"" as the current personal best, not the previous one.

Looking at the timeline:
- April 2023: Personal best was 27:45
- July 2023: User ran a new personal best of 26:30, beating the previous record by 1.5 minutes

So the **previous** personal best (before the July run) would be 26:30 + 1:30 = 28:00. However, this doesn't match the April time of 27:45 either.

The most direct interpretation: The user's previous personal best time, as stated in the July session, was the time they beat. Since they said they beat it by 1.5 minutes and the new time is 26:30, the previous best was 28:00. But the April statement says the personal best was 27:45, which is inconsistent.

Given the ambiguity, the most reliable direct statement of a ""previous personal best"" comes from the April session where the user explicitly stated their personal best was **27 minutes and 45 seconds**. This is the only time the user explicitly labeled a time as their ""personal best"" before the July run.

**Answer:** Your previous personal best time for the charity 5K run was **27 minutes and 45 seconds**.",,
q433,KU,ok,True,How often do I play tennis with my friends at the local park previously? How often do I play now?,"Previously, you play tennis with your friends at the local park every week (on Sunday). Currently, you play tennis every other week (on Sunday).","Based on the history chats, I can extract the following relevant information:

1. **Previously (as of 2023-03-12)**: The user stated, ""I was just at the local park last Sunday, and I saw some people playing tennis - reminds me of my own weekly tennis sessions with friends."" This indicates the user played tennis **weekly** with friends at the local park.

2. **Now (as of 2023-07-30)**: The user stated, ""I'm planning to play tennis with my friends at the local park this Sunday, like we do every other week."" This indicates the user now plays tennis **every other week** (biweekly) on Sundays.

**Answer**: Previously, you played tennis with your friends at the local park **weekly**. Now, you play **every other week** (biweekly) on Sundays.",,
q434,KU,ok,True,How much time do I dedicate to coding exercises each day?,about two hours,"Based on the history chats, you mentioned dedicating **about two hours each day** to coding exercises in your most recent statements on 2023-05-29.

Earlier, on 2023-05-20, you had mentioned dedicating about one hour per day, but your later statements (from May 29) indicate you increased your daily practice to two hours. Since the later statement supersedes the earlier one, the current answer is:

**You dedicate about 2 hours each day to coding exercises.**",,
q435,KU,ok,True,What day of the week did I meet with my previous language exchange tutor Juan?,Wednesday,"Based on the history chats, I can extract the following relevant information:

- In Session 1 (2023-05-20), the user stated: ""I had a language exchange class at a local language school, where I'm paired with a Colombian tutor named Juan. We meet every Wednesday evening... My language exchange class with Juan is on Wednesday evening."" (evidence: ev_fact:fact_28baa4a6-a9e5-4f87-aea8-c026e9e634c7)

- In Session 2 (2023-05-28), the user mentions meeting with a different tutor named Maria on Thursday, but this is a separate event and does not relate to Juan.

The question asks what day of the week the user met with their previous language exchange tutor Juan. The user explicitly stated that they meet Juan every Wednesday evening. The planner's supported claim also confirms: ""User meets with language exchange tutor Juan every Wednesday evening.""

Therefore, the answer is **Wednesday**.",,
q436,KU,ok,True,How many pre-1920 American coins do I have in my collection?,38,"Based on the history chats, the user explicitly stated they have **37** pre-1920 American coins in their collection. This was mentioned in Session 1 on 2023-05-27.

Additionally, in Session 2 on 2023-05-29, the user added a 1915-S Barber quarter to their collection. This would bring the total to **38** pre-1920 American coins.

**Answer: 38**",,
q437,KU,ok,True,How many free night's stays can I redeem at any Hilton property with my accumulated points?,Two,"Based on the history chats, there is conflicting information about how many free nights you can redeem.

**Relevant Information:**
- In Session 1 (2023-05-30), you stated: ""I've accumulated enough points for **two free night's stays** at any Hilton property.""
- In Session 2 (2023-05-29), you stated: ""I've accumulated enough points for a **single free night's stay** at any Hilton property.""

**Reasoning:**
The two statements conflict. The statement about **two free nights** was made on **2023-05-30**, which is more recent than the statement about a **single free night** made on **2023-05-29**. Since the question asks about your current accumulated points, and the more recent statement (May 30) indicates you have enough for **two free nights**, that is the most up-to-date information.

**Answer:**
You can redeem **2 free night's stays** at any Hilton property with your accumulated points.",,
q438,KU,ok,True,How much weight have I lost since I started going to the gym consistently?,10 pounds,"Based on the provided history chats, here is the step-by-step reasoning to answer the question:

**Step 1: Extract relevant information**
- **Session 1 (2023-06-21):** The user states, ""I just realized I've lost 10 pounds since I started going consistently to the gym 3 months ago."" This is dated 2023-03-21 in the evidence metadata.
- **Session 2 (2023-05-21):** The user states, ""I've also lost about 5 pounds in the past month."" This is dated 2023-04-21 in the evidence metadata.

**Step 2: Reason over the information**
The question asks: ""How much weight have I lost since I started going to the gym consistently?""

The most direct and comprehensive statement is from Session 1, where the user explicitly says they have lost **10 pounds** since starting consistent gym attendance. This is the total weight loss since they began.

The 5-pound loss mentioned in Session 2 is a subset of that overall progress (it refers to a specific month within the same period). Adding them together would double-count the weight loss.

Therefore, the total weight lost since starting consistent gym attendance is **10 pounds**.

**Final Answer:**
You have lost **10 pounds** since you started going to the gym consistently.",,
q439,KU,ok,True,How many followers do I have on Instagram now?,1300,"Based on the history chats, I can extract the following relevant information about your Instagram follower count:

1. **On 2023-05-25**, you stated: ""I've got 1250 followers on Instagram now"" (Session 1).
2. **On 2023-05-25** (later in the same day), you said: ""I think I'm close to 1300 now"" (Session 2).
3. **On 2023-05-25**, you also mentioned: ""I just got over 200 new followers in the last two weeks"" (Session 3).

The most recent direct statement about your follower count was your estimate of being ""close to 1300"" on 2023-05-25. Since the current date is 2023-06-15 (about three weeks later), and there is no newer information about your follower count in the provided history, I cannot determine your exact current follower count.

Based on the available evidence, the best-supported estimate is that you were **close to 1300 followers** as of 2023-05-25. Without additional data from the intervening period, I cannot provide a precise current number.",,
q440,KU,ok,True,What is my current record in the recreational volleyball league?,5-2,"Based on the history chats, I can extract the following relevant information about the user's volleyball team record:

- On 2023-03-02, the user stated their volleyball team record was 3-2.
- On 2023-05-02, the user stated their volleyball team, the Net Ninjas, had a 5-2 record.

The most recent direct statement about the volleyball team record is from 2023-05-02, which indicates a 5-2 record. There is no later information in the chat history that updates this record further.

Therefore, the user's current record in the recreational volleyball league is **5-2**.",,
q441,KU,ok,True,What type of vehicle model am I currently working on?,Ford F-150 pickup truck,"Based on the history chats, you are currently working on a **Ford F-150 pickup truck** model. 

**Step-by-step reasoning:**

1. **Relevant information extraction:** 
   - In Session 1 (2023-05-26), you stated: ""I have just wrapped up a model and switched to a Ford F-150 pickup truck"" and ""I'm thinking of adding some decals to my Ford model.""
   - In the same session, you asked for advice on weathering effects specifically for your ""Ford F-150 pickup truck model.""
   - You also asked for specific tips on adding rust effects to the underside of your ""Ford F-150 pickup truck model.""
   - The assistant's responses in that session consistently reference your ""Ford F-150 pickup truck model.""

2. **Reasoning over the information:** 
   - While you previously worked on a Ford Mustang Shelby GT350R (mentioned in Session 2), the most recent and direct statements in Session 1 (which is the latest session regarding your modeling projects) clearly indicate that you have switched to and are currently building a Ford F-150 pickup truck. 
   - The questions about decals, weathering, and rust effects are all directed at this specific model, confirming it is your current project. 

**Answer:** You are currently working on a **Ford F-150 pickup truck** model.",,
q442,KU,ok,True,What was my previous goal for my Apex Legends level before I updated my goal?,level 100,"Based on the history chats, your previous goal for your Apex Legends level was **level 100**, which you aimed to reach before the end of 2023 (as stated on 2023-06-16). You later updated this goal to **level 150** on 2023-09-30.",,
q443,KU,ok,True,How many women are on the team led by my former manager Rachel?,6,"Based on the history chats, there are two different numbers mentioned for the women on Rachel's team at different times:

1. **January 2023 (Session 1)**: Rachel's team had 10 people, and half of them were women, meaning **5 women**.
2. **July 2023 (Session 2)**: The user stated Rachel's team had **6 women out of 10 people**.

Since the current date is August 3, 2023, and the most recent statement (July 2023) is the newest direct user statement about the team's composition, the answer is **6 women**.",,
q444,KU,ok,True,Did I mostly recently increase or decrease the limit on the number of cups of coffee in the morning?,You increased the limit (from one cup to two cups),"Based on the history chats, I can trace the changes to your morning coffee limit:

1. **On 2023-05-25 (Session 1):** You stated you ""cut back to just one cup in the morning"" — so the limit was **decreased to one cup**.

2. **On 2023-05-26 (Session 2):** You said, ""I have increased the limit to two cups"" — so the limit was **increased to two cups**.

Since the most recent change (2023-05-26) is the increase to two cups, and there is no later mention of changing it again, you **most recently increased** the limit on the number of cups of coffee in the morning.",,
q445,KU,ok,True,How many trips have I taken my Canon EOS 80D camera on?,five,"Based on the history chats, the user has stated on **2023-05-30** (Session 1) that they have had their Canon EOS 80D with them on **five trips**. This is the most recent and direct statement regarding the total number of trips.

Additionally, on **2023-03-16** (Session 2), the user mentioned taking the camera on **three trips** to Yellowstone, Yosemite, and the Grand Canyon. However, this earlier statement describes a subset of those trips, not a conflicting total.

Since the user's most recent statement (May 30) explicitly says ""five trips,"" and there is no newer statement contradicting or updating this number, the answer is:

**5 trips**",,
q446,KU,ok,True,What new kitchen gadget did I invest in before getting the Air Fryer?,Instant Pot,"Based on the history chats, the user mentioned having a new Instant Pot in Session 1 (on 2023-05-21) and mentioned getting an Air Fryer on 2023-05-20 in Session 2. The question asks what new kitchen gadget was invested in *before* getting the Air Fryer.

**Step 1: Extract relevant information**

- From Session 1 (2023-05-21): The user says, ""I'm actually thinking of using my new Instant Pot to make some of these soups and stews."" This indicates the user has a new Instant Pot.
- From Session 2 (2023-05-21): The user says, ""I'm actually thinking of using the Air Fryer I got yesterday to make some crispy sweet potato fries..."" The date of the Air Fryer purchase is given as 2023-05-20 (yesterday relative to the session date).

**Step 2: Reason over the information**

The user got the Air Fryer on 2023-05-20. The user mentions having a ""new Instant Pot"" in a session on 2023-05-21. Since the Instant Pot is described as ""new"" and the user is asking about it on the same day as the Air Fryer discussion, it is reasonable to infer that the Instant Pot was acquired before the Air Fryer (or at least before the user started using the Air Fryer). The question asks for the gadget invested in *before* getting the Air Fryer, so the Instant Pot is the chronologically prior gadget.

**Answer:** The Instant Pot.",,
q447,ABS,ok,True,How many Italian restaurants have I tried in my city?,The information provided is not enough. You mentioned trying Korean restaurants but not Italian restaurants.,"Based on the history chats provided, there is **no evidence** that the user has tried any Italian restaurants in their city.

**Step-by-step reasoning:**

1. **Relevant information extraction:** I searched through all the provided chat sessions for any mention of Italian restaurants or the user trying Italian food.
   - Session 1 (2023-05-26): The user mentions trying four different **Korean** restaurants and expresses interest in a new **Indian** restaurant.
   - Session 2 (2023-05-20): The user mentions trying three different **Korean** restaurants.
   - Session 3 (2023-04-24): The user discusses planning a trip to New Orleans and mentions the Omni Hotel, but no Italian restaurants.
   - Session 5 (2023-05-25): The user asks about food in Tokyo, Japan (Shinjuku area).
   - Session 6 (2023-05-23): The user asks about vegetarian/vegan options in County Clare, Ireland.
   - Sessions 4, 7, 8, 9: These sessions discuss software companies, Manchester City, a retreat journaling exercise, and a story about bullying — none mention Italian restaurants.

2. **Reasoning:** The user has mentioned trying Korean restaurants (four in one session, three in another) and expressed interest in an Indian restaurant, but there is **no mention whatsoever** of Italian restaurants or any Italian cuisine being tried.

**Answer:** The information is missing — there is no evidence in the chat history that the user has tried any Italian restaurants in their city.",,
q448,ABS,ok,True,How often do I see Dr. Johnson?,The information provided is not enough. You mentioned seeing Dr. Smith but not Dr. Johnson.,"Based on the history chats provided, I need to answer the question: ""How often do I see Dr. Johnson?""

**Step 1: Extract relevant information**

- In Session 1 (2023-05-24), the user mentions seeing ""Dr. Smith"" for therapy sessions. Specifically:
  - ""I see Dr. Smith every week, and she's been helping me work on this stuff."" (evidence_id=ev_fact:fact_560103b5-75a5-4aef-a6ea-9cbe609a310a)
  - The user also mentions having a session with Dr. Smith that week and feeling more confident about setting boundaries.

- In Session 2 (2023-05-21), the user mentions: ""I have a therapy session with Dr. Smith coming up soon - it's every two weeks, so I'm looking forward to discussing my progress with her."" (evidence_id=ev_fact:fact_e5369542-ff1b-4d4b-a492-ffd6ac71e9b7)

- There is no mention of ""Dr. Johnson"" anywhere in the provided history chats. The therapist referenced in all sessions is consistently ""Dr. Smith.""

**Step 2: Reason over the information**

The question asks about ""Dr. Johnson,"" but all evidence in the history chats refers to the user's therapist as ""Dr. Smith."" There is no evidence that the user sees anyone named Dr. Johnson. The planner's supported claims also confirm that the user's therapist is Dr. Smith, not Dr. Johnson.

Additionally, there is a conflict in the evidence about the frequency of sessions with Dr. Smith:
- Session 1 (dated 2023-05-24) states the user sees Dr. Smith every week.
- Session 2 (dated 2023-05-21) states the user sees Dr. Smith every two weeks.

Per the protocol, for the same user attribute, I should prefer the newest direct user statement. Session 1 (2023-05-24) is newer than Session 2 (2023-05-21), so the most recent statement indicates the user sees Dr. Smith every week.

However, the question specifically asks about Dr. Johnson, not Dr. Smith. Since there is no evidence about Dr. Johnson at all, I cannot answer the question about Dr. Johnson.

**Final Answer:**

The information about how often you see Dr. Johnson is missing from the provided history. All references to therapy sessions in the chats mention Dr. Smith, not Dr. Johnson. Based on the most recent statement (from 2023-05-24), you see Dr. Smith every week, but there is no information available about Dr. Johnson.",,
q449,ABS,ok,True,How often do I play table tennis with my friends at the local park?,The information provided is not enough. You mentioned playing tennis but not table tennis.,"Based on the history chats, I can extract the following relevant information:

- In Session 1 (2023-05-23), the user said: ""I'm planning to play tennis with my friends at the local park this Sunday, like we do every other week."" This indicates the user plays tennis with friends at the local park every other week.
- In Session 2 (2023-05-22), the user mentioned ""my own weekly tennis sessions with friends"" and also said ""I'm planning to play tennis with my friends this Sunday at the local park.""

However, the question asks about **table tennis**, not tennis. All the evidence in the history chats refers to playing **tennis** with friends at the local park. There is no mention of table tennis anywhere in the provided history.

Therefore, the information about how often the user plays table tennis with friends at the local park is missing from the evidence. I cannot answer this question based on the supplied source evidence.

**Answer:** The information is missing. The history chats only mention playing tennis with friends at the local park every other week, but there is no evidence about playing table tennis.",,
q450,KU,ok,True,"Before I purchased the gravel bike, do I have other bikes in addition to my mountain bike and my commuter bike?",Yes. (You have a road bike too.),"Based on the history chats, before the user purchased the gravel bike, they owned three bikes: a road bike, a mountain bike, and a commuter bike.

Therefore, in addition to the mountain bike and commuter bike, the user also had a **road bike**.",,
q451,KU,ok,True,Where do I currently keep my old sneakers?,in a shoe rack in my closet,"Based on the history chats, I can track the location of your old sneakers over time:

1. **2023-05-25 (Session 1)**: You mentioned keeping your old sneakers **under your bed** for storage, and they were starting to smell.

2. **2023-05-29 (Session 2)**: You mentioned your old sneakers were **taking up space in the closet** and you planned to organize your closet that weekend (2023-06-03) and store them in a shoe rack.

3. **2023-06-03 (Session 2)**: You reiterated your plan to organize your closet this weekend and store your old sneakers in a **shoe rack**.

The most recent statement (2023-05-29) indicates your old sneakers were in the **closet**, and you planned to move them into a **shoe rack** during your closet organization on 2023-06-03. Since the current date is 2023-06-23 (after that planned organization date), it's reasonable to conclude that you followed through with your plan.

**Answer: You currently keep your old sneakers in a shoe rack in your closet.**",,
q452,IE,ok,True,I'm planning to visit Bandung again and I was wondering if you could remind me of the name of that restaurant in Cihampelas Walk that serves a great Nasi Goreng?,Miss Bee Providore,"Based on the chat history, the restaurant in the Cihampelas Walk area that serves a great Nasi Goreng is **Miss Bee Providore**.

Here's the step-by-step reasoning:

1. **Relevant information extraction:**  
   - In Session 1, the assistant recommended several restaurants in the Cihampelas Walk area, including **Miss Bee Providore**, which serves a mix of Western and Indonesian cuisine.  
   - The user then said, ""I'm definitely going to try out Miss Bee Providore for some delicious food.""  
   - The assistant listed Miss Bee's signature dishes, including **Miss Bee's Nasi Goreng**.  
   - The user confirmed, ""I'm definitely going to try the Miss Bee's Nasi Goreng and finish it off with the chocolate brownie.""

2. **Reasoning:**  
   - The user explicitly planned to order Miss Bee's Nasi Goreng at Miss Bee Providore.  
   - Miss Bee Providore is located in the Cihampelas Walk area, as stated in the assistant's recommendation.  
   - Therefore, the restaurant the user is asking about is Miss Bee Providore.

**Answer:** Miss Bee Providore.",,
q453,IE,ok,True,I'm planning to revisit Orlando. I was wondering if you could remind me of that unique dessert shop with the giant milkshakes we talked about last time?,The Sugar Factory at Icon Park.,"Based on the history chats, I can identify the dessert shop with giant milkshakes that was recommended to you.

**Relevant Information:**
- In Session 1 (dated 2023-05-21), you asked for dessert spot recommendations in Orlando for your family.
- The assistant recommended **The Sugar Factory**, described as ""A sweet shop located at Icon Park that offers an enormous menu of sweet treats, including specialty drinks and giant milkshakes.""

**Answer:**
The unique dessert shop with giant milkshakes we discussed is **The Sugar Factory**, located at **Icon Park** in Orlando. It was recommended as a fun spot for your family to check out after dinner, offering an enormous menu of sweet treats, including specialty drinks and giant milkshakes.",,
q454,IE,ok,True,I remember you told me about the refining processes at CITGO's three refineries earlier. Can you remind me what kind of processes are used at the Lake Charles Refinery?,"Atmospheric distillation, fluid catalytic cracking (FCC), alkylation, and hydrotreating.","Based on the history chat from 2023-05-28, the refining processes used at CITGO's Lake Charles Refinery are:

1. **Atmospheric distillation** – the first step where crude oil is heated and separated into different fractions based on boiling points.
2. **Fluid catalytic cracking (FCC)** – breaks down heavier fractions into lighter, more valuable products like gasoline and diesel.
3. **Alkylation** – combines smaller molecules to form larger, high-octane gasoline components.
4. **Hydrotreating** – removes impurities from gasoline and diesel fractions to improve quality.",,
q455,IE,ok,True,"I'm planning my trip to Amsterdam again and I was wondering, what was the name of that hostel near the Red Light District that you recommended last time?",International Budget Hostel,"Based on the history chats, the assistant recommended several budget-friendly hostels in Amsterdam. Among them, the **International Budget Hostel** is the one situated near the famous Red Light District.",,
q456,IE,ok,True,I think we discussed work from home jobs for seniors earlier. Can you remind me what was the 7th job in the list you provided?,Transcriptionist.,The 7th job in the list of work-from-home job ideas for seniors was **Transcriptionist**.,,
q457,IE,ok,True,"In our previous chat, you suggested 'sexual compulsions' and a few other options for alternative terms for certain behaviors. Can you remind me what the other four options were?","I suggested 'sexual fixations', 'problematic sexual behaviors', 'sexual impulsivity', and 'compulsive sexuality'.","Based on the chat history, here is the step-by-step reasoning:

**Step 1: Extract relevant information**
The user is asking for the four alternative terms that were suggested in a previous chat, in addition to ""sexual compulsions."" 

Looking at the history, in **Session 1** (and repeated in **Session 2**), the assistant provided a list of four alternatives:
1. Sexual fixations
2. Problematic sexual behaviors
3. Sexual impulsivity
4. Compulsive sexuality

These were provided in response to the user's request for shorter or better terms, after the assistant initially suggested ""sexual compulsions.""

**Step 2: Reason over the information**
The user specifically asks for ""the other four options"" that were suggested alongside ""sexual compulsions."" The evidence from Session 1 (and Session 2, which contains the same list) clearly lists these four terms. The planner's supported claim also confirms that ""sexual fixations"" was the first of these alternatives.

**Step 3: Answer**
The four other options I suggested were:

1. **Sexual fixations** – implying a strong preoccupation with sexual thoughts or behaviors that may interfere with other areas of life.
2. **Problematic sexual behaviors** – a straightforward phrase describing behaviors that cause problems or difficulties.
3. **Sexual impulsivity** – emphasizing the impulsive or compulsive nature of certain sexual behaviors.
4. **Compulsive sexuality** – emphasizing the compulsive nature and the difficulty in breaking free from these behaviors.",,
q458,IE,ok,True,"I wanted to check back on our previous conversation about Netflix. I mentioned that I wanted to be able to access all seasons of old shows? Do you remember what show I used as an example, the one that only had the last season available?",Doc Martin,"Based on the history chat from Session 1 on 2023-05-26, you mentioned that Netflix takes down shows after a while, and you used **""Doc Martin""** as an example. You said that the show went down after a while, and now you only have access to the last season.",,
q459,IE,ok,True,"I wanted to follow up on our previous conversation about binaural beats for anxiety and depression. Can you remind me how many subjects were in the study published in the journal Music and Medicine that found significant reductions in symptoms of depression, anxiety, and stress?",38 subjects,"Based on the history chat from Session 1, the study published in the journal *Music and Medicine* involved **38 subjects**.",,
q460,IE,ok,True,"I was thinking about our previous conversation about the Fifth Album, and I was wondering if you could remind me what song you said best exemplified the band's growth and development as artists?",Evolution,"Based on our previous conversation about the Fifth Album, I told you that the song **""Evolution""** best exemplifies the band's growth and development as artists.

In that discussion, I explained that ""Evolution"" represents a departure from the band's earlier, more straightforward pop rock sound, moving toward a more experimental and genre-bending approach with electronic and synthetic instrumentation. Lyrically, it also reflects their maturity, touching on introspective themes of personal growth and change rather than the teenage angst and rebellion found in their earlier work.",,
q461,IE,ok,True,I wanted to follow up on our previous conversation about front-end and back-end development. Can you remind me of the specific back-end programming languages you recommended I learn?,"I recommended learning Ruby, Python, or PHP as a back-end programming language.","Based on the history chats, in Session 3 (and the related sessions 12-21), the user asked for tips on becoming a full-stack developer, and the assistant recommended learning a back-end programming language.

The specific back-end programming languages recommended were:

1. **Ruby**
2. **Python**
3. **PHP**

These were mentioned in the assistant's response: ""start learning a back-end programming language, such as Ruby, Python, or PHP.""",,
q462,IE,ok,True,"I was looking back at our previous conversation about Native American powwows and I was wondering, which traditional game did you say was often performed by skilled dancers at powwows?",Hoop Dance,"Based on the history chat, the traditional game that was described as being performed by skilled dancers at powwows is the **Hoop Dance**.

In the session where the assistant listed the traditional games played during Native American powwows, it stated: ""Hoop Dance - This traditional dance involves intricate movements with multiple hoops, and is often performed by skilled dancers at powwows.""",,
q463,IE,ok,True,I'm going back to our previous chat about the Lost Temple of the Djinn one-shot. Can you remind me how many mummies the party will face in the temple?,4,The party will face **4 mummies** in the Lost Temple of the Djinn one-shot.,,
q464,IE,ok,True,"I'm planning to go back to the Natural Park of Moncayo mountain in Aragón and I was wondering, what was the name of that hiking trail you recommended that takes you through the park's most stunning landscapes and offers panoramic views of the surrounding mountainside?",The GR-90 trail.,"Based on the history chat from Session 1, the hiking trail I recommended that takes you through the Natural Park of the Moncayo mountain's most stunning landscapes and offers panoramic views of the surrounding mountainside is the **GR-90**. 

This circular trail is approximately 36 kilometers long, takes 2-3 days to complete, and includes highlights such as the summit of Moncayo mountain and the Fuenfría waterfall.",,
q465,IE,ok,True,"I was going through our previous conversation about The Library of Babel, and I wanted to confirm - what did Borges say about the center and circumference of the Library?","According to Borges, 'The Library is a sphere whose exact center is any one of its hexagons and whose circumference is inaccessible.'","Based on the history chat from Session 1, Borges said that ""The Library is a sphere whose exact center is any one of its hexagons and whose circumference is inaccessible.""",,
q466,IE,ok,True,I'm going back to our previous conversation about the grant aim page on molecular subtypes and endometrial cancer. Can you remind me what were the three objectives we outlined for the project?,"The three objectives were: 1) to identify molecular subtypes of endometrial cancer, 2) to investigate their clinical and biological significance, and 3) to develop biomarkers for early detection and prognosis.","Based on the history chats, the three objectives outlined for the grant aim page on molecular subtypes and endometrial cancer are:

1. **To identify molecular subtypes of endometrial cancer** using a combination of genomic and transcriptomic approaches.
2. **To investigate the clinical and biological significance** of the identified molecular subtypes, including their association with patient outcomes and response to therapy.
3. **To develop biomarkers** for the early detection and prognosis of endometrial cancer based on the identified molecular subtypes.

These objectives are explicitly listed in the assistant's response in Session 1 (and repeated in Session 14), which directly addresses the user's request for the grant aim page.",,
q467,IE,ok,True,I was thinking about our previous conversation about data privacy and security. You mentioned that companies use two-factor authentication to enhance security. Can you remind me what kind of two-factor authentication methods you were referring to?,I mentioned biometric authentication or one-time passwords (OTP) as examples of two-factor authentication methods.,"Based on the history chats, the user asked about two-factor authentication in the context of data privacy and security. The relevant information comes from Session 10, Session 29, and Session 33, where the assistant discussed two-factor authentication methods.

**Step 1: Extract relevant information**

From Session 10 (Session 29/33 duplicate content):
- The assistant mentioned: ""Two-factor authentication: Requiring two-factor authentication, such as biometric authentication or one-time passwords (OTP), enhances security by ensuring that only authorized users can access sensitive data.""
- Later, the assistant also mentioned: ""many companies are implementing easier and more efficient security measures, such as fingerprint, facial recognition, or two-factor authentication, that simplify the process without sacrificing security.""

**Step 2: Reason over the information**

The user is asking specifically about the types of two-factor authentication methods mentioned in the previous conversation. The assistant explicitly mentioned:
1. Biometric authentication
2. One-time passwords (OTP)
3. Fingerprint recognition
4. Facial recognition

**Answer:**

In our previous conversation about data privacy and security, I mentioned that companies use two-factor authentication to enhance security. The specific methods I referred to were:

1. **Biometric authentication** – such as fingerprint recognition or facial recognition
2. **One-time passwords (OTP)** – a temporary code sent to a mobile device or generated by an authenticator app

These methods add an extra layer of security beyond just a password, helping to ensure that only authorized users can access sensitive data.",,
q468,IE,ok,True,I'm planning to visit the Vatican again and I was wondering if you could remind me of the name of that famous deli near the Vatican that serves the best cured meats and cheeses?,Roscioli,"Based on the history chat from Session 1 on 2023-05-26, the assistant recommended several restaurants near the Vatican, including: Pizzarium, La Locanda dei Girasoli, Roscioli, and Caffè Vaticano. Specifically, the assistant described Roscioli as ""a famous deli that serves the best cured meats, cheeses, and traditional Roman cuisine.""

The user is asking for the name of that famous deli near the Vatican that serves the best cured meats and cheeses. The relevant information directly answers this: the deli is **Roscioli**.",,
q469,IE,ok,True,I'm going back to our previous conversation about DIY home decor projects using recycled materials. Can you remind me what sealant you recommended for the newspaper flower vase?,Mod Podge or another sealant,"Based on the history chats, I can extract the following relevant information:

**Relevant Information:**
- In Session 10 (2023-05-20), the user asked for DIY home decor projects using recycled materials.
- The assistant suggested five projects, including the ""Newspaper Flower Vase.""
- The assistant's description of the Newspaper Flower Vase project was: ""Roll up strips of newspaper to create a sturdy base, then weave them together to make a vase. Seal the vase with Mod Podge or another sealant to make it water-resistant.""

**Reasoning:**
The user is asking specifically about the sealant recommended for the newspaper flower vase. In the assistant's response from Session 10, the assistant explicitly mentioned ""Mod Podge"" as the sealant, with ""or another sealant"" as an alternative. The primary and specific recommendation given was Mod Podge.

**Answer:**
The assistant recommended using **Mod Podge** to seal the newspaper flower vase, noting that it would make the vase water-resistant.",,
q470,IE,ok,True,"I'm planning my trip to Speyer again and I wanted to confirm, what's the phone number of the Speyer tourism board that you provided me earlier?",+49 (0) 62 32 / 14 23 - 0,"Based on the provided history chats, I can extract the following relevant information:

**Relevant Information:**
- In Session 1 (dated 2023-05-29), the user asked for the contact details of the local tourism board of Speyer.
- The assistant responded with the following details:
  - **Speyer Tourismus Marketing GmbH**
  - Maximilianstraße 13, 67346 Speyer
  - **Phone: +49 (0) 62 32 / 14 23 - 0**
  - Email: info@speyer.de
  - Website: https://www.speyer.de/

**Reasoning:**
The user is now asking to confirm the phone number of the Speyer tourism board that was provided earlier. The only instance where this information was provided is in Session 1, turn 3. The phone number listed there is **+49 (0) 62 32 / 14 23 - 0**.

**Answer:**
The phone number for the Speyer tourism board (Speyer Tourismus Marketing GmbH) is **+49 (0) 62 32 / 14 23 - 0**.",,
q471,IE,ok,True,I was going through our previous chat and I wanted to clarify something about the prayer of beginners in Tanqueray's Spiritual Life treatise. Can you remind me which chapter of the second part discusses vocal prayer and meditation?,"Chapter 4 of Book 1, titled 'Vocal Prayer and Meditation'.","Based on the provided history chats, the relevant information is found in Session 1.

- In Session 1, the assistant states: ""The chapter in the second part of Adolphe Tanqueray's Spiritual Life treatise where he talks about the prayer of beginners is Chapter 4 of Book 1, titled 'Vocal Prayer and Meditation.'""

Therefore, the chapter of the second part that discusses vocal prayer and meditation is **Chapter 4 of Book 1**.",,
q472,IE,ok,True,I was going through our previous conversation about the impact of the political climate in Catalonia on its literature and music. Can you remind me of the example you gave of a Spanish-Catalan singer-songwriter who supports unity between Catalonia and Spain?,Manolo García,"Based on the history chat, the example given of a Spanish-Catalan singer-songwriter who supports unity between Catalonia and Spain is **Manolo García**.",,
q473,IE,ok,True,I remember you provided a list of 100 prompt parameters that I can specify to influence your output. Can you remind me what was the 27th parameter on that list?,"The 27th parameter was 'Sound effects (e.g., ambient, diegetic, non-diegetic, etc.)'.","Based on the chat history, the 27th parameter on the list of 100 prompt parameters was:

**27. Sound effects (e.g., ambient, diegetic, non-diegetic, etc.)**

This is confirmed in the assistant's response in Session 2 (evidence_id=ev_turn:session_14:session_14_turn_1), where the list was provided sequentially, with item 27 being ""Sound effects.""",,
q474,IE,ok,True,I'm looking back at our previous conversation about building a cocktail bar. You recommended five bottles to make the widest variety of gin-based cocktails. Can you remind me what the fifth bottle was?,Absinthe,"Based on the relevant chat history from Session 1 (dated 2023-05-23), the assistant recommended five bottles for making the widest variety of gin-based cocktails:

1. Sweet Vermouth
2. Dry Vermouth
3. Campari
4. Elderflower Liqueur
5. **Absinthe**

Therefore, the fifth bottle recommended was **Absinthe**.",,
q475,IE,ok,True,"I wanted to follow up on our previous conversation about mindfulness techniques. You mentioned some great resources for guided imagery exercises, can you remind me of the website that had free exercises like 'The Mountain Meditation' and 'The Body Scan Meditation'?",Mindful.org.,"Based on the history chats, I can extract the following relevant information:

- In Session 1 (2023-05-25), the user asked for guided imagery exercise recommendations.
- The assistant responded with a list of resources, including: Headspace app, Mindful.org, UCLA Mindful Awareness Research Center, Mindfulness Exercises, and YouTube.
- Specifically, the assistant mentioned that **Mindful.org** includes free guided imagery exercises such as ""The Mountain Meditation"" and ""The Body Scan Meditation.""

Therefore, the website the user is asking about is **Mindful.org**.",,
q476,IE,ok,True,"I'm looking back at our previous chess game and I was wondering, what was the move you made after 27. Kg2 Bd5+?",28. Kg3,"Based on the history chats, after 27. Kg2 Bd5+, the assistant (playing White) responded with **28. Kg3**. 

Then, after Black played 28... Be6, the assistant's next move (White's 29th move) was **29. Rd3**.",,
q477,IE,ok,True,"I was going through our previous conversation about atmospheric correction methods, and I wanted to confirm - you mentioned that 6S, MAJA, and Sen2Cor are all algorithms for atmospheric correction of remote sensing images. Can you remind me which one is implemented in the SIAC_GEE tool?",The 6S algorithm is implemented in the SIAC_GEE tool.,"Based on the provided history chats, I can extract the following relevant information:

**Step 1: Extract relevant information**

- In Session 1, the user asked about the difference between SIAC_GEE and Sen2Cor.
- The assistant responded that SIAC_GEE uses the 6S radiative transfer model for atmospheric correction.
- Later in the same session, the user asked to compare 6S, MAJA, and Sen2Cor.
- The assistant's response (which was also echoed by the user) explicitly stated: ""6S (Second Simulation of a Satellite Signal in the Solar Spectrum) algorithm... is implemented in the SIAC\_GEE (Sentinel-2 Image Atmospheric Correction in Google Earth Engine) tool.""

**Step 2: Reason over the information**

The question asks which of the three algorithms (6S, MAJA, Sen2Cor) is implemented in the SIAC_GEE tool. The evidence clearly and directly states that 6S is the algorithm implemented in SIAC_GEE.

**Answer:**

The algorithm implemented in the SIAC_GEE tool is **6S** (Second Simulation of a Satellite Signal in the Solar Spectrum).",,
q478,IE,ok,True,"I'm planning another trip to New York City and I was wondering if you could remind me of that vegan eatery you recommended last time, the one with multiple locations throughout the city?",By Chloe,"Based on the history chats, I can identify the vegan eatery you're asking about.

**Relevant Information:**
- In Session 1 (2023-05-25), you asked for vegan or vegetarian recommendations in New York City.
- The assistant recommended several options, including **By Chloe**, which was described as ""a popular plant-based eatery with multiple locations throughout the city.""

**Answer:**
The vegan eatery with multiple locations throughout New York City that was recommended to you is **By Chloe**. It offers vegan burgers, salads, pastas, and baked goods.",,
q479,IE,ok,True,I wanted to follow up on our previous conversation about the fusion breakthrough at Lawrence Livermore National Laboratory. Can you remind me who is the President's Chief Advisor for Science and Technology mentioned in the article?,Dr. Arati Prabhakar,"Based on the history chat from Session 1 (2023-05-26), the article mentions that **Dr. Arati Prabhakar** is the President’s Chief Advisor for Science and Technology and Director of the White House Office of Science and Technology Policy.",,
q480,IE,ok,True,"I was going through our previous conversation about political propaganda and humor, and I was wondering if you could remind me of that Soviet cartoon you mentioned that mocked Western culture?","Nu, pogodi!","Based on the relevant chat history, the Soviet cartoon mentioned was **""Nu, pogodi!""** 

This cartoon was cited as an example of Soviet propaganda that used humor and satire to mock Western culture while portraying the Soviet Union as superior.",,
q481,IE,ok,True,"I wanted to follow up on our previous conversation about natural remedies for dark circles under the eyes. You mentioned applying tomato juice mixed with lemon juice, how long did you say I should leave it on for?",10 minutes,"Based on the history chat from May 28, 2023, you asked about natural remedies for dark circles under the eyes, and the assistant provided a list of 10 remedies. In that list, remedy #3 states:

> ""Tomato - Apply tomato juice mixed with lemon juice on your under-eye area and **wash off after 10 minutes** with cold water for lightening dark circles.""

So, you should leave the tomato juice and lemon juice mixture on for **10 minutes** before washing it off with cold water.",,
q482,IE,ok,True,Can you remind me what was the average improvement in framerate when using the Hardware-Aware Modular Training (HAMT) agent in the 'To Adapt or Not to Adapt? Real-Time Adaptation for Semantic Segmentation' submission?,The average improvement in framerate was approximately 20% when using the Hardware-Aware Modular Training (HAMT) agent.,"Based on the history chat in Session 2, the assistant stated that the proposed HAMLET framework achieved an average improvement in framerate of approximately **20%** when using the Hardware-Aware Modular Training (HAMT) agent.",,
q483,IE,ok,True,"I wanted to follow up on our previous conversation about language learning apps. You mentioned a few options, and I was wondering if you could remind me of the one that uses mnemonics to help learners memorize words and phrases?",Memrise,"Based on the history chats, in Session 1 (2023-05-25), you asked for language app recommendations. The assistant provided a list of five apps, including:

- **Memrise** - which was described as using ""mnemonics to help learners memorize words, phrases, and grammatical concepts.""

Therefore, the app that uses mnemonics is **Memrise**.",,
q484,IE,ok,True,I'm looking back at our previous chat about the DHL Wellness Retreats campaign. Can you remind me how much was allocated for influencer marketing in the campaign plan?,"$2,000","Based on the history chat in Session 1, the influencer marketing campaign plan for the DHL Wellness Retreats explicitly allocated a budget of **$2,000** for influencer marketing.",,
q485,IE,ok,True,"I wanted to follow up on our previous conversation about private sector businesses in Chaudhary. Can you remind me of the company that employs over 40,000 people in the rug-manufacturing industry?",Jaipur Rugs,"Based on the history chats, the company that employs over 40,000 people in the rug-manufacturing industry is **Jaipur Rugs**.",,
q486,IE,ok,True,I'm looking back at our previous conversation about the Bajimaya v Reward Homes Pty Ltd case. Can you remind me what year the construction of the house began?,2014.,"Based on the relevant chat history from Session 1, the construction of the house in the Bajimaya v Reward Homes Pty Ltd case began in **2014**.",,
q487,IE,ok,True,I wanted to follow up on our previous conversation about YouTube videos for workplace posture. Can you remind me of the Mayo Clinic video you recommended?,The video is 'How to Sit Properly at a Desk to Avoid Back Pain' and the link is https://www.youtube.com/watch?v=UfOvNlX9Hh0.,"Based on the history chats, I can extract the following relevant information:

**Relevant Information:**
- In Session 1 (2023-05-23), the user asked for YouTube videos about workplace posture to share with staff.
- The assistant recommended four videos, including:
  1. **""How to Sit Properly at a Desk to Avoid Back Pain"" by the Mayo Clinic**: <https://www.youtube.com/watch?v=UfOvNlX9Hh0>
  2. ""5 Tips for Better Posture at Your Desk"" by Harvard Health Publishing
  3. ""Office Ergonomics - Computer Workstation Ergonomics"" by Ohio State University Wexner Medical Center
  4. ""10 Easy Ways to Improve Your Posture at Work"" by Healthline

**Reasoning:**
The user is asking specifically about the Mayo Clinic video from that previous conversation. The Mayo Clinic video recommended was titled ""How to Sit Properly at a Desk to Avoid Back Pain"" with the URL <https://www.youtube.com/watch?v=UfOvNlX9Hh0>.

**Answer:**
The Mayo Clinic video I recommended was **""How to Sit Properly at a Desk to Avoid Back Pain""**, which you can find at this link: <https://www.youtube.com/watch?v=UfOvNlX9Hh0>. It offers clear demonstrations on proper sitting posture to help avoid back pain while working at a desk.",,
q488,IE,ok,True,"I was going through our previous chat and I was wondering, what was Andy wearing in the script you wrote for the comedy movie scene?","Andy was wearing an untidy, stained white shirt.","Based on the history chat from Session 1, Andy wears an untidy, stained white shirt.",,
q489,IE,ok,True,"I was looking back at our previous chat and I wanted to confirm, how many times did the Chiefs play the Jaguars at Arrowhead Stadium?",The Chiefs played the Jaguars 12 times at Arrowhead Stadium.,"Based on the relevant chat history from Session 1 (dated 2023-05-28), the user asked about the Chiefs-Jaguars games at Arrowhead Stadium.

**Step 1: Extract relevant information**

From Session 1:
- The assistant stated: ""Of the 23 games played between the Kansas City Chiefs and the Jacksonville Jaguars, 12 games were played at Arrowhead Stadium in Kansas City, Missouri, which is the home stadium of the Kansas City Chiefs.""
- This was repeated in the evidence metadata: ""Chiefs vs Jaguars at Arrowhead Stadium: Chiefs won 10, Jaguars won 2 (regular season, as of 2021)"" and ""Of 23 Chiefs-Jaguars games, 12 played at Arrowhead Stadium in Kansas City, 11 at TIAA Bank Field in Jacksonville.""

**Step 2: Reason over the information**

The question asks specifically: ""how many times did the Chiefs play the Jaguars at Arrowhead Stadium?""

The evidence clearly states that **12 games** were played at Arrowhead Stadium between the Chiefs and Jaguars (regular season, as of 2021).

**Answer:** The Chiefs played the Jaguars **12 times** at Arrowhead Stadium.",,
q490,IE,ok,True,"I was thinking back to our previous conversation about the Radiation Amplified zombie, and I was wondering if you remembered what we finally decided to name it?",Fissionator.,"Based on our previous conversation, we decided to name the Radiation Amplified zombie the **Fissionator**. 

You specifically chose this name from the list I provided, noting that you thought it was ""a REALLY cool one,"" especially given the idea of the host being infected while wearing protective clothing, which gives the name a fitting mechanical and clunky feel.",,
q491,IE,ok,True,I was looking back at our previous conversation about buying unique engagement rings directly from designers. Can you remind me of the Instagram handle of the UK-based designer who works with unusual gemstones?,@jessica_poole_jewellery,"Based on the relevant chat history from Session 1 (dated 2023-05-27), the UK-based designer who works with unusual gemstones is Jessica Poole, and her Instagram handle is **@jessica_poole_jewellery**.",,
q492,IE,ok,True,I'm trying to recall what the designation on my jumpsuit was that helped me find the file number in the records room?,The designation on your jumpsuit was 'LIV'.,"Based on the history chats, the designation on your jumpsuit was **""LIV""** with a square around it. This was the Roman numeral for 54, which led you to search for file number 54 in the records room.",,
q493,IE,ok,True,I'm going back to our previous conversation about music theory. You mentioned some online resources for learning music theory. Can you remind me of the website you recommended for free lessons and exercises?,MusicTheory.net,"Based on the previous conversation about music theory, the website I recommended for free lessons and exercises is **MusicTheory.net**.",,
q494,IE,ok,True,"I'm looking back at our previous conversation about the Seco de Cordero recipe from Ancash. You mentioned using a light or medium-bodied beer, but I was wondering if you could remind me what type of beer you specifically recommended?",I recommended using a Pilsner or Lager for the recipe.,"Based on our previous conversation about the Seco de Cordero recipe, I specifically recommended using a **pilsner or lager** as a light or medium-bodied beer option. You then confirmed that you planned to try the recipe with a **Pilsner**.",,
q495,IE,ok,True,I wanted to follow up on our previous conversation about fracking in the Marcellus Shale region. You mentioned that some states require fracking companies to monitor groundwater quality at nearby wells before drilling and for a certain period after drilling is complete. Can you remind me which state you mentioned as an example that has this requirement?,Pennsylvania,"Based on the history chats, the state mentioned as an example that requires fracking companies to monitor groundwater quality at nearby wells before drilling and for a certain period after drilling is complete is **Pennsylvania**.

This information appears in Session 1, where the assistant stated: ""For example, Pennsylvania requires fracking companies to monitor groundwater quality at nearby wells before drilling and for a certain period after drilling is complete."" Additionally, in the same session, it was noted that Pennsylvania requires operators to submit pre-drilling water quality test reports to the state's Department of Environmental Protection.",,
q496,IE,ok,True,I'm looking back at our previous conversation where you created two sad songs for me. Can you remind me what was the chord progression for the chorus in the second song?,C D E F G A B A G F E D C,"Based on the history chats, the user asked for a sad song and then requested a more romantic and heart-felt song. The second song (the romantic one) was provided in Session 6 and Session 12.

The chord progression for the chorus of the second song (the romantic one) is:

**C D E F G A B A G F E D C**",,
q497,IE,ok,True,"I was looking back at our previous conversation about environmentally responsible supply chain practices, and I was wondering if you could remind me of the company you mentioned that's doing a great job with sustainability?",Patagonia,"Based on our previous conversation, the company I mentioned that is doing a great job with sustainability in its supply chain is **Patagonia**.

Patagonia, an outdoor clothing and gear company, is known for its commitment to sustainability and environmental responsibility throughout its supply chain. Some of the environmentally responsible practices they have implemented include sustainable sourcing (using organic cotton and recycled polyester), green transportation (encouraging sea shipping over air), packaging optimization (using recycled materials), waste reduction (through take-back programs and circular business models), and strict compliance with environmental regulations.",,
q498,IE,ok,True,"I was going through our previous conversation about high-end fashion brands, and I was wondering if you could remind me of the brand that uses wild rubber sourced from the Amazon rainforest?",Veja,"Based on the history chat from Session 1 (dated 2023-05-29), the assistant mentioned that **Veja** is the French high-end fashion brand that produces eco-friendly sneakers using organic cotton, recycled plastic bottles, and wild rubber sourced from the Amazon rainforest.

Therefore, the brand you are asking about is **Veja**.",,
q499,IE,ok,True,I remember you told me to dilute tea tree oil with a carrier oil before applying it to my skin. Can you remind me what the recommended ratio is?,"The recommended ratio is 1:10, meaning one part tea tree oil to ten parts carrier oil.","Based on the history chat, the recommended ratio for diluting tea tree oil with a carrier oil before applying it to the skin or scalp is **1:10** (one part tea tree oil to ten parts carrier oil).",,
q500,IE,ok,True,"I was looking back at our previous conversation about Caribbean dishes and I was wondering, what was the name of that Jamaican dish you recommended I try with snapper that has fruit in it?",Grilled Snapper with Mango Salsa,"Based on the conversation history, the Jamaican dish recommended to you that features snapper is **Escovitch Fish**.

However, it's important to note that this dish does not contain fruit. According to the assistant's description, Escovitch Fish is ""a combination of crispy fried snapper topped with a spicy and tangy pickled vegetable sauce, usually made with carrots, onion, bell peppers, and vinegar.""

The only dish mentioned in the conversation that features snapper with fruit is **Grilled Snapper with Mango Salsa**, which was listed among popular Caribbean dishes but was not specifically recommended by the assistant as the dish to try first.",,
